{
  "experiment_name": "agreement_number",
  "timestamp": "2026-02-17T19:44:54.011347",
  "parameters": {
    "n": 50000,
    "k": 100,
    "p": 0.05,
    "beta": 0.05,
    "rounds": 10,
    "n_seeds": 5,
    "p600_settling_rounds": 10,
    "consolidation_passes": 1
  },
  "metrics": {
    "verb_gram": {
      "mean": 0.010852261696757914,
      "std": 0.006406302391146857,
      "sem": 0.002864985526204764,
      "ci95_lo": 0.005236890065396577,
      "ci95_hi": 0.01646763332811925,
      "min": 0.004950495049504955,
      "max": 0.019704911667637354,
      "n": 5
    },
    "verb_agree": {
      "mean": 0.009842748980780431,
      "std": 0.011527189402306178,
      "sem": 0.005155115818614357,
      "ci95_lo": -0.0002612780237037076,
      "ci95_hi": 0.01994677598526457,
      "min": 0.0,
      "max": 0.024558338186759843,
      "n": 5
    },
    "verb_agree_vs_gram": {
      "test": {
        "t": -0.35093104334155195,
        "p": 0.7433432101753145,
        "d": -0.15694113366532703,
        "significant": "False"
      },
      "agree_higher": "False"
    },
    "verb_per_area_ROLE_AGENT": {
      "agree": 0.00394098233352747,
      "gram": 0.004931081343428461,
      "test": {
        "t": -1.0,
        "p": 0.373900966300059,
        "d": -0.44721359549995787,
        "significant": "False"
      },
      "direction": "gram>agree"
    },
    "verb_per_area_ROLE_PATIENT": {
      "agree": 0.001980198019801982,
      "gram": 0.001980198019801982,
      "test": {
        "t": 0.0,
        "p": 1.0,
        "d": 0.0,
        "significant": "False"
      },
      "direction": "gram>agree"
    },
    "verb_per_area_VP": {
      "agree": 0.004911667637351969,
      "gram": 0.00394098233352747,
      "test": {
        "t": 1.0000000000000002,
        "p": 0.3739009663000589,
        "d": 0.44721359549995804,
        "significant": "False"
      },
      "direction": "agree>gram"
    },
    "obj_gram": {
      "mean": 0.04257041197066798,
      "std": 0.03230223513040997,
      "sem": 0.014445998715355696,
      "ci95_lo": 0.014256254488570815,
      "ci95_hi": 0.07088456945276514,
      "min": 0.019657791021820636,
      "max": 0.09891283245971663,
      "n": 5
    },
    "obj_agree": {
      "mean": 0.026629428418982037,
      "std": 0.01478775228433013,
      "sem": 0.006613283868437994,
      "ci95_lo": 0.01366739203684357,
      "ci95_hi": 0.0395914648011205,
      "min": 0.012327703358571154,
      "max": 0.04998847878190789,
      "n": 5
    },
    "obj_cat": {
      "mean": 0.00788196466705494,
      "std": 0.008929091356115297,
      "sem": 0.003993211049915917,
      "ci95_lo": 5.527100921974386e-05,
      "ci95_hi": 0.015708658324890136,
      "min": 0.0,
      "max": 0.019607843137254888,
      "n": 5
    },
    "obj_agree_vs_gram": {
      "test": {
        "t": -0.987423346812869,
        "p": 0.37933444840320796,
        "d": -0.4415891452087851,
        "significant": "False"
      },
      "direction": "LOWER"
    },
    "obj_cat_vs_gram": {
      "test": {
        "t": -2.705448158946171,
        "p": 0.053790015010786736,
        "d": -1.209913198601059,
        "significant": "False"
      },
      "direction": "LOWER"
    },
    "obj_cat_vs_agree": {
      "test": {
        "t": -2.690843013854604,
        "p": 0.054610274734878006,
        "d": -1.2033815791518605,
        "significant": "False"
      },
      "direction": "LOWER"
    },
    "ordering_correct": false,
    "obj_per_area_ROLE_AGENT": {
      "agree": 0.020100609732329917,
      "gram": 0.020100609732329917,
      "test": {
        "t": 0.0,
        "p": 1.0,
        "d": 0.0,
        "significant": false
      },
      "direction": "gram>agree"
    },
    "obj_per_area_ROLE_PATIENT": {
      "agree": 0.000990099009900991,
      "gram": 0.001980198019801982,
      "test": {
        "t": -1.0,
        "p": 0.373900966300059,
        "d": -0.44721359549995787,
        "significant": "False"
      },
      "direction": "gram>agree"
    },
    "obj_per_area_VP": {
      "agree": 0.01772471364783537,
      "gram": 0.04026907193640773,
      "test": {
        "t": -1.5702624624638801,
        "p": 0.1914430745729735,
        "d": -0.7022427217170896,
        "significant": "False"
      },
      "direction": "gram>agree"
    },
    "n400_verb_agree_vs_gram": {
      "test": {
        "t": 82.99075595057364,
        "p": 1.2636072626374455e-07,
        "d": 37.11459436191557,
        "significant": "True"
      }
    },
    "n400_obj_agree_vs_gram": {
      "test": {
        "t": 95.91144325046571,
        "p": 7.085244979135793e-08,
        "d": 42.89290138563094,
        "significant": "True"
      }
    },
    "verb_position_success": false,
    "object_ordering_success": false
  },
  "raw_data": {},
  "success": true,
  "error_message": null,
  "duration_seconds": 255.98428179998882
}