{
  "experiment_name": "agreement_number",
  "timestamp": "2026-02-21T20:37:59.747749",
  "parameters": {
    "n": 50000,
    "k": 150,
    "p": 0.05,
    "beta": 0.05,
    "rounds": 10,
    "n_seeds": 5,
    "p600_settling_rounds": 10,
    "consolidation_passes": 1
  },
  "metrics": {
    "verb_gram": {
      "mean": 0.028321957755545045,
      "std": 0.01830490778312015,
      "sem": 0.008186203624984326,
      "ci95_lo": 0.012276998650575768,
      "ci95_hi": 0.04436691686051432,
      "min": 0.0,
      "max": 0.04174289382112134,
      "n": 5
    },
    "verb_agree": {
      "mean": 0.017913870089706168,
      "std": 0.01275598932905535,
      "sem": 0.005704651852005939,
      "ci95_lo": 0.006732752459774529,
      "ci95_hi": 0.029094987719637807,
      "min": 0.0,
      "max": 0.029413451111931804,
      "n": 5
    },
    "verb_agree_vs_gram": {
      "test": {
        "t": -3.6050960243311327,
        "p": 0.02265517090506058,
        "d": -1.6122479551637297,
        "significant": "True"
      },
      "agree_higher": "False"
    },
    "verb_per_area_ROLE_AGENT": {
      "agree": 0.01888990532778188,
      "gram": 0.028321957755545045,
      "test": {
        "t": -3.372818906669841,
        "p": 0.027970634692487555,
        "d": -1.5083704702220566,
        "significant": "True"
      },
      "direction": "gram>agree"
    },
    "verb_per_area_ROLE_PATIENT": {
      "agree": 0.0006622516556291369,
      "gram": 0.0,
      "test": {
        "t": 1.0,
        "p": 0.373900966300059,
        "d": 0.44721359549995787,
        "significant": "False"
      },
      "direction": "agree>gram"
    },
    "verb_per_area_VP": {
      "agree": 0.0006622516556291369,
      "gram": 0.0,
      "test": {
        "t": 1.0,
        "p": 0.373900966300059,
        "d": 0.447213595499958,
        "significant": "False"
      },
      "direction": "agree>gram"
    },
    "obj_gram": {
      "mean": 0.02950309909898652,
      "std": 0.016364915271340097,
      "sem": 0.007318612598548174,
      "ci95_lo": 0.015158618405832098,
      "ci95_hi": 0.04384757979214094,
      "min": 0.006578947368421045,
      "max": 0.051516264344500476,
      "n": 5
    },
    "obj_agree": {
      "mean": 0.028171109669134664,
      "std": 0.014371580878364484,
      "sem": 0.006427166357631824,
      "ci95_lo": 0.01557386360817629,
      "ci95_hi": 0.04076835573009304,
      "min": 0.0033112582781456845,
      "max": 0.038699250346667685,
      "n": 5
    },
    "obj_cat": {
      "mean": 0.028404979510440083,
      "std": 0.017196286843236607,
      "sem": 0.007690413268412464,
      "ci95_lo": 0.013331769504351653,
      "ci95_hi": 0.043478189516528515,
      "min": 0.0,
      "max": 0.0447710398074406,
      "n": 5
    },
    "obj_agree_vs_gram": {
      "test": {
        "t": -0.37205054741495797,
        "p": 0.7287270050468269,
        "d": -0.16638606301717093,
        "significant": "False"
      },
      "direction": "LOWER"
    },
    "obj_cat_vs_gram": {
      "test": {
        "t": -0.2684186555279248,
        "p": 0.8016516879863003,
        "d": -0.12004047203790791,
        "significant": "False"
      },
      "direction": "LOWER"
    },
    "obj_cat_vs_agree": {
      "test": {
        "t": 0.06270579899439577,
        "p": 0.9530091360762895,
        "d": 0.028042885826981376,
        "significant": "False"
      },
      "direction": "HIGHER"
    },
    "ordering_correct": false,
    "obj_per_area_ROLE_AGENT": {
      "agree": 0.030270062652714737,
      "gram": 0.031014520996347494,
      "test": {
        "t": -0.38579521548171886,
        "p": 0.7192885179881282,
        "d": -0.1725328654422605,
        "significant": "False"
      },
      "direction": "gram>agree"
    },
    "obj_per_area_ROLE_PATIENT": {
      "agree": 0.0,
      "gram": 0.0013245033112582738,
      "test": {
        "t": -1.632993161855452,
        "p": 0.17780780835622126,
        "d": -0.7302967433402215,
        "significant": "False"
      },
      "direction": "gram>agree"
    },
    "obj_per_area_VP": {
      "agree": 0.008591843848030651,
      "gram": 0.00985602929660091,
      "test": {
        "t": -1.6134029248918684,
        "p": 0.18195443807442138,
        "d": -0.7215357230310412,
        "significant": "False"
      },
      "direction": "gram>agree"
    },
    "margin_verb_gram_vs_agree": {
      "test": {
        "t": -0.5829781697724484,
        "p": 0.5911932189193891,
        "d": -0.26071576340192154,
        "significant": "False"
      },
      "gram_mean": 77.19581470489501,
      "agree_mean": 80.3450698852539,
      "gram_higher": false
    },
    "margin_obj_ordering": false,
    "vp_dist_verb": {
      "mean": 0.0006622516556291369,
      "std": 0.0014808397201985313,
      "sem": 0.0006622516556291368,
      "ci95_lo": -0.0006357615894039713,
      "ci95_hi": 0.001960264900662245,
      "min": 0.0,
      "max": 0.0033112582781456845,
      "n": 5
    },
    "vp_dist_obj_agree": {
      "mean": 0.007920878354827448,
      "std": 0.006830670504233752,
      "sem": 0.0030547687158738865,
      "ci95_lo": 0.0019335316717146306,
      "ci95_hi": 0.013908225037940265,
      "min": 0.0,
      "max": 0.016469153014987775,
      "n": 5
    },
    "vp_dist_obj_cat": {
      "mean": 0.005951551063088168,
      "std": 0.004307360178603813,
      "sem": 0.001926310032586752,
      "ci95_lo": 0.002175983399218134,
      "ci95_hi": 0.009727118726958202,
      "min": 0.0,
      "max": 0.009933774834437054,
      "n": 5
    },
    "vp_dist_cat_vs_agree": {
      "test": {
        "t": -0.8803977270668369,
        "p": 0.4283622455864324,
        "d": -0.39372583299155084,
        "significant": "False"
      },
      "cat_higher": false
    },
    "n400_verb_agree_vs_gram": {
      "test": {
        "t": 72.20726597856529,
        "p": 2.2043093575969996e-07,
        "d": 32.292071039495966,
        "significant": "True"
      }
    },
    "n400_obj_agree_vs_gram": {
      "test": {
        "t": 62.079692053916325,
        "p": 4.03275781648049e-07,
        "d": 27.762882290962086,
        "significant": "True"
      }
    },
    "verb_inst_success": false,
    "verb_margin_success": false,
    "object_ordering_success": false
  },
  "raw_data": {},
  "success": true,
  "error_message": null,
  "duration_seconds": 289136.39199479995
}