{
  "experiment_name": "agreement_number",
  "timestamp": "2026-02-18T01:05:03.314152",
  "parameters": {
    "n": 50000,
    "k": 100,
    "p": 0.05,
    "beta": 0.05,
    "rounds": 10,
    "n_seeds": 5,
    "p600_settling_rounds": 5,
    "consolidation_passes": 1
  },
  "metrics": {
    "verb_gram": {
      "mean": 0.014832071442438371,
      "std": 0.010478771528145645,
      "sem": 0.004686249091524602,
      "ci95_lo": 0.0056470232230501505,
      "ci95_hi": 0.02401711966182659,
      "min": 0.0,
      "max": 0.024752475247524774,
      "n": 5
    },
    "verb_agree": {
      "mean": 0.014851485148514865,
      "std": 0.017502643098676933,
      "sem": 0.007827419950911836,
      "ci95_lo": -0.0004902579552723326,
      "ci95_hi": 0.030193228252302064,
      "min": 0.0,
      "max": 0.044554455445544594,
      "n": 5
    },
    "verb_agree_vs_gram": {
      "test": {
        "t": 0.003208227719770112,
        "p": 0.9975938343697532,
        "d": 0.0014347630537410233,
        "significant": "False"
      },
      "agree_higher": "True"
    },
    "verb_per_area_ROLE_AGENT": {
      "agree": 0.000990099009900991,
      "gram": 0.005921180353329452,
      "test": {
        "t": -1.2922653191555067,
        "p": 0.265865897899489,
        "d": -0.5779186197194348,
        "significant": "False"
      },
      "direction": "gram>agree"
    },
    "verb_per_area_ROLE_PATIENT": {
      "agree": 0.000990099009900991,
      "gram": 0.005940594059405946,
      "test": {
        "t": -3.162277660168379,
        "p": 0.034109423167409635,
        "d": -1.4142135623730951,
        "significant": "True"
      },
      "direction": "gram>agree"
    },
    "verb_per_area_VP": {
      "agree": 0.012871287128712883,
      "gram": 0.004950495049504955,
      "test": {
        "t": 1.725324371255015,
        "p": 0.15955285269839375,
        "d": 0.7715885154726595,
        "significant": "False"
      },
      "direction": "agree>gram"
    },
    "obj_gram": {
      "mean": 0.026895769732112197,
      "std": 0.01266889807403959,
      "sem": 0.005665703458713737,
      "ci95_lo": 0.01579099095303327,
      "ci95_hi": 0.038000548511191126,
      "min": 0.014851485148514865,
      "max": 0.04408297972654411,
      "n": 5
    },
    "obj_agree": {
      "mean": 0.01908921984635439,
      "std": 0.012490256770698044,
      "sem": 0.005585812639141565,
      "ci95_lo": 0.008141027073636923,
      "ci95_hi": 0.030037412619071856,
      "min": 0.009803921568627444,
      "max": 0.04108772221759992,
      "n": 5
    },
    "obj_cat": {
      "mean": 0.011861774412735398,
      "std": 0.010235184966980561,
      "sem": 0.0045773138696904945,
      "ci95_lo": 0.002890239228142029,
      "ci95_hi": 0.020833309597328768,
      "min": 0.0,
      "max": 0.02465540671714231,
      "n": 5
    },
    "obj_agree_vs_gram": {
      "test": {
        "t": -1.3348112632452716,
        "p": 0.2528465326855368,
        "d": -0.5969457443497588,
        "significant": "False"
      },
      "direction": "LOWER"
    },
    "obj_cat_vs_gram": {
      "test": {
        "t": -6.073302029086688,
        "p": 0.003713363617199455,
        "d": -2.7160632369850477,
        "significant": "True"
      },
      "direction": "LOWER"
    },
    "obj_cat_vs_agree": {
      "test": {
        "t": -1.8599956929951469,
        "p": 0.13640113204060422,
        "d": -0.8318153614787958,
        "significant": "False"
      },
      "direction": "LOWER"
    },
    "ordering_correct": false,
    "obj_per_area_ROLE_AGENT": {
      "agree": 0.008702887095432233,
      "gram": 0.008702887095432233,
      "test": {
        "t": 0.0,
        "p": 1.0,
        "d": 0.0,
        "significant": false
      },
      "direction": "gram>agree"
    },
    "obj_per_area_ROLE_PATIENT": {
      "agree": 0.005940594059405946,
      "gram": 0.005940594059405946,
      "test": {
        "t": 0.0,
        "p": 1.0,
        "d": 0.0,
        "significant": false
      },
      "direction": "gram>agree"
    },
    "obj_per_area_VP": {
      "agree": 0.009881576392933416,
      "gram": 0.021459932030694996,
      "test": {
        "t": -1.670052069216194,
        "p": 0.17023077528449337,
        "d": -0.7468699905463186,
        "significant": "False"
      },
      "direction": "gram>agree"
    },
    "margin_verb_gram_vs_agree": {
      "test": {
        "t": 1.444428571361335,
        "p": 0.22212118106470086,
        "d": 0.6459680948413702,
        "significant": "False"
      },
      "gram_mean": 61.58605537414551,
      "agree_mean": 45.83679752349853,
      "gram_higher": true
    },
    "margin_obj_ordering": false,
    "vp_dist_verb": {
      "mean": 0.006930693069306937,
      "std": 0.00828376263895125,
      "sem": 0.003704611274033608,
      "ci95_lo": -0.0003303450277989343,
      "ci95_hi": 0.014191731166412808,
      "min": 0.0,
      "max": 0.01980198019801982,
      "n": 5
    },
    "vp_dist_obj_agree": {
      "mean": 0.006930693069306937,
      "std": 0.0027114978094315177,
      "sem": 0.0012126186845461287,
      "ci95_lo": 0.004553960447596525,
      "ci95_hi": 0.009307425691017349,
      "min": 0.004950495049504955,
      "max": 0.00990099009900991,
      "n": 5
    },
    "vp_dist_obj_cat": {
      "mean": 0.015783343040186377,
      "std": 0.010105295567329942,
      "sem": 0.004519225564255411,
      "ci95_lo": 0.006925660934245773,
      "ci95_hi": 0.024641025146126982,
      "min": 0.0,
      "max": 0.02465540671714231,
      "n": 5
    },
    "vp_dist_cat_vs_agree": {
      "test": {
        "t": 2.0887346318546074,
        "p": 0.10498075611718892,
        "d": 0.9341105247569802,
        "significant": "False"
      },
      "cat_higher": true
    },
    "n400_verb_agree_vs_gram": {
      "test": {
        "t": 52.743867288515176,
        "p": 7.734341259275454e-07,
        "d": 23.58777453066949,
        "significant": "True"
      }
    },
    "n400_obj_agree_vs_gram": {
      "test": {
        "t": 135.15722866533864,
        "p": 1.7973624307253342e-08,
        "d": 60.44415018923607,
        "significant": "True"
      }
    },
    "verb_inst_success": true,
    "verb_margin_success": true,
    "object_ordering_success": false
  },
  "raw_data": {},
  "success": true,
  "error_message": null,
  "duration_seconds": 57.082322699949145
}