{
  "experiment_name": "agreement_number",
  "timestamp": "2026-02-18T12:19:07.733914",
  "parameters": {
    "n": 50000,
    "k": 100,
    "p": 0.05,
    "beta": 0.05,
    "rounds": 10,
    "n_seeds": 5,
    "p600_settling_rounds": 20,
    "consolidation_passes": 1
  },
  "metrics": {
    "verb_gram": {
      "mean": 0.01576392933410988,
      "std": 0.012709232762912375,
      "sem": 0.005683741679947907,
      "ci95_lo": 0.004623795641411984,
      "ci95_hi": 0.026904063026807777,
      "min": 0.0,
      "max": 0.03436225975538729,
      "n": 5
    },
    "verb_agree": {
      "mean": 0.0365365948359542,
      "std": 0.04449962768834325,
      "sem": 0.019900838496913466,
      "ci95_lo": -0.0024690486179961904,
      "ci95_hi": 0.07554223828990458,
      "min": 0.0,
      "max": 0.10891089108910901,
      "n": 5
    },
    "verb_agree_vs_gram": {
      "test": {
        "t": 1.022923982373566,
        "p": 0.364171580488982,
        "d": 0.4574655120804181,
        "significant": "False"
      },
      "agree_higher": "True"
    },
    "verb_per_area_ROLE_AGENT": {
      "agree": 0.0,
      "gram": 0.0,
      "test": {
        "t": 0.0,
        "p": 1.0,
        "d": 0.0,
        "significant": false
      },
      "direction": "gram>agree"
    },
    "verb_per_area_ROLE_PATIENT": {
      "agree": 0.0,
      "gram": 0.00394098233352747,
      "test": {
        "t": -1.3739759074708413,
        "p": 0.24141388447551176,
        "d": -0.6144607057103525,
        "significant": "False"
      },
      "direction": "gram>agree"
    },
    "verb_per_area_VP": {
      "agree": 0.0365365948359542,
      "gram": 0.011822947000582413,
      "test": {
        "t": 1.28896671638942,
        "p": 0.2669020165235556,
        "d": 0.5764434397162871,
        "significant": "False"
      },
      "direction": "agree>gram"
    },
    "obj_gram": {
      "mean": 0.03413204326708638,
      "std": 0.018931920245624827,
      "sem": 0.008466612122764325,
      "ci95_lo": 0.017537483506468304,
      "ci95_hi": 0.05072660302770446,
      "min": 0.00990099009900991,
      "max": 0.05873211535888026,
      "n": 5
    },
    "obj_agree": {
      "mean": 0.039363268137207794,
      "std": 0.03976084156209806,
      "sem": 0.017781588915090036,
      "ci95_lo": 0.004511353863631322,
      "ci95_hi": 0.07421518241078426,
      "min": 0.00990099009900991,
      "max": 0.10823706585392981,
      "n": 5
    },
    "obj_cat": {
      "mean": 0.030615414482624746,
      "std": 0.05208355798402685,
      "sem": 0.023292475232467188,
      "ci95_lo": -0.015037836973010942,
      "ci95_hi": 0.07626866593826043,
      "min": 0.0,
      "max": 0.12347117064647647,
      "n": 5
    },
    "obj_agree_vs_gram": {
      "test": {
        "t": 0.46799674255440543,
        "p": 0.6641484731195058,
        "d": 0.20929450592002383,
        "significant": "False"
      },
      "direction": "HIGHER"
    },
    "obj_cat_vs_gram": {
      "test": {
        "t": -0.19948833816285536,
        "p": 0.8516113559449087,
        "d": -0.08921389697012201,
        "significant": "False"
      },
      "direction": "LOWER"
    },
    "obj_cat_vs_agree": {
      "test": {
        "t": -1.2741311072387953,
        "p": 0.2716103459516614,
        "d": -0.5698087536066041,
        "significant": "False"
      },
      "direction": "LOWER"
    },
    "ordering_correct": false,
    "obj_per_area_ROLE_AGENT": {
      "agree": 0.0,
      "gram": 0.0,
      "test": {
        "t": 0.0,
        "p": 1.0,
        "d": 0.0,
        "significant": false
      },
      "direction": "gram>agree"
    },
    "obj_per_area_ROLE_PATIENT": {
      "agree": 0.006911279363230443,
      "gram": 0.006873017398827263,
      "test": {
        "t": 0.024919639557023296,
        "p": 0.981312687876899,
        "d": 0.011144401604859367,
        "significant": "False"
      },
      "direction": "agree>gram"
    },
    "obj_per_area_VP": {
      "agree": 0.03933443030196796,
      "gram": 0.03500116490873127,
      "test": {
        "t": 0.37611946907600413,
        "p": 0.7259267003861953,
        "d": 0.16820574010301503,
        "significant": "False"
      },
      "direction": "agree>gram"
    },
    "margin_verb_gram_vs_agree": {
      "test": {
        "t": 2.5629313159771323,
        "p": 0.062443989342394216,
        "d": 1.146177728837572,
        "significant": "False"
      },
      "gram_mean": 51.09299850463867,
      "agree_mean": 29.494570350646974,
      "gram_higher": true
    },
    "margin_obj_ordering": false,
    "vp_dist_verb": {
      "mean": 0.019608974032754502,
      "std": 0.018572657994688886,
      "sem": 0.008305945159795856,
      "ci95_lo": 0.0033293215195546247,
      "ci95_hi": 0.03588862654595438,
      "min": 0.0,
      "max": 0.043880630210365396,
      "n": 5
    },
    "vp_dist_obj_agree": {
      "mean": 0.00590176664725296,
      "std": 0.004095555851310227,
      "sem": 0.0018315882578353376,
      "ci95_lo": 0.002311853661895698,
      "ci95_hi": 0.00949167963261022,
      "min": 0.0,
      "max": 0.009803921568627444,
      "n": 5
    },
    "vp_dist_obj_cat": {
      "mean": 0.033183090966479235,
      "std": 0.01916676927911271,
      "sem": 0.00857163980343013,
      "ci95_lo": 0.01638267695175618,
      "ci95_hi": 0.04998350498120229,
      "min": 0.00990099009900991,
      "max": 0.058252427184465994,
      "n": 5
    },
    "vp_dist_cat_vs_agree": {
      "test": {
        "t": 3.3974161135509573,
        "p": 0.027342349345042826,
        "d": 1.5193706755506173,
        "significant": "True"
      },
      "cat_higher": true
    },
    "n400_verb_agree_vs_gram": {
      "test": {
        "t": 187.1355188069923,
        "p": 4.891518231110612e-09,
        "d": 83.68954821142503,
        "significant": "True"
      }
    },
    "n400_obj_agree_vs_gram": {
      "test": {
        "t": 95.07942543515654,
        "p": 7.336431232191473e-08,
        "d": 42.5208117069265,
        "significant": "True"
      }
    },
    "verb_inst_success": true,
    "verb_margin_success": true,
    "object_ordering_success": false
  },
  "raw_data": {},
  "success": true,
  "error_message": null,
  "duration_seconds": 49.68539369991049
}