{
  "experiment_name": "agreement_number",
  "timestamp": "2026-02-17T19:04:03.592442",
  "parameters": {
    "n": 50000,
    "k": 100,
    "p": 0.05,
    "beta": 0.05,
    "rounds": 10,
    "n_seeds": 3,
    "p600_settling_rounds": 5,
    "consolidation_passes": 10
  },
  "metrics": {
    "verb_gram": {
      "mean": 1.253036626135477,
      "std": 0.04212475153489562,
      "sem": 0.024320736638218092,
      "ci95_lo": 1.2053679823245695,
      "ci95_hi": 1.3007052699463846,
      "min": 1.2103391829641077,
      "max": 1.2945643207338662,
      "n": 3
    },
    "verb_agree": {
      "mean": 0.5321905089561639,
      "std": 0.03669718076631825,
      "sem": 0.0211871271939342,
      "ci95_lo": 0.4906637396560529,
      "ci95_hi": 0.5737172782562749,
      "min": 0.4899208954364238,
      "max": 0.5559026992468051,
      "n": 3
    },
    "verb_agree_vs_gram": {
      "test": {
        "t": -21.373301036920598,
        "p": 0.002181893788901798,
        "d": -12.339881107137016,
        "significant": "True"
      },
      "agree_higher": "False"
    },
    "verb_per_area_ROLE_AGENT": {
      "agree": 0.46000387516382846,
      "gram": 1.2089849173759892,
      "test": {
        "t": -12.043888722042773,
        "p": 0.006823444686111775,
        "d": -6.953542395761293,
        "significant": "True"
      },
      "direction": "gram>agree"
    },
    "verb_per_area_ROLE_PATIENT": {
      "agree": 0.17189278669872057,
      "gram": 1.1257353369660126,
      "test": {
        "t": -13.970680661668293,
        "p": 0.005084436117063614,
        "d": -8.065976240776488,
        "significant": "True"
      },
      "direction": "gram>agree"
    },
    "verb_per_area_SUBJ": {
      "agree": 0.8663665766397113,
      "gram": 1.6936546169451925,
      "test": {
        "t": -12.06239115385346,
        "p": 0.006802740809027657,
        "d": -6.964224779747855,
        "significant": "True"
      },
      "direction": "gram>agree"
    },
    "verb_per_area_OBJ": {
      "agree": 0.882431442193918,
      "gram": 1.7134151368108153,
      "test": {
        "t": -13.614325117668074,
        "p": 0.005351929308544473,
        "d": -7.860234271520746,
        "significant": "True"
      },
      "direction": "gram>agree"
    },
    "verb_per_area_VP": {
      "agree": 0.01640458163463405,
      "gram": 0.01640458163463405,
      "test": {
        "t": 0.0,
        "p": 1.0,
        "d": 0.0,
        "significant": "False"
      },
      "direction": "gram>agree"
    },
    "obj_gram": {
      "mean": 1.3671327309266739,
      "std": 0.12474468745183866,
      "sem": 0.07202137888029478,
      "ci95_lo": 1.2259708283212962,
      "ci95_hi": 1.5082946335320515,
      "min": 1.265128748272295,
      "max": 1.5062121182725967,
      "n": 3
    },
    "obj_agree": {
      "mean": 0.9231049272248176,
      "std": 0.07063572878871943,
      "sem": 0.04078155703057256,
      "ci95_lo": 0.8431730754448954,
      "ci95_hi": 1.0030367790047399,
      "min": 0.8417023961872402,
      "max": 0.9682364452218197,
      "n": 3
    },
    "obj_cat": {
      "mean": 0.4520397413382653,
      "std": 0.06686273674298815,
      "sem": 0.03860321905731929,
      "ci95_lo": 0.3763774319859195,
      "ci95_hi": 0.5277020506906112,
      "min": 0.3855096739354416,
      "max": 0.519230254598468,
      "n": 3
    },
    "obj_agree_vs_gram": {
      "test": {
        "t": -5.882727399609936,
        "p": 0.027701246098938554,
        "d": -3.3963942477339844,
        "significant": "True"
      },
      "direction": "LOWER"
    },
    "obj_cat_vs_gram": {
      "test": {
        "t": -25.45781577727617,
        "p": 0.0015394088693623331,
        "d": -14.6980767919903,
        "significant": "True"
      },
      "direction": "LOWER"
    },
    "obj_cat_vs_agree": {
      "test": {
        "t": -8.1706151205871,
        "p": 0.014650885149607107,
        "d": -4.717306839315788,
        "significant": "True"
      },
      "direction": "LOWER"
    },
    "ordering_correct": false,
    "obj_per_area_ROLE_AGENT": {
      "agree": 0.05624178266291843,
      "gram": 0.057935920162608956,
      "test": {
        "t": -0.4063043905711349,
        "p": 0.7238696047579005,
        "d": -0.23457994926917158,
        "significant": "False"
      },
      "direction": "gram>agree"
    },
    "obj_per_area_ROLE_PATIENT": {
      "agree": 0.0033003300330033034,
      "gram": 0.004950495049504955,
      "test": {
        "t": -1.0,
        "p": 0.42264973081037427,
        "d": -0.5773502691896258,
        "significant": "False"
      },
      "direction": "gram>agree"
    },
    "obj_per_area_SUBJ": {
      "agree": 1.5507158672210803,
      "gram": 2.391386922559791,
      "test": {
        "t": -31.938607360318183,
        "p": 0.0009788812294276514,
        "d": -18.439763557021465,
        "significant": "True"
      },
      "direction": "gram>agree"
    },
    "obj_per_area_OBJ": {
      "agree": 1.6899283874568092,
      "gram": 2.4430326937155065,
      "test": {
        "t": -26.2857909261558,
        "p": 0.001444163351999556,
        "d": -15.176108467078276,
        "significant": "True"
      },
      "direction": "gram>agree"
    },
    "obj_per_area_VP": {
      "agree": 0.029542131825975298,
      "gram": 0.022910057996090877,
      "test": {
        "t": 1.1280839314639175,
        "p": 0.37641348074749814,
        "d": 0.6512995614991841,
        "significant": "False"
      },
      "direction": "agree>gram"
    },
    "n400_verb_agree_vs_gram": {
      "test": {
        "t": 189.40828851230333,
        "p": 2.787301075794834e-05,
        "d": 109.35492635932461,
        "significant": "True"
      }
    },
    "n400_obj_agree_vs_gram": {
      "test": {
        "t": 49.422551807367974,
        "p": 0.0004091504828222474,
        "d": 28.534123590022123,
        "significant": "True"
      }
    },
    "verb_position_success": false,
    "object_ordering_success": false
  },
  "raw_data": {},
  "success": true,
  "error_message": null,
  "duration_seconds": 105.77243620005902
}