{
  "experiment_name": "agreement_number",
  "timestamp": "2026-02-17T19:16:47.233942",
  "parameters": {
    "n": 50000,
    "k": 100,
    "p": 0.05,
    "beta": 0.05,
    "rounds": 10,
    "n_seeds": 3,
    "p600_settling_rounds": 5,
    "consolidation_passes": 10
  },
  "metrics": {
    "verb_gram": {
      "mean": 0.7978809717332688,
      "std": 0.008010052241679475,
      "sem": 0.004624605817956611,
      "ci95_lo": 0.7888167443300738,
      "ci95_hi": 0.8069451991364638,
      "min": 0.7890676743927463,
      "max": 0.8047176984691667,
      "n": 3
    },
    "verb_agree": {
      "mean": 0.43741412735626084,
      "std": 0.023557132054921198,
      "sem": 0.013600716533244316,
      "ci95_lo": 0.410756722951102,
      "ci95_hi": 0.4640715317614197,
      "min": 0.42181647531725985,
      "max": 0.464512523547288,
      "n": 3
    },
    "verb_agree_vs_gram": {
      "test": {
        "t": -34.95121690045851,
        "p": 0.0008176030871240643,
        "d": -20.17909448598472,
        "significant": "True"
      },
      "agree_higher": "False"
    },
    "verb_per_area_ROLE_AGENT": {
      "agree": 0.12220490214613398,
      "gram": 0.12214298078464407,
      "test": {
        "t": 1.0,
        "p": 0.42264973081037427,
        "d": 0.5773502691896258,
        "significant": "False"
      },
      "direction": "agree>gram"
    },
    "verb_per_area_ROLE_PATIENT": {
      "agree": 0.10710415586098886,
      "gram": 0.09362545211601814,
      "test": {
        "t": 1.4999101527403405,
        "p": 0.2724136351948467,
        "d": 0.8659735304448882,
        "significant": "False"
      },
      "direction": "agree>gram"
    },
    "verb_per_area_SUBJ": {
      "agree": 0.978183976508381,
      "gram": 1.874365714571317,
      "test": {
        "t": -44.65297451890244,
        "p": 0.0005011556629377158,
        "d": -25.780406858605822,
        "significant": "True"
      },
      "direction": "gram>agree"
    },
    "verb_per_area_OBJ": {
      "agree": 0.9516218655156546,
      "gram": 1.86804700058801,
      "test": {
        "t": -41.07579909386751,
        "p": 0.0005921640857760267,
        "d": -23.71512366402339,
        "significant": "True"
      },
      "direction": "gram>agree"
    },
    "verb_per_area_VP": {
      "agree": 0.02795573675014561,
      "gram": 0.03122371060635476,
      "test": {
        "t": -0.9999999999999999,
        "p": 0.42264973081037427,
        "d": -0.5773502691896256,
        "significant": "False"
      },
      "direction": "gram>agree"
    },
    "obj_gram": {
      "mean": 1.4402651929328674,
      "std": 0.21134730482214023,
      "sem": 0.12202142333156456,
      "ci95_lo": 1.201103203203001,
      "ci95_hi": 1.6794271826627338,
      "min": 1.2079303789443343,
      "max": 1.6211093647833632,
      "n": 3
    },
    "obj_agree": {
      "mean": 0.943965660265864,
      "std": 0.12157426997150224,
      "sem": 0.07019093749457905,
      "ci95_lo": 0.8063914227764891,
      "ci95_hi": 1.081539897755239,
      "min": 0.8160560056778828,
      "max": 1.0580168279101358,
      "n": 3
    },
    "obj_cat": {
      "mean": 0.35995879104319095,
      "std": 0.07334776221389117,
      "sem": 0.04234735025864673,
      "ci95_lo": 0.2769579845362434,
      "ci95_hi": 0.44295959755013853,
      "min": 0.2811199679927088,
      "max": 0.42617790791749494,
      "n": 3
    },
    "obj_agree_vs_gram": {
      "test": {
        "t": -9.384180647214746,
        "p": 0.01116569407006603,
        "d": -5.41795922279351,
        "significant": "True"
      },
      "direction": "LOWER"
    },
    "obj_cat_vs_gram": {
      "test": {
        "t": -13.537207935266116,
        "p": 0.005412583899961012,
        "d": -7.815710645501831,
        "significant": "True"
      },
      "direction": "LOWER"
    },
    "obj_cat_vs_agree": {
      "test": {
        "t": -20.872066431677126,
        "p": 0.0022875831256890353,
        "d": -12.05049317287254,
        "significant": "True"
      },
      "direction": "LOWER"
    },
    "ordering_correct": false,
    "obj_per_area_ROLE_AGENT": {
      "agree": 0.013104251601630748,
      "gram": 0.011486442761923251,
      "test": {
        "t": 1.0,
        "p": 0.42264973081037427,
        "d": 0.5773502691896257,
        "significant": "False"
      },
      "direction": "agree>gram"
    },
    "obj_per_area_ROLE_PATIENT": {
      "agree": 0.0016501650165016517,
      "gram": 0.006568303889212451,
      "test": {
        "t": -1.737738755459102,
        "p": 0.22438884037371332,
        "d": -1.0032839382455578,
        "significant": "False"
      },
      "direction": "gram>agree"
    },
    "obj_per_area_SUBJ": {
      "agree": 1.5646466894087865,
      "gram": 2.3937600268994483,
      "test": {
        "t": -12.959108411197196,
        "p": 0.0059018982586234265,
        "d": -7.481944729662246,
        "significant": "True"
      },
      "direction": "gram>agree"
    },
    "obj_per_area_OBJ": {
      "agree": 1.467894279623496,
      "gram": 2.33407098912496,
      "test": {
        "t": -98.1593146623522,
        "p": 0.00010376941325833187,
        "d": -56.67230674377822,
        "significant": "True"
      },
      "direction": "gram>agree"
    },
    "obj_per_area_VP": {
      "agree": 0.023005241700640656,
      "gram": 0.040712479629986455,
      "test": {
        "t": -2.162667523620949,
        "p": 0.1630590529545467,
        "d": -1.2486166769302163,
        "significant": "False"
      },
      "direction": "gram>agree"
    },
    "n400_verb_agree_vs_gram": {
      "test": {
        "t": 156.96706251272602,
        "p": 4.0584154186016287e-05,
        "d": 90.6249757956272,
        "significant": "True"
      }
    },
    "n400_obj_agree_vs_gram": {
      "test": {
        "t": 74.88076431294527,
        "p": 0.00017829669820918585,
        "d": 43.23242943320387,
        "significant": "True"
      }
    },
    "verb_position_success": false,
    "object_ordering_success": false
  },
  "raw_data": {},
  "success": true,
  "error_message": null,
  "duration_seconds": 179.74636109999847
}