{
  "experiment_name": "agreement_number",
  "timestamp": "2026-02-18T06:05:08.748342",
  "parameters": {
    "n": 50000,
    "k": 100,
    "p": 0.05,
    "beta": 0.05,
    "rounds": 10,
    "n_seeds": 5,
    "p600_settling_rounds": 10,
    "consolidation_passes": 1
  },
  "metrics": {
    "verb_gram": {
      "mean": 0.013803145020384395,
      "std": 0.008793519548522522,
      "sem": 0.0039325814943939235,
      "ci95_lo": 0.006095285291372305,
      "ci95_hi": 0.021511004749396483,
      "min": 0.0,
      "max": 0.024558338186759843,
      "n": 5
    },
    "verb_agree": {
      "mean": 0.020695010677538345,
      "std": 0.021581371029739817,
      "sem": 0.009651482534028573,
      "ci95_lo": 0.0017781049108423416,
      "ci95_hi": 0.03961191644423435,
      "min": 0.0,
      "max": 0.04931081343428462,
      "n": 5
    },
    "verb_agree_vs_gram": {
      "test": {
        "t": 0.8587125148298322,
        "p": 0.4389120042447329,
        "d": 0.38402791125786023,
        "significant": "False"
      },
      "agree_higher": "True"
    },
    "verb_per_area_ROLE_AGENT": {
      "agree": 0.0,
      "gram": 0.0,
      "test": {
        "t": 0.0,
        "p": 1.0,
        "d": 0.0,
        "significant": false
      },
      "direction": "gram>agree"
    },
    "verb_per_area_ROLE_PATIENT": {
      "agree": 0.0,
      "gram": 0.00394098233352747,
      "test": {
        "t": -1.3739759074708413,
        "p": 0.24141388447551176,
        "d": -0.6144607057103525,
        "significant": "False"
      },
      "direction": "gram>agree"
    },
    "verb_per_area_VP": {
      "agree": 0.020695010677538345,
      "gram": 0.009862162686856923,
      "test": {
        "t": 1.4694059049827612,
        "p": 0.2156582524064001,
        "d": 0.6571382980162103,
        "significant": "False"
      },
      "direction": "agree>gram"
    },
    "obj_gram": {
      "mean": 0.04352316410051188,
      "std": 0.03178164365195794,
      "sem": 0.014213183128490523,
      "ci95_lo": 0.015665325168670457,
      "ci95_hi": 0.0713810030323533,
      "min": 0.014754416618132399,
      "max": 0.09583411171305817,
      "n": 5
    },
    "obj_agree": {
      "mean": 0.02756802807636561,
      "std": 0.014118708972175173,
      "sem": 0.006314078603263974,
      "ci95_lo": 0.01519243401396822,
      "ci95_hi": 0.039943622138763,
      "min": 0.00990099009900991,
      "max": 0.044071940032381296,
      "n": 5
    },
    "obj_cat": {
      "mean": 0.014773830324208892,
      "std": 0.012516835498749787,
      "sem": 0.0055976990076774015,
      "ci95_lo": 0.003802340269161186,
      "ci95_hi": 0.0257453203792566,
      "min": 0.0,
      "max": 0.03436225975538729,
      "n": 5
    },
    "obj_agree_vs_gram": {
      "test": {
        "t": -1.459161253527441,
        "p": 0.21828585876883946,
        "d": -0.6525567506042326,
        "significant": "False"
      },
      "direction": "LOWER"
    },
    "obj_cat_vs_gram": {
      "test": {
        "t": -2.0952391944274775,
        "p": 0.10421200486994588,
        "d": -0.9370194535723477,
        "significant": "False"
      },
      "direction": "LOWER"
    },
    "obj_cat_vs_agree": {
      "test": {
        "t": -4.314325825325814,
        "p": 0.01250325863624119,
        "d": -1.929425164502281,
        "significant": "True"
      },
      "direction": "LOWER"
    },
    "ordering_correct": false,
    "obj_per_area_ROLE_AGENT": {
      "agree": 0.0,
      "gram": 0.0,
      "test": {
        "t": 0.0,
        "p": 1.0,
        "d": 0.0,
        "significant": false
      },
      "direction": "gram>agree"
    },
    "obj_per_area_ROLE_PATIENT": {
      "agree": 0.00295088332362648,
      "gram": 0.004931081343428461,
      "test": {
        "t": -1.6329931618554523,
        "p": 0.1778078083562211,
        "d": -0.7302967433402215,
        "significant": "False"
      },
      "direction": "gram>agree"
    },
    "obj_per_area_VP": {
      "agree": 0.02756802807636561,
      "gram": 0.04585830327480666,
      "test": {
        "t": -1.3739792153895527,
        "p": 0.24141294067370772,
        "d": -0.614462185056573,
        "significant": "False"
      },
      "direction": "gram>agree"
    },
    "margin_verb_gram_vs_agree": {
      "test": {
        "t": 1.5245447238613208,
        "p": 0.20205598733309393,
        "d": 0.6817971274585118,
        "significant": "False"
      },
      "gram_mean": 48.62773742675781,
      "agree_mean": 33.79603796005249,
      "gram_higher": true
    },
    "margin_obj_ordering": false,
    "vp_dist_verb": {
      "mean": 0.019608974032754502,
      "std": 0.018572657994688886,
      "sem": 0.008305945159795856,
      "ci95_lo": 0.0033293215195546247,
      "ci95_hi": 0.03588862654595438,
      "min": 0.0,
      "max": 0.043880630210365396,
      "n": 5
    },
    "vp_dist_obj_agree": {
      "mean": 0.011823512448332218,
      "std": 0.0073842910944796995,
      "sem": 0.003302355370580586,
      "ci95_lo": 0.00535089592199427,
      "ci95_hi": 0.018296128974670166,
      "min": 0.004950495049504955,
      "max": 0.024464096895126408,
      "n": 5
    },
    "vp_dist_obj_cat": {
      "mean": 0.032231253920981424,
      "std": 0.019563800098294587,
      "sem": 0.008749197383600752,
      "ci95_lo": 0.015082827049123951,
      "ci95_hi": 0.0493796807928389,
      "min": 0.004950495049504955,
      "max": 0.05349324195697694,
      "n": 5
    },
    "vp_dist_cat_vs_agree": {
      "test": {
        "t": 2.588454299589174,
        "p": 0.06078287336918789,
        "d": 1.1575919541065998,
        "significant": "False"
      },
      "cat_higher": true
    },
    "n400_verb_agree_vs_gram": {
      "test": {
        "t": 119.55581699451638,
        "p": 2.9353904174913543e-08,
        "d": 53.46698678105265,
        "significant": "True"
      }
    },
    "n400_obj_agree_vs_gram": {
      "test": {
        "t": 112.19302656660899,
        "p": 3.784929653153127e-08,
        "d": 50.17424680087551,
        "significant": "True"
      }
    },
    "verb_inst_success": true,
    "verb_margin_success": true,
    "object_ordering_success": false
  },
  "raw_data": {},
  "success": true,
  "error_message": null,
  "duration_seconds": 122.44319979997817
}