{
  "experiment_name": "agreement_number",
  "timestamp": "2026-02-18T12:18:17.989079",
  "parameters": {
    "n": 50000,
    "k": 100,
    "p": 0.05,
    "beta": 0.05,
    "rounds": 10,
    "n_seeds": 5,
    "p600_settling_rounds": 5,
    "consolidation_passes": 1
  },
  "metrics": {
    "verb_gram": {
      "mean": 0.01576392933410988,
      "std": 0.012217646942202037,
      "sem": 0.0054638978175712396,
      "ci95_lo": 0.005054689611670252,
      "ci95_hi": 0.026473169056549513,
      "min": 0.0,
      "max": 0.03436225975538729,
      "n": 5
    },
    "verb_agree": {
      "mean": 0.020656748713135165,
      "std": 0.02094088200333315,
      "sem": 0.00936504713365098,
      "ci95_lo": 0.002301256331179242,
      "ci95_hi": 0.03901224109509109,
      "min": 0.0,
      "max": 0.044071940032381296,
      "n": 5
    },
    "verb_agree_vs_gram": {
      "test": {
        "t": 0.7641804885647825,
        "p": 0.4873499552504942,
        "d": 0.34175190390197085,
        "significant": "False"
      },
      "agree_higher": "True"
    },
    "verb_per_area_ROLE_AGENT": {
      "agree": 0.0,
      "gram": 0.0,
      "test": {
        "t": 0.0,
        "p": 1.0,
        "d": 0.0,
        "significant": false
      },
      "direction": "gram>agree"
    },
    "verb_per_area_ROLE_PATIENT": {
      "agree": 0.0,
      "gram": 0.00394098233352747,
      "test": {
        "t": -1.3739759074708413,
        "p": 0.24141388447551176,
        "d": -0.6144607057103525,
        "significant": "False"
      },
      "direction": "gram>agree"
    },
    "verb_per_area_VP": {
      "agree": 0.020656748713135165,
      "gram": 0.011822947000582413,
      "test": {
        "t": 1.613663118298347,
        "p": 0.18189871001573982,
        "d": 0.7216520850598778,
        "significant": "False"
      },
      "direction": "agree>gram"
    },
    "obj_gram": {
      "mean": 0.035588343072702845,
      "std": 0.01885768186794985,
      "sem": 0.008433411710960214,
      "ci95_lo": 0.019058856119220827,
      "ci95_hi": 0.052117830026184864,
      "min": 0.00990099009900991,
      "max": 0.058826356650513695,
      "n": 5
    },
    "obj_agree": {
      "mean": 0.027996260505547987,
      "std": 0.02428278982505988,
      "sem": 0.010859593746434823,
      "ci95_lo": 0.006711456762535737,
      "ci95_hi": 0.04928106424856024,
      "min": 0.004950495049504955,
      "max": 0.0685360369275077,
      "n": 5
    },
    "obj_cat": {
      "mean": 0.01974373907979034,
      "std": 0.02288127844859298,
      "sem": 0.010232818804630965,
      "ci95_lo": -0.0003125857772863505,
      "ci95_hi": 0.03980006393686703,
      "min": 0.0,
      "max": 0.05921180353329453,
      "n": 5
    },
    "obj_agree_vs_gram": {
      "test": {
        "t": -1.5600488181206704,
        "p": 0.19376337149452336,
        "d": -0.6976750411072049,
        "significant": "False"
      },
      "direction": "LOWER"
    },
    "obj_cat_vs_gram": {
      "test": {
        "t": -2.8271147165985426,
        "p": 0.04748384770993041,
        "d": -1.264324137300879,
        "significant": "True"
      },
      "direction": "LOWER"
    },
    "obj_cat_vs_agree": {
      "test": {
        "t": -4.635645412073998,
        "p": 0.00976580273860773,
        "d": -2.0731236521964966,
        "significant": "True"
      },
      "direction": "LOWER"
    },
    "ordering_correct": false,
    "obj_per_area_ROLE_AGENT": {
      "agree": 0.0,
      "gram": 0.0,
      "test": {
        "t": 0.0,
        "p": 1.0,
        "d": 0.0,
        "significant": false
      },
      "direction": "gram>agree"
    },
    "obj_per_area_ROLE_PATIENT": {
      "agree": 0.006911279363230443,
      "gram": 0.005921180353329452,
      "test": {
        "t": 1.0,
        "p": 0.373900966300059,
        "d": 0.44721359549995787,
        "significant": "False"
      },
      "direction": "agree>gram"
    },
    "obj_per_area_VP": {
      "agree": 0.02652081884373475,
      "gram": 0.037876068003310816,
      "test": {
        "t": -1.8563124626002676,
        "p": 0.1369841085687179,
        "d": -0.8301681707708468,
        "significant": "False"
      },
      "direction": "gram>agree"
    },
    "margin_verb_gram_vs_agree": {
      "test": {
        "t": 1.852111478926087,
        "p": 0.1376523099770353,
        "d": 0.82828943375728,
        "significant": "False"
      },
      "gram_mean": 51.727657318115234,
      "agree_mean": 33.76828136444092,
      "gram_higher": true
    },
    "margin_obj_ordering": false,
    "vp_dist_verb": {
      "mean": 0.020579659336578997,
      "std": 0.020212746588742097,
      "sem": 0.009039415076880863,
      "ci95_lo": 0.0028624057858925057,
      "ci95_hi": 0.038296912887265486,
      "min": 0.0,
      "max": 0.048734056729487885,
      "n": 5
    },
    "vp_dist_obj_agree": {
      "mean": 0.012755935787753536,
      "std": 0.006491502830411892,
      "sem": 0.0029030883209866555,
      "ci95_lo": 0.007065882678619691,
      "ci95_hi": 0.01844598889688738,
      "min": 0.004950495049504955,
      "max": 0.019513601845621453,
      "n": 5
    },
    "vp_dist_obj_cat": {
      "mean": 0.03413547171173646,
      "std": 0.016071659291837966,
      "sem": 0.007187464537553164,
      "ci95_lo": 0.02004804121813226,
      "ci95_hi": 0.04822290220534066,
      "min": 0.00990099009900991,
      "max": 0.048734056729487885,
      "n": 5
    },
    "vp_dist_cat_vs_agree": {
      "test": {
        "t": 2.9225681872078697,
        "p": 0.04313264538665569,
        "d": 1.3070122270950255,
        "significant": "True"
      },
      "cat_higher": true
    },
    "n400_verb_agree_vs_gram": {
      "test": {
        "t": 95.98542713517713,
        "p": 7.063433376848328e-08,
        "d": 42.92598798472179,
        "significant": "True"
      }
    },
    "n400_obj_agree_vs_gram": {
      "test": {
        "t": 68.85353154774947,
        "p": 2.6658511559386546e-07,
        "d": 30.792235406338825,
        "significant": "True"
      }
    },
    "verb_inst_success": true,
    "verb_margin_success": true,
    "object_ordering_success": false
  },
  "raw_data": {},
  "success": true,
  "error_message": null,
  "duration_seconds": 46.42610119993333
}