{
  "experiment_name": "agreement_number",
  "timestamp": "2026-02-18T00:58:51.613382",
  "parameters": {
    "n": 50000,
    "k": 100,
    "p": 0.05,
    "beta": 0.05,
    "rounds": 10,
    "n_seeds": 2,
    "p600_settling_rounds": 10,
    "consolidation_passes": 1
  },
  "metrics": {
    "verb_gram": {
      "mean": 0.007425742574257432,
      "std": 0.01050158585920616,
      "sem": 0.0074257425742574315,
      "ci95_lo": -0.007128712871287133,
      "ci95_hi": 0.021980198019802,
      "min": 0.0,
      "max": 0.014851485148514865,
      "n": 2
    },
    "verb_agree": {
      "mean": 0.02465540671714231,
      "std": 0.03486801056520736,
      "sem": 0.024655406717142305,
      "ci95_lo": -0.023669190448456612,
      "ci95_hi": 0.07298000388274123,
      "min": 0.0,
      "max": 0.04931081343428462,
      "n": 2
    },
    "verb_agree_vs_gram": {
      "test": {
        "t": 1.0,
        "p": 0.49999999999999956,
        "d": 0.7071067811865476,
        "significant": "False"
      },
      "agree_higher": "True"
    },
    "verb_per_area_ROLE_AGENT": {
      "agree": 0.0,
      "gram": 0.0,
      "test": {
        "t": 0.0,
        "p": 1.0,
        "d": 0.0,
        "significant": false
      },
      "direction": "gram>agree"
    },
    "verb_per_area_ROLE_PATIENT": {
      "agree": 0.0,
      "gram": 0.0024752475247524774,
      "test": {
        "t": -1.0,
        "p": 0.49999999999999956,
        "d": -0.7071067811865476,
        "significant": "False"
      },
      "direction": "gram>agree"
    },
    "verb_per_area_VP": {
      "agree": 0.02465540671714231,
      "gram": 0.004950495049504955,
      "test": {
        "t": 1.0,
        "p": 0.49999999999999956,
        "d": 0.7071067811865476,
        "significant": "False"
      },
      "direction": "agree>gram"
    },
    "obj_gram": {
      "mean": 0.030167250909330666,
      "std": 0.0217970392892217,
      "sem": 0.015412834291198267,
      "ci95_lo": -4.190430141793808e-05,
      "ci95_hi": 0.06037640612007927,
      "min": 0.014754416618132399,
      "max": 0.04558008520052893,
      "n": 2
    },
    "obj_agree": {
      "mean": 0.01727819840807611,
      "std": 0.010432948043132906,
      "sem": 0.0073772083090661985,
      "ci95_lo": 0.0028188701223063606,
      "ci95_hi": 0.03173752669384586,
      "min": 0.00990099009900991,
      "max": 0.02465540671714231,
      "n": 2
    },
    "obj_cat": {
      "mean": 0.007425742574257432,
      "std": 0.01050158585920616,
      "sem": 0.0074257425742574315,
      "ci95_lo": -0.007128712871287133,
      "ci95_hi": 0.021980198019802,
      "min": 0.0,
      "max": 0.014851485148514865,
      "n": 2
    },
    "obj_agree_vs_gram": {
      "test": {
        "t": -1.6039886039886022,
        "p": 0.3549033803944933,
        "d": -1.1341912188262846,
        "significant": "False"
      },
      "direction": "LOWER"
    },
    "obj_cat_vs_gram": {
      "test": {
        "t": -2.847282733318047,
        "p": 0.215020993358544,
        "d": -2.013332928684559,
        "significant": "False"
      },
      "direction": "LOWER"
    },
    "obj_cat_vs_agree": {
      "test": {
        "t": -202.99999999996683,
        "p": 0.0031360326252322583,
        "d": -143.5426765808457,
        "significant": "True"
      },
      "direction": "LOWER"
    },
    "ordering_correct": false,
    "obj_per_area_ROLE_AGENT": {
      "agree": 0.0,
      "gram": 0.0,
      "test": {
        "t": 0.0,
        "p": 1.0,
        "d": 0.0,
        "significant": false
      },
      "direction": "gram>agree"
    },
    "obj_per_area_ROLE_PATIENT": {
      "agree": 0.0024752475247524774,
      "gram": 0.004950495049504955,
      "test": {
        "t": -1.0,
        "p": 0.49999999999999956,
        "d": -0.7071067811865476,
        "significant": "False"
      },
      "direction": "gram>agree"
    },
    "obj_per_area_VP": {
      "agree": 0.01727819840807611,
      "gram": 0.03138060753911129,
      "test": {
        "t": -1.5247524752475234,
        "p": 0.3695403506394134,
        "d": -1.0781628148784974,
        "significant": "False"
      },
      "direction": "gram>agree"
    },
    "margin_verb_gram_vs_agree": {
      "test": {
        "t": 2.093067741098568,
        "p": 0.28374400784841536,
        "d": 1.4800223932136065,
        "significant": "False"
      },
      "gram_mean": 62.35283374786377,
      "agree_mean": 33.36843228340149,
      "gram_higher": true
    },
    "margin_obj_ordering": false,
    "vp_dist_verb": {
      "mean": 0.017181129877693643,
      "std": 0.024297786889927946,
      "sem": 0.017181129877693643,
      "ci95_lo": -0.016493884682585898,
      "ci95_hi": 0.050856144437973184,
      "min": 0.0,
      "max": 0.03436225975538729,
      "n": 2
    },
    "vp_dist_obj_agree": {
      "mean": 0.01718254349706816,
      "std": 0.010297671570677873,
      "sem": 0.007281553398058249,
      "ci95_lo": 0.00291069883687399,
      "ci95_hi": 0.03145438815726233,
      "min": 0.00990099009900991,
      "max": 0.024464096895126408,
      "n": 2
    },
    "vp_dist_obj_cat": {
      "mean": 0.026796514493078252,
      "std": 0.030894936980967694,
      "sem": 0.021846019443573297,
      "ci95_lo": -0.01602168361632541,
      "ci95_hi": 0.06961471260248192,
      "min": 0.004950495049504955,
      "max": 0.04864253393665155,
      "n": 2
    },
    "vp_dist_cat_vs_agree": {
      "test": {
        "t": 0.66009773142151,
        "p": 0.6285698718295699,
        "d": 0.4667595821340061,
        "significant": "False"
      },
      "cat_higher": true
    },
    "n400_verb_agree_vs_gram": {
      "test": {
        "t": 38.34488386609409,
        "p": 0.0165987073436764,
        "d": 27.113927405525768,
        "significant": "True"
      }
    },
    "n400_obj_agree_vs_gram": {
      "test": {
        "t": 242.61458219167076,
        "p": 0.00262398146677367,
        "d": 171.5544162824714,
        "significant": "True"
      }
    },
    "verb_inst_success": true,
    "verb_margin_success": true,
    "object_ordering_success": false
  },
  "raw_data": {},
  "success": true,
  "error_message": null,
  "duration_seconds": 32.0345868000295
}