{
  "experiment_name": "agreement_number",
  "timestamp": "2026-02-18T01:01:07.127193",
  "parameters": {
    "n": 50000,
    "k": 100,
    "p": 0.05,
    "beta": 0.05,
    "rounds": 10,
    "n_seeds": 5,
    "p600_settling_rounds": 10,
    "consolidation_passes": 1
  },
  "metrics": {
    "verb_gram": {
      "mean": 0.01285187342263639,
      "std": 0.01023753217510045,
      "sem": 0.004578363573073177,
      "ci95_lo": 0.0038782808194129624,
      "ci95_hi": 0.021825466025859816,
      "min": 0.0,
      "max": 0.02465540671714231,
      "n": 5
    },
    "verb_agree": {
      "mean": 0.0217821782178218,
      "std": 0.023896076012172637,
      "sem": 0.010686650071744021,
      "ci95_lo": 0.0008363440772035206,
      "ci95_hi": 0.04272801235844008,
      "min": 0.0,
      "max": 0.05940594059405946,
      "n": 5
    },
    "verb_agree_vs_gram": {
      "test": {
        "t": 1.0707233545241228,
        "p": 0.34460051312935247,
        "d": 0.47884204116250917,
        "significant": "False"
      },
      "agree_higher": "True"
    },
    "verb_per_area_ROLE_AGENT": {
      "agree": 0.000990099009900991,
      "gram": 0.005921180353329452,
      "test": {
        "t": -1.2922653191555067,
        "p": 0.265865897899489,
        "d": -0.5779186197194348,
        "significant": "False"
      },
      "direction": "gram>agree"
    },
    "verb_per_area_ROLE_PATIENT": {
      "agree": 0.000990099009900991,
      "gram": 0.004950495049504955,
      "test": {
        "t": -2.138089935299395,
        "p": 0.09930068321372677,
        "d": -0.956182887467515,
        "significant": "False"
      },
      "direction": "gram>agree"
    },
    "verb_per_area_VP": {
      "agree": 0.01980198019801982,
      "gram": 0.003960396039603964,
      "test": {
        "t": 1.866277899263374,
        "p": 0.13541294952808444,
        "d": 0.8346248495316818,
        "significant": "False"
      },
      "direction": "agree>gram"
    },
    "obj_gram": {
      "mean": 0.02294828261960492,
      "std": 0.011609205914164686,
      "sem": 0.005191794717772965,
      "ci95_lo": 0.01277236497276991,
      "ci95_hi": 0.03312420026643993,
      "min": 0.00990099009900991,
      "max": 0.036379636853807476,
      "n": 5
    },
    "obj_agree": {
      "mean": 0.021463134104753433,
      "std": 0.01676922517052554,
      "sem": 0.007499425482259122,
      "ci95_lo": 0.006764260159525554,
      "ci95_hi": 0.03616200804998131,
      "min": 0.004950495049504955,
      "max": 0.04800679846009018,
      "n": 5
    },
    "obj_cat": {
      "mean": 0.012366530770724141,
      "std": 0.00819484935017996,
      "sem": 0.0036648480424744737,
      "ci95_lo": 0.005183428607474173,
      "ci95_hi": 0.01954963293397411,
      "min": 0.004950495049504955,
      "max": 0.022228693457581064,
      "n": 5
    },
    "obj_agree_vs_gram": {
      "test": {
        "t": -0.44348144365847464,
        "p": 0.6803489777025953,
        "d": -0.19833093095601848,
        "significant": "False"
      },
      "direction": "LOWER"
    },
    "obj_cat_vs_gram": {
      "test": {
        "t": -3.1948017098106583,
        "p": 0.0330643287698805,
        "d": -1.4287587595538376,
        "significant": "True"
      },
      "direction": "LOWER"
    },
    "obj_cat_vs_agree": {
      "test": {
        "t": -1.7474337593831577,
        "p": 0.15548158609244503,
        "d": -0.7814761344317505,
        "significant": "False"
      },
      "direction": "LOWER"
    },
    "ordering_correct": false,
    "obj_per_area_ROLE_AGENT": {
      "agree": 0.008611260682117044,
      "gram": 0.009601359692018035,
      "test": {
        "t": -1.0,
        "p": 0.373900966300059,
        "d": -0.44721359549995787,
        "significant": "False"
      },
      "direction": "gram>agree"
    },
    "obj_per_area_ROLE_PATIENT": {
      "agree": 0.004950495049504955,
      "gram": 0.006930693069306937,
      "test": {
        "t": -1.6329931618554523,
        "p": 0.1778078083562211,
        "d": -0.7302967433402215,
        "significant": "False"
      },
      "direction": "gram>agree"
    },
    "obj_per_area_VP": {
      "agree": 0.01285187342263639,
      "gram": 0.020473035094852442,
      "test": {
        "t": -2.7018216394047774,
        "p": 0.05399235397470314,
        "d": -1.2082913697578013,
        "significant": "False"
      },
      "direction": "gram>agree"
    },
    "margin_verb_gram_vs_agree": {
      "test": {
        "t": 1.4446375042851938,
        "p": 0.22206631955968106,
        "d": 0.6460615324854674,
        "significant": "False"
      },
      "gram_mean": 60.29101753234863,
      "agree_mean": 43.63679752349854,
      "gram_higher": true
    },
    "margin_obj_ordering": false,
    "vp_dist_verb": {
      "mean": 0.007920792079207928,
      "std": 0.008993020853754934,
      "sem": 0.0040218011904138455,
      "ci95_lo": 3.8061745996791074e-05,
      "ci95_hi": 0.015803522412419065,
      "min": 0.0,
      "max": 0.01980198019801982,
      "n": 5
    },
    "vp_dist_obj_agree": {
      "mean": 0.008872063676955932,
      "std": 0.00641005179813128,
      "sem": 0.0028666623119832603,
      "ci95_lo": 0.0032534055454687414,
      "ci95_hi": 0.014490721808443123,
      "min": 0.0,
      "max": 0.014754416618132399,
      "n": 5
    },
    "vp_dist_obj_cat": {
      "mean": 0.01776354105998836,
      "std": 0.011331685612512125,
      "sem": 0.00506768386584669,
      "ci95_lo": 0.007830880682928846,
      "ci95_hi": 0.027696201437047874,
      "min": 0.0,
      "max": 0.029508833236264798,
      "n": 5
    },
    "vp_dist_cat_vs_agree": {
      "test": {
        "t": 2.4628817714241995,
        "p": 0.06947590026663426,
        "d": 1.1014342122899219,
        "significant": "False"
      },
      "cat_higher": true
    },
    "n400_verb_agree_vs_gram": {
      "test": {
        "t": 40.959313797745665,
        "p": 2.1233263104996423e-06,
        "d": 18.31756199270088,
        "significant": "True"
      }
    },
    "n400_obj_agree_vs_gram": {
      "test": {
        "t": 61.05908206699323,
        "p": 4.308974995381563e-07,
        "d": 27.306451629107045,
        "significant": "True"
      }
    },
    "verb_inst_success": true,
    "verb_margin_success": true,
    "object_ordering_success": false
  },
  "raw_data": {},
  "success": true,
  "error_message": null,
  "duration_seconds": 65.91780559998006
}