{
  "experiment_name": "agreement_number",
  "timestamp": "2026-02-18T12:16:19.488829",
  "parameters": {
    "n": 50000,
    "k": 100,
    "p": 0.05,
    "beta": 0.05,
    "rounds": 10,
    "n_seeds": 5,
    "p600_settling_rounds": 10,
    "consolidation_passes": 2
  },
  "metrics": {
    "verb_gram": {
      "mean": 0.025684333139196287,
      "std": 0.028753641970495195,
      "sem": 0.012859019609343651,
      "ci95_lo": 0.00048065470488272907,
      "ci95_hi": 0.05088801157350985,
      "min": 0.0,
      "max": 0.07425742574257432,
      "n": 5
    },
    "verb_agree": {
      "mean": 0.042438926930956966,
      "std": 0.042577873977742924,
      "sem": 0.019041404110330507,
      "ci95_lo": 0.005117774874709172,
      "ci95_hi": 0.07976007898720476,
      "min": 0.0,
      "max": 0.09405940594059414,
      "n": 5
    },
    "verb_agree_vs_gram": {
      "test": {
        "t": 1.6118380524398799,
        "p": 0.18228997535594754,
        "d": 0.7208358907952884,
        "significant": "False"
      },
      "agree_higher": "True"
    },
    "verb_per_area_ROLE_AGENT": {
      "agree": 0.000990099009900991,
      "gram": 0.0,
      "test": {
        "t": 1.0,
        "p": 0.373900966300059,
        "d": 0.447213595499958,
        "significant": "False"
      },
      "direction": "agree>gram"
    },
    "verb_per_area_ROLE_PATIENT": {
      "agree": 0.0,
      "gram": 0.001960784313725489,
      "test": {
        "t": -1.0,
        "p": 0.373900966300059,
        "d": -0.447213595499958,
        "significant": "False"
      },
      "direction": "gram>agree"
    },
    "verb_per_area_VP": {
      "agree": 0.041448827921055975,
      "gram": 0.023723548825470796,
      "test": {
        "t": 1.7859280625833833,
        "p": 0.14865396268316897,
        "d": 0.7986913101721888,
        "significant": "False"
      },
      "direction": "agree>gram"
    },
    "obj_gram": {
      "mean": 0.04313987895621404,
      "std": 0.03625193592466294,
      "sem": 0.016212358608702605,
      "ci95_lo": 0.011363656083156932,
      "ci95_hi": 0.07491610182927114,
      "min": 0.004950495049504955,
      "max": 0.08367590042842094,
      "n": 5
    },
    "obj_agree": {
      "mean": 0.03642179806874947,
      "std": 0.032817565090006946,
      "sem": 0.014676461279455906,
      "ci95_lo": 0.007655933961015892,
      "ci95_hi": 0.06518766217648304,
      "min": 0.0,
      "max": 0.07881964667054941,
      "n": 5
    },
    "obj_cat": {
      "mean": 0.012327703358571154,
      "std": 0.009858550617465427,
      "sem": 0.004408877868055044,
      "ci95_lo": 0.0036863027371832682,
      "ci95_hi": 0.02096910397995904,
      "min": 0.0,
      "max": 0.02465540671714231,
      "n": 5
    },
    "obj_agree_vs_gram": {
      "test": {
        "t": -2.362871086755866,
        "p": 0.07742011463109233,
        "d": -1.056708074410984,
        "significant": "False"
      },
      "direction": "LOWER"
    },
    "obj_cat_vs_gram": {
      "test": {
        "t": -2.5571464906111405,
        "p": 0.06282767926155608,
        "d": -1.1435906762863075,
        "significant": "False"
      },
      "direction": "LOWER"
    },
    "obj_cat_vs_agree": {
      "test": {
        "t": -2.2490360918997743,
        "p": 0.0877388003943068,
        "d": -1.005799517067672,
        "significant": "False"
      },
      "direction": "LOWER"
    },
    "ordering_correct": false,
    "obj_per_area_ROLE_AGENT": {
      "agree": 0.0,
      "gram": 0.0,
      "test": {
        "t": 0.0,
        "p": 1.0,
        "d": 0.0,
        "significant": false
      },
      "direction": "gram>agree"
    },
    "obj_per_area_ROLE_PATIENT": {
      "agree": 0.002970297029702973,
      "gram": 0.00295088332362648,
      "test": {
        "t": 0.012523503624642664,
        "p": 0.9906076791693604,
        "d": 0.005600681084233202,
        "significant": "False"
      },
      "direction": "agree>gram"
    },
    "obj_per_area_VP": {
      "agree": 0.038344874991826386,
      "gram": 0.045915857488646725,
      "test": {
        "t": -2.6912363066816725,
        "p": 0.05458799819015108,
        "d": -1.2035574650511383,
        "significant": "False"
      },
      "direction": "gram>agree"
    },
    "margin_verb_gram_vs_agree": {
      "test": {
        "t": 1.4809319563608174,
        "p": 0.21274012170627699,
        "d": 0.662292904894908,
        "significant": "False"
      },
      "gram_mean": 46.08782615661621,
      "agree_mean": 30.72834186553955,
      "gram_higher": true
    },
    "margin_obj_ordering": false,
    "vp_dist_verb": {
      "mean": 0.019628387738830994,
      "std": 0.017237380431436744,
      "sem": 0.007708790879743442,
      "ci95_lo": 0.004519157614533847,
      "ci95_hi": 0.03473761786312814,
      "min": 0.0,
      "max": 0.043880630210365396,
      "n": 5
    },
    "vp_dist_obj_agree": {
      "mean": 0.015650252588409568,
      "std": 0.007183824082431371,
      "sem": 0.0032127037973433193,
      "ci95_lo": 0.009353353145616663,
      "ci95_hi": 0.021947152031202472,
      "min": 0.004950495049504955,
      "max": 0.024464096895126408,
      "n": 5
    },
    "vp_dist_obj_cat": {
      "mean": 0.0350129606630842,
      "std": 0.020929627911589754,
      "sem": 0.00936001415081833,
      "ci95_lo": 0.016667332927480277,
      "ci95_hi": 0.05335858839868812,
      "min": 0.004950495049504955,
      "max": 0.058252427184465994,
      "n": 5
    },
    "vp_dist_cat_vs_agree": {
      "test": {
        "t": 2.650539670461848,
        "p": 0.05694969132633822,
        "d": 1.1853573760425167,
        "significant": "False"
      },
      "cat_higher": true
    },
    "n400_verb_agree_vs_gram": {
      "test": {
        "t": 84.9540263957114,
        "p": 1.1508383392982047e-07,
        "d": 37.992595596624426,
        "significant": "True"
      }
    },
    "n400_obj_agree_vs_gram": {
      "test": {
        "t": 70.3597832220891,
        "p": 2.4449425365055837e-07,
        "d": 31.465851633348084,
        "significant": "True"
      }
    },
    "verb_inst_success": true,
    "verb_margin_success": true,
    "object_ordering_success": false
  },
  "raw_data": {},
  "success": true,
  "error_message": null,
  "duration_seconds": 61.5032293999102
}