{
  "experiment_name": "agreement_number",
  "timestamp": "2026-02-18T01:02:44.965438",
  "parameters": {
    "n": 50000,
    "k": 100,
    "p": 0.05,
    "beta": 0.05,
    "rounds": 10,
    "n_seeds": 8,
    "p600_settling_rounds": 10,
    "consolidation_passes": 1
  },
  "metrics": {
    "verb_gram": {
      "mean": 0.01947437390797905,
      "std": 0.022388252833525482,
      "sem": 0.007915442698752403,
      "ci95_lo": 0.003960106218424339,
      "ci95_hi": 0.03498864159753376,
      "min": 0.0,
      "max": 0.06930693069306937,
      "n": 8
    },
    "verb_agree": {
      "mean": 0.01978377984857311,
      "std": 0.019434632783021592,
      "sem": 0.006871180315372476,
      "ci95_lo": 0.006316266430443057,
      "ci95_hi": 0.03325129326670316,
      "min": 0.0,
      "max": 0.05940594059405946,
      "n": 8
    },
    "verb_agree_vs_gram": {
      "test": {
        "t": 0.033305861631039414,
        "p": 0.9743604732900749,
        "d": 0.011775400306284408,
        "significant": "False"
      },
      "agree_higher": "True"
    },
    "verb_per_area_ROLE_AGENT": {
      "agree": 0.0012376237623762387,
      "gram": 0.004926227916909338,
      "test": {
        "t": -1.525282265299476,
        "p": 0.1710179118283,
        "d": -0.5392687165084191,
        "significant": "False"
      },
      "direction": "gram>agree"
    },
    "verb_per_area_ROLE_PATIENT": {
      "agree": 0.0006188118811881194,
      "gram": 0.003712871287128716,
      "test": {
        "t": -2.3759548165574573,
        "p": 0.04917371420480338,
        "d": -0.8400268812903088,
        "significant": "True"
      },
      "direction": "gram>agree"
    },
    "verb_per_area_VP": {
      "agree": 0.019158901184236084,
      "gram": 0.012995049504950507,
      "test": {
        "t": 0.6074350304172721,
        "p": 0.5627405772100489,
        "d": 0.21476071456915488,
        "significant": "False"
      },
      "direction": "agree>gram"
    },
    "obj_gram": {
      "mean": 0.025315208003511044,
      "std": 0.012131343486534312,
      "sem": 0.004289077622115833,
      "ci95_lo": 0.016908615864164013,
      "ci95_hi": 0.033721800142858076,
      "min": 0.00990099009900991,
      "max": 0.04361124236729998,
      "n": 8
    },
    "obj_agree": {
      "mean": 0.028169228838446924,
      "std": 0.02336520717249508,
      "sem": 0.008260848217749915,
      "ci95_lo": 0.01197796633165709,
      "ci95_hi": 0.04436049134523676,
      "min": 0.004950495049504955,
      "max": 0.07396622015142693,
      "n": 8
    },
    "obj_cat": {
      "mean": 0.017302465540671726,
      "std": 0.015134310482129824,
      "sem": 0.005350786785248323,
      "ci95_lo": 0.006814923441585014,
      "ci95_hi": 0.02779000763975844,
      "min": 0.004950495049504955,
      "max": 0.04950495049504955,
      "n": 8
    },
    "obj_agree_vs_gram": {
      "test": {
        "t": 0.6326535069561963,
        "p": 0.5470617944325478,
        "d": 0.22367679245508848,
        "significant": "False"
      },
      "direction": "HIGHER"
    },
    "obj_cat_vs_gram": {
      "test": {
        "t": -1.7119678342645315,
        "p": 0.1306352241468981,
        "d": -0.6052720323908488,
        "significant": "False"
      },
      "direction": "LOWER"
    },
    "obj_cat_vs_agree": {
      "test": {
        "t": -1.4963044394965626,
        "p": 0.1782339522399651,
        "d": -0.5290235079437777,
        "significant": "False"
      },
      "direction": "LOWER"
    },
    "ordering_correct": false,
    "obj_per_area_ROLE_AGENT": {
      "agree": 0.007833018318480014,
      "gram": 0.008451830199668133,
      "test": {
        "t": -1.0000000000000002,
        "p": 0.3506166628202074,
        "d": -0.3535533905932738,
        "significant": "False"
      },
      "direction": "gram>agree"
    },
    "obj_per_area_ROLE_PATIENT": {
      "agree": 0.003712871287128716,
      "gram": 0.0043316831683168355,
      "test": {
        "t": -0.5516772843673705,
        "p": 0.5983311559987459,
        "d": -0.19504737440137349,
        "significant": "False"
      },
      "direction": "gram>agree"
    },
    "obj_per_area_VP": {
      "agree": 0.02156170071604534,
      "gram": 0.0236988109309514,
      "test": {
        "t": -0.5311650915227174,
        "p": 0.6117347996584641,
        "d": -0.18779521907264332,
        "significant": "False"
      },
      "direction": "gram>agree"
    },
    "margin_verb_gram_vs_agree": {
      "test": {
        "t": 1.0117358691200864,
        "p": 0.34535073144815537,
        "d": 0.3577026469122392,
        "significant": "False"
      },
      "gram_mean": 46.03958487510681,
      "agree_mean": 36.93319749832153,
      "gram_higher": true
    },
    "margin_obj_ordering": false,
    "vp_dist_verb": {
      "mean": 0.013553193554649585,
      "std": 0.013329470697741833,
      "sem": 0.004712679560000315,
      "ci95_lo": 0.004316341617048967,
      "ci95_hi": 0.0227900454922502,
      "min": 0.0,
      "max": 0.03436225975538729,
      "n": 8
    },
    "vp_dist_obj_agree": {
      "mean": 0.009257911085226174,
      "std": 0.006690980139563091,
      "sem": 0.002365618714734787,
      "ci95_lo": 0.004621298404345992,
      "ci95_hi": 0.013894523766106356,
      "min": 0.0,
      "max": 0.01980198019801982,
      "n": 8
    },
    "vp_dist_obj_cat": {
      "mean": 0.02391701260470026,
      "std": 0.015043391888363754,
      "sem": 0.005318642208154356,
      "ci95_lo": 0.013492473876717722,
      "ci95_hi": 0.034341551332682796,
      "min": 0.0,
      "max": 0.04397487150199883,
      "n": 8
    },
    "vp_dist_cat_vs_agree": {
      "test": {
        "t": 3.2615370705358275,
        "p": 0.013834994278694628,
        "d": 1.1531274898335955,
        "significant": "True"
      },
      "cat_higher": true
    },
    "n400_verb_agree_vs_gram": {
      "test": {
        "t": 65.04804987161015,
        "p": 5.332142868043206e-11,
        "d": 22.99795858358813,
        "significant": "True"
      }
    },
    "n400_obj_agree_vs_gram": {
      "test": {
        "t": 83.14993565501558,
        "p": 9.580198220467391e-12,
        "d": 29.3979416784433,
        "significant": "True"
      }
    },
    "verb_inst_success": true,
    "verb_margin_success": true,
    "object_ordering_success": false
  },
  "raw_data": {},
  "success": true,
  "error_message": null,
  "duration_seconds": 97.78067290002946
}