{
  "experiment_name": "agreement_number",
  "timestamp": "2026-02-17T19:12:50.734373",
  "parameters": {
    "n": 50000,
    "k": 100,
    "p": 0.05,
    "beta": 0.05,
    "rounds": 10,
    "n_seeds": 3,
    "p600_settling_rounds": 5,
    "consolidation_passes": 10
  },
  "metrics": {
    "verb_gram": {
      "mean": 0.8648389879527363,
      "std": 0.08318771229147161,
      "sem": 0.04802844808475028,
      "ci95_lo": 0.7707032297066257,
      "ci95_hi": 0.9589747461988468,
      "min": 0.7809563302290752,
      "max": 0.947313886558669,
      "n": 3
    },
    "verb_agree": {
      "mean": 0.478070132139541,
      "std": 0.006921577545219144,
      "sem": 0.0039961746589491426,
      "ci95_lo": 0.4702376298080007,
      "ci95_hi": 0.48590263447108134,
      "min": 0.4729723410923774,
      "max": 0.4859498466005916,
      "n": 3
    },
    "verb_agree_vs_gram": {
      "test": {
        "t": -8.582830227294819,
        "p": 0.013304661562331236,
        "d": -4.95529934213752,
        "significant": "True"
      },
      "agree_higher": "False"
    },
    "verb_per_area_ROLE_AGENT": {
      "agree": 0.12168995190802044,
      "gram": 0.12463124334928248,
      "test": {
        "t": -1.9957248519592785,
        "p": 0.18408643868704158,
        "d": -1.1522322805071155,
        "significant": "False"
      },
      "direction": "gram>agree"
    },
    "verb_per_area_ROLE_PATIENT": {
      "agree": 0.11004308491524149,
      "gram": 0.11156933644149303,
      "test": {
        "t": -1.0000000000000002,
        "p": 0.42264973081037416,
        "d": -0.5773502691896258,
        "significant": "False"
      },
      "direction": "gram>agree"
    },
    "verb_per_area_SUBJ": {
      "agree": 1.0602654647330938,
      "gram": 1.9383280694040128,
      "test": {
        "t": -13.932569125825088,
        "p": 0.005112077150002092,
        "d": -8.043972535298183,
        "significant": "True"
      },
      "direction": "gram>agree"
    },
    "verb_per_area_OBJ": {
      "agree": 1.018654197714267,
      "gram": 1.9118782783522439,
      "test": {
        "t": -12.26815508914996,
        "p": 0.006578688583952974,
        "d": -7.083022643180806,
        "significant": "True"
      },
      "direction": "gram>agree"
    },
    "verb_per_area_VP": {
      "agree": 0.034144175740774,
      "gram": 0.03404989820248993,
      "test": {
        "t": 0.033950360624573524,
        "p": 0.9760003844336687,
        "d": 0.019601249845682393,
        "significant": "False"
      },
      "direction": "agree>gram"
    },
    "obj_gram": {
      "mean": 1.3770443626551696,
      "std": 0.1283470556637585,
      "sem": 0.07410120713716686,
      "ci95_lo": 1.2318059966663226,
      "ci95_hi": 1.5222827286440166,
      "min": 1.300396454772478,
      "max": 1.5252172599708635,
      "n": 3
    },
    "obj_agree": {
      "mean": 1.0336834923139369,
      "std": 0.20446538973022602,
      "sem": 0.11804814780070774,
      "ci95_lo": 0.8023091226245497,
      "ci95_hi": 1.265057862003324,
      "min": 0.8050542991003924,
      "max": 1.1990139159298447,
      "n": 3
    },
    "obj_cat": {
      "mean": 0.356468850568003,
      "std": 0.0646364108441124,
      "sem": 0.03731784920029954,
      "ci95_lo": 0.2833258661354159,
      "ci95_hi": 0.4296118350005901,
      "min": 0.28528357205373944,
      "max": 0.41148718669664847,
      "n": 3
    },
    "obj_agree_vs_gram": {
      "test": {
        "t": -4.125111522919101,
        "p": 0.05404628822049814,
        "d": -2.3816342481945703,
        "significant": "False"
      },
      "direction": "LOWER"
    },
    "obj_cat_vs_gram": {
      "test": {
        "t": -19.01043594616077,
        "p": 0.002755610536646039,
        "d": -10.975680310928057,
        "significant": "True"
      },
      "direction": "LOWER"
    },
    "obj_cat_vs_agree": {
      "test": {
        "t": -5.523917411348563,
        "p": 0.031244406760543162,
        "d": -3.1892352044233534,
        "significant": "True"
      },
      "direction": "LOWER"
    },
    "ordering_correct": false,
    "obj_per_area_ROLE_AGENT": {
      "agree": 0.016372225457839895,
      "gram": 0.021195180626000915,
      "test": {
        "t": -75.63054187191972,
        "p": 0.00017477998808274688,
        "d": -43.66531370871011,
        "significant": "True"
      },
      "direction": "gram>agree"
    },
    "obj_per_area_ROLE_PATIENT": {
      "agree": 0.003267973856209148,
      "gram": 0.003267973856209148,
      "test": {
        "t": 0.0,
        "p": 1.0,
        "d": 0.0,
        "significant": false
      },
      "direction": "gram>agree"
    },
    "obj_per_area_SUBJ": {
      "agree": 1.559172416317736,
      "gram": 2.324018019216894,
      "test": {
        "t": -10.917122383346195,
        "p": 0.00828627550942098,
        "d": -6.303003546801015,
        "significant": "True"
      },
      "direction": "gram>agree"
    },
    "obj_per_area_OBJ": {
      "agree": 1.7018203907931575,
      "gram": 2.4090368533513042,
      "test": {
        "t": -9.566593879055286,
        "p": 0.010750721108998312,
        "d": -5.523275551300396,
        "significant": "True"
      },
      "direction": "gram>agree"
    },
    "obj_per_area_VP": {
      "agree": 0.0276997145745414,
      "gram": 0.037346531077129146,
      "test": {
        "t": -1.7121997822321255,
        "p": 0.22899130024332937,
        "d": -0.9885390051781362,
        "significant": "False"
      },
      "direction": "gram>agree"
    },
    "n400_verb_agree_vs_gram": {
      "test": {
        "t": 32.750493563145696,
        "p": 0.0009310166943776873,
        "d": 18.908506274775274,
        "significant": "True"
      }
    },
    "n400_obj_agree_vs_gram": {
      "test": {
        "t": 76.85813630640044,
        "p": 0.00016924273647327394,
        "d": 44.374065685913244,
        "significant": "True"
      }
    },
    "verb_position_success": false,
    "object_ordering_success": false
  },
  "raw_data": {},
  "success": true,
  "error_message": null,
  "duration_seconds": 181.9531641000649
}