{
  "experiment_name": "agreement_number",
  "timestamp": "2026-02-18T12:15:17.946694",
  "parameters": {
    "n": 50000,
    "k": 100,
    "p": 0.05,
    "beta": 0.05,
    "rounds": 10,
    "n_seeds": 15,
    "p600_settling_rounds": 10,
    "consolidation_passes": 1
  },
  "metrics": {
    "verb_gram": {
      "mean": 0.02031456905446875,
      "std": 0.01568851657034173,
      "sem": 0.004050757560242174,
      "ci95_lo": 0.012375084236394088,
      "ci95_hi": 0.028254053872543414,
      "min": 0.0,
      "max": 0.06397098876078358,
      "n": 15
    },
    "verb_agree": {
      "mean": 0.02433193919049244,
      "std": 0.01923049789043027,
      "sem": 0.00496529320459422,
      "ci95_lo": 0.014599964509487771,
      "ci95_hi": 0.03406391387149711,
      "min": 0.0,
      "max": 0.06911279363230444,
      "n": 15
    },
    "verb_agree_vs_gram": {
      "test": {
        "t": 0.7761524143696393,
        "p": 0.45057302569327373,
        "d": 0.20040169166481941,
        "significant": "False"
      },
      "agree_higher": "True"
    },
    "verb_per_area_ROLE_AGENT": {
      "agree": 0.0036238918009448024,
      "gram": 0.004931081343428461,
      "test": {
        "t": -1.0728431911675465,
        "p": 0.30148674528942193,
        "d": -0.2770069208322618,
        "significant": "False"
      },
      "direction": "gram>agree"
    },
    "verb_per_area_ROLE_PATIENT": {
      "agree": 0.000990099009900991,
      "gram": 0.003947453568886302,
      "test": {
        "t": -2.360351512039765,
        "p": 0.033299559525617084,
        "d": -0.6094401398217003,
        "significant": "True"
      },
      "direction": "gram>agree"
    },
    "verb_per_area_VP": {
      "agree": 0.023335463186524255,
      "gram": 0.016747934073818582,
      "test": {
        "t": 1.2623901846689398,
        "p": 0.227432484777967,
        "d": 0.32594774410923394,
        "significant": "False"
      },
      "direction": "agree>gram"
    },
    "obj_gram": {
      "mean": 0.04415145638978612,
      "std": 0.02508979312646461,
      "sem": 0.006478156729239117,
      "ci95_lo": 0.03145426920047745,
      "ci95_hi": 0.05684864357909479,
      "min": 0.012327703358571154,
      "max": 0.09583411171305817,
      "n": 15
    },
    "obj_agree": {
      "mean": 0.03270225112665925,
      "std": 0.020605430411952404,
      "sem": 0.0053202992551285,
      "ci95_lo": 0.02227446458660739,
      "ci95_hi": 0.043130037666711106,
      "min": 0.00990099009900991,
      "max": 0.08650286991659106,
      "n": 15
    },
    "obj_cat": {
      "mean": 0.021178447561108673,
      "std": 0.013943172382371721,
      "sem": 0.003600111628681658,
      "ci95_lo": 0.014122228768892624,
      "ci95_hi": 0.028234666353324722,
      "min": 0.0,
      "max": 0.05170611292996805,
      "n": 15
    },
    "obj_agree_vs_gram": {
      "test": {
        "t": -1.6079691366354847,
        "p": 0.13015330831601207,
        "d": -0.4151758458269834,
        "significant": "False"
      },
      "direction": "LOWER"
    },
    "obj_cat_vs_gram": {
      "test": {
        "t": -3.689277222621805,
        "p": 0.0024283372847684857,
        "d": -0.9525672828504402,
        "significant": "True"
      },
      "direction": "LOWER"
    },
    "obj_cat_vs_agree": {
      "test": {
        "t": -3.173371024119715,
        "p": 0.006769687136778123,
        "d": -0.8193608751835221,
        "significant": "True"
      },
      "direction": "LOWER"
    },
    "ordering_correct": false,
    "obj_per_area_ROLE_AGENT": {
      "agree": 0.0078069054481401615,
      "gram": 0.00878406198732349,
      "test": {
        "t": -1.8707261389560716,
        "p": 0.08243295631904497,
        "d": -0.4830194120994511,
        "significant": "False"
      },
      "direction": "gram>agree"
    },
    "obj_per_area_ROLE_PATIENT": {
      "agree": 0.005591147350029122,
      "gram": 0.005921180353329452,
      "test": {
        "t": -0.5640760748177661,
        "p": 0.581626836953901,
        "d": -0.1456438162508838,
        "significant": "False"
      },
      "direction": "gram>agree"
    },
    "obj_per_area_VP": {
      "agree": 0.037365855374800756,
      "gram": 0.04501383715203835,
      "test": {
        "t": -0.6716261166113381,
        "p": 0.5127526225238641,
        "d": -0.17341311763424486,
        "significant": "False"
      },
      "direction": "gram>agree"
    },
    "margin_verb_gram_vs_agree": {
      "test": {
        "t": 0.6605807435920982,
        "p": 0.5196034633044115,
        "d": 0.17056121458383386,
        "significant": "False"
      },
      "gram_mean": 36.89969647725423,
      "agree_mean": 33.01208251317342,
      "gram_higher": true
    },
    "margin_obj_ordering": false,
    "vp_dist_verb": {
      "mean": 0.017692922918791026,
      "std": 0.01466020173357306,
      "sem": 0.0037852478110779707,
      "ci95_lo": 0.010273837209078204,
      "ci95_hi": 0.025112008628503848,
      "min": 0.0,
      "max": 0.043880630210365396,
      "n": 15
    },
    "vp_dist_obj_agree": {
      "mean": 0.008891665865615694,
      "std": 0.0056180643640789465,
      "sem": 0.0014505779813332748,
      "ci95_lo": 0.006048533022202475,
      "ci95_hi": 0.011734798709028913,
      "min": 0.0,
      "max": 0.024464096895126408,
      "n": 15
    },
    "vp_dist_obj_cat": {
      "mean": 0.03226896493629505,
      "std": 0.016632778250764948,
      "sem": 0.004294564877758238,
      "ci95_lo": 0.023851617775888907,
      "ci95_hi": 0.0406863120967012,
      "min": 0.004950495049504955,
      "max": 0.058252427184465994,
      "n": 15
    },
    "vp_dist_cat_vs_agree": {
      "test": {
        "t": 5.9964891169501096,
        "p": 3.274484945794615e-05,
        "d": 1.5482868323774528,
        "significant": "True"
      },
      "cat_higher": true
    },
    "n400_verb_agree_vs_gram": {
      "test": {
        "t": 143.01386652975492,
        "p": 1.4681800481144486e-23,
        "d": 36.9260215564314,
        "significant": "True"
      }
    },
    "n400_obj_agree_vs_gram": {
      "test": {
        "t": 172.51092409801495,
        "p": 1.0647575505851294e-24,
        "d": 44.542129071364236,
        "significant": "True"
      }
    },
    "verb_inst_success": true,
    "verb_margin_success": true,
    "object_ordering_success": false
  },
  "raw_data": {},
  "success": true,
  "error_message": null,
  "duration_seconds": 21986.274278900004
}