{
  "experiment_name": "agreement_violations",
  "timestamp": "2026-02-17T18:08:42.726814",
  "parameters": {
    "n": 50000,
    "k": 100,
    "p": 0.05,
    "beta": 0.05,
    "rounds": 10,
    "n_seeds": 3,
    "p600_settling_rounds": 5,
    "consolidation_passes": 10
  },
  "metrics": {
    "gram": {
      "mean": 1.5658561618124305,
      "std": 0.16500434709020115,
      "sem": 0.09526530420998608,
      "ci95_lo": 1.3791361655608578,
      "ci95_hi": 1.7525761580640031,
      "min": 1.4015105008230773,
      "max": 1.73151139970018,
      "n": 3
    },
    "agreement": {
      "mean": 0.9281165120128881,
      "std": 0.1197221207024982,
      "sem": 0.06912159861554021,
      "ci95_lo": 0.7926381787264294,
      "ci95_hi": 1.063594845299347,
      "min": 0.7899174476112809,
      "max": 1.0002409631206808,
      "n": 3
    },
    "category": {
      "mean": 1.6448260493498317,
      "std": 0.010012011931358433,
      "sem": 0.005780437783699536,
      "ci95_lo": 1.6334963912937805,
      "ci95_hi": 1.6561557074058828,
      "min": 1.6385688268688876,
      "max": 1.6563734347309753,
      "n": 3
    },
    "ordering_correct": false,
    "cat_vs_gram": {
      "test": {
        "t": 0.8295053598836802,
        "p": 0.49406098479618465,
        "d": 0.47891514282308023,
        "significant": "False"
      },
      "direction": "HIGHER"
    },
    "agree_vs_gram": {
      "test": {
        "t": -12.352670024777984,
        "p": 0.006489847357540796,
        "d": -7.13181736401619,
        "significant": "True"
      },
      "direction": "LOWER"
    },
    "cat_vs_agree": {
      "test": {
        "t": 10.851938091106707,
        "p": 0.00838486846142231,
        "d": 6.26536937812961,
        "significant": "True"
      },
      "direction": "HIGHER"
    }
  },
  "raw_data": {},
  "success": true,
  "error_message": null,
  "duration_seconds": 105.63820209994446
}