{
  "experiment_name": "agreement_number",
  "timestamp": "2026-02-17T19:52:17.116943",
  "parameters": {
    "n": 50000,
    "k": 100,
    "p": 0.05,
    "beta": 0.05,
    "rounds": 10,
    "n_seeds": 5,
    "p600_settling_rounds": 10,
    "consolidation_passes": 1
  },
  "metrics": {
    "verb_gram": {
      "mean": 0.017821782178217838,
      "std": 0.0027114978094315177,
      "sem": 0.0012126186845461287,
      "ci95_lo": 0.015445049556507426,
      "ci95_hi": 0.02019851479992825,
      "min": 0.014851485148514865,
      "max": 0.01980198019801982,
      "n": 5
    },
    "verb_agree": {
      "mean": 0.01881188118811883,
      "std": 0.01417606045868947,
      "sem": 0.006339726967755301,
      "ci95_lo": 0.006386016331318439,
      "ci95_hi": 0.031237746044919218,
      "min": 0.0,
      "max": 0.03960396039603964,
      "n": 5
    },
    "verb_agree_vs_gram": {
      "test": {
        "t": 0.17277368511627203,
        "p": 0.8712193191878357,
        "d": 0.07726674092862558,
        "significant": "False"
      },
      "agree_higher": "True"
    },
    "verb_per_area_ROLE_AGENT": {
      "agree": 0.003960396039603964,
      "gram": 0.004950495049504955,
      "test": {
        "t": -0.25,
        "p": 0.8149020114591812,
        "d": -0.1118033988749895,
        "significant": "False"
      },
      "direction": "gram>agree"
    },
    "verb_per_area_ROLE_PATIENT": {
      "agree": 0.001980198019801982,
      "gram": 0.002970297029702973,
      "test": {
        "t": -1.0,
        "p": 0.373900966300059,
        "d": -0.44721359549995787,
        "significant": "False"
      },
      "direction": "gram>agree"
    },
    "verb_per_area_VP": {
      "agree": 0.014851485148514865,
      "gram": 0.0108910891089109,
      "test": {
        "t": 0.9299811099505543,
        "p": 0.40502331430906047,
        "d": 0.41590019592802907,
        "significant": "False"
      },
      "direction": "agree>gram"
    },
    "obj_gram": {
      "mean": 0.029714650521290013,
      "std": 0.0072259910778957916,
      "sem": 0.0032315614509963934,
      "ci95_lo": 0.023380790077337083,
      "ci95_hi": 0.03604851096524295,
      "min": 0.02428099952852429,
      "max": 0.03866100895803867,
      "n": 5
    },
    "obj_agree": {
      "mean": 0.031025342353239865,
      "std": 0.017316584941773603,
      "sem": 0.007744212213591003,
      "ci95_lo": 0.015846686414601498,
      "ci95_hi": 0.04620399829187823,
      "min": 0.014851485148514865,
      "max": 0.05940594059405946,
      "n": 5
    },
    "obj_cat": {
      "mean": 0.014851485148514865,
      "std": 0.004950495049504955,
      "sem": 0.002213928690593853,
      "ci95_lo": 0.010512184914950913,
      "ci95_hi": 0.019190785382078815,
      "min": 0.00990099009900991,
      "max": 0.01980198019801982,
      "n": 5
    },
    "obj_agree_vs_gram": {
      "test": {
        "t": 0.13856328902208095,
        "p": 0.8964911341363135,
        "d": 0.061967386687864674,
        "significant": "False"
      },
      "direction": "HIGHER"
    },
    "obj_cat_vs_gram": {
      "test": {
        "t": -3.1555319179868615,
        "p": 0.03433102675716724,
        "d": -1.4111967747577825,
        "significant": "True"
      },
      "direction": "LOWER"
    },
    "obj_cat_vs_agree": {
      "test": {
        "t": -2.5107017171059063,
        "p": 0.06600792347567211,
        "d": -1.1228199421348506,
        "significant": "False"
      },
      "direction": "LOWER"
    },
    "ordering_correct": false,
    "obj_per_area_ROLE_AGENT": {
      "agree": 0.012642802741812642,
      "gram": 0.014548652667464551,
      "test": {
        "t": -1.0,
        "p": 0.373900966300059,
        "d": -0.44721359549995787,
        "significant": "False"
      },
      "direction": "gram>agree"
    },
    "obj_per_area_ROLE_PATIENT": {
      "agree": 0.002970297029702973,
      "gram": 0.003960396039603964,
      "test": {
        "t": -1.0,
        "p": 0.373900966300059,
        "d": -0.44721359549995787,
        "significant": "False"
      },
      "direction": "gram>agree"
    },
    "obj_per_area_VP": {
      "agree": 0.026674432149097278,
      "gram": 0.028256969200475317,
      "test": {
        "t": -0.19746833344700815,
        "p": 0.8530896917442604,
        "d": -0.08831052339822111,
        "significant": "False"
      },
      "direction": "gram>agree"
    },
    "margin_verb_gram_vs_agree": {
      "test": {
        "t": 0.6925955801602571,
        "p": 0.5266720944744786,
        "d": 0.30973815963084794,
        "significant": "False"
      },
      "gram_mean": 55.615000534057614,
      "agree_mean": 52.81295661926269,
      "gram_higher": true
    },
    "margin_obj_ordering": false,
    "n400_verb_agree_vs_gram": {
      "test": {
        "t": 168.46703706677636,
        "p": 7.447139541690528e-09,
        "d": 75.34074936985775,
        "significant": "True"
      }
    },
    "n400_obj_agree_vs_gram": {
      "test": {
        "t": 106.68870711282369,
        "p": 4.628317247150665e-08,
        "d": 47.712640307167824,
        "significant": "True"
      }
    },
    "verb_inst_success": true,
    "verb_margin_success": true,
    "object_ordering_success": false
  },
  "raw_data": {},
  "success": true,
  "error_message": null,
  "duration_seconds": 98.58762989996467
}