{
  "experiment_name": "agreement_number",
  "timestamp": "2026-02-18T12:17:31.519049",
  "parameters": {
    "n": 50000,
    "k": 100,
    "p": 0.05,
    "beta": 0.05,
    "rounds": 10,
    "n_seeds": 5,
    "p600_settling_rounds": 10,
    "consolidation_passes": 3
  },
  "metrics": {
    "verb_gram": {
      "mean": 0.02269462240341682,
      "std": 0.02695958512811884,
      "sem": 0.01205669299833322,
      "ci95_lo": -0.0009364958733162933,
      "ci95_hi": 0.04632574068014993,
      "min": 0.0,
      "max": 0.06911279363230444,
      "n": 5
    },
    "verb_agree": {
      "mean": 0.028615802756746272,
      "std": 0.03138432898141329,
      "sem": 0.014035498606131368,
      "ci95_lo": 0.0011062254887287924,
      "ci95_hi": 0.05612538002476375,
      "min": 0.0,
      "max": 0.07920792079207928,
      "n": 5
    },
    "verb_agree_vs_gram": {
      "test": {
        "t": 0.3682377306600307,
        "p": 0.7313557071620289,
        "d": 0.16468091952721745,
        "significant": "False"
      },
      "agree_higher": "True"
    },
    "verb_per_area_ROLE_AGENT": {
      "agree": 0.0,
      "gram": 0.0,
      "test": {
        "t": 0.0,
        "p": 1.0,
        "d": 0.0,
        "significant": false
      },
      "direction": "gram>agree"
    },
    "verb_per_area_ROLE_PATIENT": {
      "agree": 0.0,
      "gram": 0.001960784313725489,
      "test": {
        "t": -1.0,
        "p": 0.373900966300059,
        "d": -0.447213595499958,
        "significant": "False"
      },
      "direction": "gram>agree"
    },
    "verb_per_area_VP": {
      "agree": 0.028615802756746272,
      "gram": 0.02073383808969133,
      "test": {
        "t": 0.49667426815382537,
        "p": 0.6454755702487649,
        "d": 0.2221194852533825,
        "significant": "False"
      },
      "direction": "agree>gram"
    },
    "obj_gram": {
      "mean": 0.049562087643862704,
      "std": 0.032599544213577476,
      "sem": 0.014578959379413831,
      "ci95_lo": 0.020987327260211595,
      "ci95_hi": 0.0781368480275138,
      "min": 0.00990099009900991,
      "max": 0.0987186953989517,
      "n": 5
    },
    "obj_agree": {
      "mean": 0.041866505325575405,
      "std": 0.027423695504351673,
      "sem": 0.012264249468397144,
      "ci95_lo": 0.017828576367517005,
      "ci95_hi": 0.06590443428363381,
      "min": 0.00990099009900991,
      "max": 0.07872540537891598,
      "n": 5
    },
    "obj_cat": {
      "mean": 0.016754028344010873,
      "std": 0.014616889884887541,
      "sem": 0.006536871880447524,
      "ci95_lo": 0.003941759458333726,
      "ci95_hi": 0.029566297229688017,
      "min": 0.0,
      "max": 0.03940982333527471,
      "n": 5
    },
    "obj_agree_vs_gram": {
      "test": {
        "t": -0.9105350688686583,
        "p": 0.41404711464556004,
        "d": -0.4072036619775544,
        "significant": "False"
      },
      "direction": "LOWER"
    },
    "obj_cat_vs_gram": {
      "test": {
        "t": -4.063881513104812,
        "p": 0.015299747710990288,
        "d": -1.8174230631614126,
        "significant": "True"
      },
      "direction": "LOWER"
    },
    "obj_cat_vs_agree": {
      "test": {
        "t": -3.081386959379961,
        "p": 0.036881801813992116,
        "d": -1.3780381412309952,
        "significant": "True"
      },
      "direction": "LOWER"
    },
    "ordering_correct": false,
    "obj_per_area_ROLE_AGENT": {
      "agree": 0.0,
      "gram": 0.0,
      "test": {
        "t": 0.0,
        "p": 1.0,
        "d": 0.0,
        "significant": false
      },
      "direction": "gram>agree"
    },
    "obj_per_area_ROLE_PATIENT": {
      "agree": 0.001980198019801982,
      "gram": 0.0039027203691242907,
      "test": {
        "t": -0.7754355627159073,
        "p": 0.48137393902760145,
        "d": -0.34678532608071405,
        "significant": "False"
      },
      "direction": "gram>agree"
    },
    "obj_per_area_VP": {
      "agree": 0.0433131091521488,
      "gram": 0.05097207199711569,
      "test": {
        "t": -0.9788228262890516,
        "p": 0.3830893934820355,
        "d": -0.4377428755021576,
        "significant": "False"
      },
      "direction": "gram>agree"
    },
    "margin_verb_gram_vs_agree": {
      "test": {
        "t": 2.139674647744549,
        "p": 0.09912403893566228,
        "d": 0.9568915924179457,
        "significant": "False"
      },
      "gram_mean": 46.92631912231445,
      "agree_mean": 24.984003448486327,
      "gram_higher": true
    },
    "margin_obj_ordering": false,
    "vp_dist_verb": {
      "mean": 0.019608974032754502,
      "std": 0.01948896752699981,
      "sem": 0.008715731240331509,
      "ci95_lo": 0.002526140801704744,
      "ci95_hi": 0.03669180726380426,
      "min": 0.0,
      "max": 0.048734056729487885,
      "n": 5
    },
    "vp_dist_obj_agree": {
      "mean": 0.009843314428530236,
      "std": 0.0059455965774389274,
      "sem": 0.0026589516227887066,
      "ci95_lo": 0.004631769247864371,
      "ci95_hi": 0.0150548596091961,
      "min": 0.004950495049504955,
      "max": 0.019513601845621453,
      "n": 5
    },
    "vp_dist_obj_cat": {
      "mean": 0.032214016049561214,
      "std": 0.014749663600321294,
      "sem": 0.00659625009111454,
      "ci95_lo": 0.019285365870976717,
      "ci95_hi": 0.04514266622814571,
      "min": 0.00990099009900991,
      "max": 0.04397487150199883,
      "n": 5
    },
    "vp_dist_cat_vs_agree": {
      "test": {
        "t": 3.197132480990322,
        "p": 0.032990893527561106,
        "d": 1.4298011121133831,
        "significant": "True"
      },
      "cat_higher": true
    },
    "n400_verb_agree_vs_gram": {
      "test": {
        "t": 73.88743806856031,
        "p": 2.0106601299855007e-07,
        "d": 33.04346684092133,
        "significant": "True"
      }
    },
    "n400_obj_agree_vs_gram": {
      "test": {
        "t": 116.99492728951633,
        "p": 3.2008964803141805e-08,
        "d": 52.32172208840075,
        "significant": "True"
      }
    },
    "verb_inst_success": true,
    "verb_margin_success": true,
    "object_ordering_success": false
  },
  "raw_data": {},
  "success": true,
  "error_message": null,
  "duration_seconds": 71.98590090009384
}