{
  "experiment_name": "agreement_number",
  "timestamp": "2026-02-18T06:08:51.553725",
  "parameters": {
    "n": 50000,
    "k": 100,
    "p": 0.05,
    "beta": 0.05,
    "rounds": 10,
    "n_seeds": 10,
    "p600_settling_rounds": 10,
    "consolidation_passes": 1
  },
  "metrics": {
    "verb_gram": {
      "mean": 0.023550867365434432,
      "std": 0.018153972173220807,
      "sem": 0.0057407900646694555,
      "ci95_lo": 0.0122989188386823,
      "ci95_hi": 0.03480281589218656,
      "min": 0.0,
      "max": 0.06397098876078358,
      "n": 10
    },
    "verb_agree": {
      "mean": 0.023150985858151778,
      "std": 0.017697849517364184,
      "sem": 0.005596551416178249,
      "ci95_lo": 0.01218174508244241,
      "ci95_hi": 0.03412022663386115,
      "min": 0.0,
      "max": 0.04931081343428462,
      "n": 10
    },
    "verb_agree_vs_gram": {
      "test": {
        "t": -0.06591347182273893,
        "p": 0.9488876638660273,
        "d": -0.020843669944918528,
        "significant": "False"
      },
      "agree_higher": "False"
    },
    "verb_per_area_ROLE_AGENT": {
      "agree": 0.0034556396816152217,
      "gram": 0.00394098233352747,
      "test": {
        "t": -0.3158629794400938,
        "p": 0.7593085544832615,
        "d": -0.09988464435576325,
        "significant": "False"
      },
      "direction": "gram>agree"
    },
    "verb_per_area_ROLE_PATIENT": {
      "agree": 0.0004950495049504955,
      "gram": 0.004436031838477966,
      "test": {
        "t": -2.454508043719544,
        "p": 0.03648589517571265,
        "d": -0.7761835953357905,
        "significant": "True"
      },
      "direction": "gram>agree"
    },
    "verb_per_area_VP": {
      "agree": 0.024626568881902473,
      "gram": 0.02066645556617341,
      "test": {
        "t": 0.619056867339339,
        "p": 0.551224877988076,
        "d": 0.19576297019610117,
        "significant": "False"
      },
      "direction": "agree>gram"
    },
    "obj_gram": {
      "mean": 0.04109894629420822,
      "std": 0.024782155356723838,
      "sem": 0.007836805625538993,
      "ci95_lo": 0.025738807268151795,
      "ci95_hi": 0.05645908532026464,
      "min": 0.014754416618132399,
      "max": 0.09583411171305817,
      "n": 10
    },
    "obj_agree": {
      "mean": 0.03388557608310395,
      "std": 0.021748463463442884,
      "sem": 0.006877468015343365,
      "ci95_lo": 0.02040573877303095,
      "ci95_hi": 0.047365413393176944,
      "min": 0.00990099009900991,
      "max": 0.08650286991659106,
      "n": 10
    },
    "obj_cat": {
      "mean": 0.022390851306718338,
      "std": 0.015029284176369293,
      "sem": 0.004752676959925473,
      "ci95_lo": 0.013075604465264411,
      "ci95_hi": 0.03170609814817227,
      "min": 0.0,
      "max": 0.05170611292996805,
      "n": 10
    },
    "obj_agree_vs_gram": {
      "test": {
        "t": -0.8259049444351879,
        "p": 0.43020687496212673,
        "d": -0.2611740755210002,
        "significant": "False"
      },
      "direction": "LOWER"
    },
    "obj_cat_vs_gram": {
      "test": {
        "t": -2.305886830853076,
        "p": 0.046548803159321014,
        "d": -0.7291854412083146,
        "significant": "True"
      },
      "direction": "LOWER"
    },
    "obj_cat_vs_agree": {
      "test": {
        "t": -3.305762716868446,
        "p": 0.009145479187952108,
        "d": -1.0453739589370614,
        "significant": "True"
      },
      "direction": "LOWER"
    },
    "ordering_correct": false,
    "obj_per_area_ROLE_AGENT": {
      "agree": 0.006331641567518098,
      "gram": 0.0073120337243808425,
      "test": {
        "t": -1.499908105690622,
        "p": 0.1678740264466945,
        "d": -0.4743125894930927,
        "significant": "False"
      },
      "direction": "gram>agree"
    },
    "obj_per_area_ROLE_PATIENT": {
      "agree": 0.005416423995340711,
      "gram": 0.006406523005241702,
      "test": {
        "t": -1.5,
        "p": 0.16785065605707486,
        "d": -0.47434164902525694,
        "significant": "False"
      },
      "direction": "gram>agree"
    },
    "obj_per_area_VP": {
      "agree": 0.04225506217098009,
      "gram": 0.04302402289582469,
      "test": {
        "t": -0.04922024647395536,
        "p": 0.9618187811316351,
        "d": -0.015564808585257049,
        "significant": "False"
      },
      "direction": "gram>agree"
    },
    "margin_verb_gram_vs_agree": {
      "test": {
        "t": 0.6042459006876643,
        "p": 0.5606014176150524,
        "d": 0.1910793312992922,
        "significant": "False"
      },
      "gram_mean": 35.71118106842041,
      "agree_mean": 31.639614248275755,
      "gram_higher": true
    },
    "margin_obj_ordering": false,
    "vp_dist_verb": {
      "mean": 0.020618204024857083,
      "std": 0.015247846454665712,
      "sem": 0.004821792420926701,
      "ci95_lo": 0.01116749087984075,
      "ci95_hi": 0.030068917169873415,
      "min": 0.0,
      "max": 0.043880630210365396,
      "n": 10
    },
    "vp_dist_obj_agree": {
      "mean": 0.010862251273671065,
      "std": 0.005541420323361796,
      "sem": 0.0017523509694170043,
      "ci95_lo": 0.007427643373613737,
      "ci95_hi": 0.014296859173728393,
      "min": 0.004950495049504955,
      "max": 0.024464096895126408,
      "n": 10
    },
    "vp_dist_obj_cat": {
      "mean": 0.037084974037974006,
      "std": 0.01798488046008313,
      "sem": 0.005687318569971968,
      "ci95_lo": 0.025937829640828948,
      "ci95_hi": 0.04823211843511906,
      "min": 0.004950495049504955,
      "max": 0.058252427184465994,
      "n": 10
    },
    "vp_dist_cat_vs_agree": {
      "test": {
        "t": 4.763154344073599,
        "p": 0.001025135264179488,
        "d": 1.5062416574197914,
        "significant": "True"
      },
      "cat_higher": true
    },
    "n400_verb_agree_vs_gram": {
      "test": {
        "t": 139.70106346792653,
        "p": 2.507577127901548e-16,
        "d": 44.17735521063889,
        "significant": "True"
      }
    },
    "n400_obj_agree_vs_gram": {
      "test": {
        "t": 142.07796825228385,
        "p": 2.1544590293054333e-16,
        "d": 44.92899850063095,
        "significant": "True"
      }
    },
    "verb_inst_success": false,
    "verb_margin_success": true,
    "object_ordering_success": false
  },
  "raw_data": {},
  "success": true,
  "error_message": null,
  "duration_seconds": 222.70090519997757
}