{
  "experiment_name": "agreement_violations",
  "timestamp": "2026-02-17T18:37:23.622641",
  "parameters": {
    "n": 50000,
    "k": 100,
    "p": 0.05,
    "beta": 0.05,
    "rounds": 10,
    "n_seeds": 3,
    "p600_settling_rounds": 5,
    "consolidation_passes": 10
  },
  "metrics": {
    "obj_gram": {
      "mean": 1.5658561618124305,
      "std": 0.16500434709020115,
      "sem": 0.09526530420998608,
      "ci95_lo": 1.3791361655608578,
      "ci95_hi": 1.7525761580640031,
      "min": 1.4015105008230773,
      "max": 1.73151139970018,
      "n": 3
    },
    "obj_agreement": {
      "mean": 0.9281165120128881,
      "std": 0.1197221207024982,
      "sem": 0.06912159861554021,
      "ci95_lo": 0.7926381787264294,
      "ci95_hi": 1.063594845299347,
      "min": 0.7899174476112809,
      "max": 1.0002409631206808,
      "n": 3
    },
    "obj_category": {
      "mean": 1.6448260493498317,
      "std": 0.010012011931358433,
      "sem": 0.005780437783699536,
      "ci95_lo": 1.6334963912937805,
      "ci95_hi": 1.6561557074058828,
      "min": 1.6385688268688876,
      "max": 1.6563734347309753,
      "n": 3
    },
    "obj_ordering_correct": false,
    "obj_contamination_pattern": true,
    "obj_cat_vs_gram": {
      "test": {
        "t": 0.8295053598836802,
        "p": 0.49406098479618465,
        "d": 0.47891514282308023,
        "significant": "False"
      },
      "direction": "HIGHER"
    },
    "obj_agree_vs_gram": {
      "test": {
        "t": -12.352670024777984,
        "p": 0.006489847357540796,
        "d": -7.13181736401619,
        "significant": "True"
      },
      "direction": "LOWER"
    },
    "obj_cat_vs_agree": {
      "test": {
        "t": 10.851938091106707,
        "p": 0.00838486846142231,
        "d": 6.26536937812961,
        "significant": "True"
      },
      "direction": "HIGHER"
    },
    "verb_gram": {
      "mean": 0.9792425522218086,
      "std": 0.13344106935075906,
      "sem": 0.07704223731061227,
      "ci95_lo": 0.8282397670930085,
      "ci95_hi": 1.1302453373506087,
      "min": 0.8607642604985762,
      "max": 1.1237969357741948,
      "n": 3
    },
    "verb_agreement": {
      "mean": 0.9854840730479791,
      "std": 0.12005475758449766,
      "sem": 0.06931364660890499,
      "ci95_lo": 0.8496293256945253,
      "ci95_hi": 1.121338820401433,
      "min": 0.9052794911293492,
      "max": 1.123507575182993,
      "n": 3
    },
    "verb_agree_vs_gram": {
      "test": {
        "t": 0.30484935146707864,
        "p": 0.7892791063622164,
        "d": 0.1760048551318007,
        "significant": "False"
      },
      "agree_higher": "True"
    },
    "obj_per_area_ROLE_AGENT": {
      "agree": 0.05376043896306618,
      "gram": 0.05541060397956784,
      "test": {
        "t": -1.0,
        "p": 0.42264973081037427,
        "d": -0.5773502691896258,
        "significant": "False"
      },
      "direction": "gram>agree"
    },
    "obj_per_area_ROLE_PATIENT": {
      "agree": 0.0033003300330033034,
      "gram": 0.004918138872710799,
      "test": {
        "t": -1.0,
        "p": 0.42264973081037427,
        "d": -0.5773502691896257,
        "significant": "False"
      },
      "direction": "gram>agree"
    },
    "obj_per_area_SUBJ": {
      "agree": 1.49098083112404,
      "gram": 2.378200555968203,
      "test": {
        "t": -18.957243213180334,
        "p": 0.0027710320349331554,
        "d": -10.944969472222873,
        "significant": "True"
      },
      "direction": "gram>agree"
    },
    "obj_per_area_OBJ": {
      "agree": 1.4763323138726534,
      "gram": 2.3910562396648536,
      "test": {
        "t": -19.92979269632339,
        "p": 0.0025081765987328736,
        "d": -11.506471178115747,
        "significant": "True"
      },
      "direction": "gram>agree"
    },
    "obj_per_area_VP": {
      "agree": 0.021291306743467037,
      "gram": 0.02119702920518296,
      "test": {
        "t": 0.9999999999999999,
        "p": 0.42264973081037427,
        "d": 0.5773502691896257,
        "significant": "False"
      },
      "direction": "agree>gram"
    },
    "verb_per_area_ROLE_AGENT": {
      "agree": 0.41940074463747057,
      "gram": 0.4129902797229073,
      "test": {
        "t": 3.5296346191911523,
        "p": 0.07173745772574201,
        "d": 2.037835497531034,
        "significant": "False"
      },
      "direction": "agree>gram"
    },
    "verb_per_area_ROLE_PATIENT": {
      "agree": 0.3639625766602718,
      "gram": 0.3604278374456609,
      "test": {
        "t": 0.8298519203705146,
        "p": 0.49390373999579285,
        "d": 0.4791152296134445,
        "significant": "False"
      },
      "direction": "agree>gram"
    },
    "verb_per_area_SUBJ": {
      "agree": 2.0062270653815006,
      "gram": 1.9819593072554456,
      "test": {
        "t": 0.6591384620872599,
        "p": 0.5775502869033995,
        "d": 0.38055376851931544,
        "significant": "False"
      },
      "direction": "agree>gram"
    },
    "verb_per_area_OBJ": {
      "agree": 1.9160327000547366,
      "gram": 1.925187679944312,
      "test": {
        "t": -1.024145933082093,
        "p": 0.4134675523158289,
        "d": -0.5912909301544068,
        "significant": "False"
      },
      "direction": "gram>agree"
    },
    "verb_per_area_VP": {
      "agree": 0.021419789037727316,
      "gram": 0.02963825794344142,
      "test": {
        "t": -0.7617604639951888,
        "p": 0.5257742911475811,
        "d": -0.4398026089456365,
        "significant": "False"
      },
      "direction": "gram>agree"
    },
    "n400_obj_agree_vs_gram": {
      "test": {
        "t": 152.34984160863232,
        "p": 4.3081212748348096e-05,
        "d": 87.95922206374071,
        "significant": "True"
      }
    },
    "n400_obj_cat_vs_gram": {
      "test": {
        "t": 7.094641618061189,
        "p": 0.019294191779202535,
        "d": 4.096093247991551,
        "significant": "True"
      }
    },
    "core_inst_obj_agree_vs_gram": {
      "test": {
        "t": -36.65809584340535,
        "p": 0.0007433198928528508,
        "d": -21.164561503169182,
        "significant": "True"
      }
    },
    "core_inst_obj_cat_vs_gram": {
      "test": {
        "t": -11.424925377545865,
        "p": 0.007574207208280151,
        "d": -6.596183742197493,
        "significant": "True"
      }
    },
    "n400_verb_agree_vs_gram": {
      "test": {
        "t": 113.89703124528059,
        "p": 7.707703113516852e-05,
        "d": 65.75848164936197,
        "significant": "True"
      }
    },
    "core_inst_verb_agree_vs_gram": {
      "test": {
        "t": -8.527758219752117,
        "p": 0.013473589989853004,
        "d": -4.923503503757928,
        "significant": "True"
      }
    },
    "ctxfree_noun": {
      "mean": 0.8970155811294731,
      "std": 0.12745237665851983,
      "sem": 0.07358466397265401,
      "ci95_lo": 0.7527896397430712,
      "ci95_hi": 1.0412415225158749,
      "min": 0.7560620027279472,
      "max": 1.0041417204985388,
      "n": 3
    },
    "ctxfree_verb": {
      "mean": 0.9979166851132835,
      "std": 0.0766656767794463,
      "sem": 0.044262949126218164,
      "ci95_lo": 0.9111613048258959,
      "ci95_hi": 1.084672065400671,
      "min": 0.9351847936530262,
      "max": 1.0833766077855302,
      "n": 3
    },
    "context_effect_gram": {
      "test": {
        "t": 22.70311695227252,
        "p": 0.0019344940268544364,
        "d": 13.107650683838097,
        "significant": "True"
      }
    },
    "context_effect_agree": {
      "test": {
        "t": 1.3553188046592561,
        "p": 0.3080864384785178,
        "d": 0.7824936767077832,
        "significant": "False"
      }
    },
    "hypotheses": {
      "H1_context_contamination": true,
      "H2_position_effect": false,
      "H3_insufficient_representation": true,
      "H4_area_specific_masking": true
    }
  },
  "raw_data": {},
  "success": true,
  "error_message": null,
  "duration_seconds": 114.23373290000018
}