{
  "experiment_name": "agreement_number",
  "timestamp": "2026-02-17T19:40:02.693456",
  "parameters": {
    "n": 50000,
    "k": 100,
    "p": 0.05,
    "beta": 0.05,
    "rounds": 10,
    "n_seeds": 3,
    "p600_settling_rounds": 10,
    "consolidation_passes": 3
  },
  "metrics": {
    "verb_gram": {
      "mean": 0.004950495049504955,
      "std": 0.008574508948360787,
      "sem": 0.004950495049504956,
      "ci95_lo": -0.004752475247524758,
      "ci95_hi": 0.014653465346534668,
      "min": 0.0,
      "max": 0.014851485148514865,
      "n": 3
    },
    "verb_agree": {
      "mean": 0.021452145214521472,
      "std": 0.02061055445015975,
      "sem": 0.011899509159947171,
      "ci95_lo": -0.001870892738974981,
      "ci95_hi": 0.04477518316801793,
      "min": 0.004950495049504955,
      "max": 0.044554455445544594,
      "n": 3
    },
    "verb_agree_vs_gram": {
      "test": {
        "t": 1.1704114719613057,
        "p": 0.3624232869366617,
        "d": 0.675737378399486,
        "significant": "False"
      },
      "agree_higher": "True"
    },
    "verb_per_area_ROLE_AGENT": {
      "agree": 0.0,
      "gram": 0.0,
      "test": {
        "t": 0.0,
        "p": 1.0,
        "d": 0.0,
        "significant": false
      },
      "direction": "gram>agree"
    },
    "verb_per_area_ROLE_PATIENT": {
      "agree": 0.0016501650165016517,
      "gram": 0.0033003300330033034,
      "test": {
        "t": -0.3779644730092272,
        "p": 0.7418011102528389,
        "d": -0.2182178902359924,
        "significant": "False"
      },
      "direction": "gram>agree"
    },
    "verb_per_area_VP": {
      "agree": 0.01980198019801982,
      "gram": 0.004950495049504955,
      "test": {
        "t": 1.0,
        "p": 0.42264973081037427,
        "d": 0.5773502691896257,
        "significant": "False"
      },
      "direction": "agree>gram"
    },
    "obj_gram": {
      "mean": 0.032232640343969644,
      "std": 0.00517307506882526,
      "sem": 0.002986676283524406,
      "ci95_lo": 0.02637875482826181,
      "ci95_hi": 0.03808652585967748,
      "min": 0.02908045219581483,
      "max": 0.038202876891462734,
      "n": 3
    },
    "obj_agree": {
      "mean": 0.02362468487766055,
      "std": 0.004887639594904751,
      "sem": 0.0028218800358201317,
      "ci95_lo": 0.01809380000745309,
      "ci95_hi": 0.029155569747868006,
      "min": 0.01980198019801982,
      "max": 0.029131759329779128,
      "n": 3
    },
    "obj_cat": {
      "mean": 0.016501650165016517,
      "std": 0.005716339298907191,
      "sem": 0.0033003300330033034,
      "ci95_lo": 0.010033003300330042,
      "ci95_hi": 0.02297029702970299,
      "min": 0.00990099009900991,
      "max": 0.01980198019801982,
      "n": 3
    },
    "obj_agree_vs_gram": {
      "test": {
        "t": -11.471591992066495,
        "p": 0.007513399919628491,
        "d": -6.6231267246531464,
        "significant": "True"
      },
      "direction": "LOWER"
    },
    "obj_cat_vs_gram": {
      "test": {
        "t": -5.128387229011789,
        "p": 0.035982619536417786,
        "d": -2.960875747178595,
        "significant": "True"
      },
      "direction": "LOWER"
    },
    "obj_cat_vs_agree": {
      "test": {
        "t": -1.9534447946874858,
        "p": 0.18998895933558055,
        "d": -1.1278218780598932,
        "significant": "False"
      },
      "direction": "LOWER"
    },
    "ordering_correct": false,
    "obj_per_area_ROLE_AGENT": {
      "agree": 0.006504533948540485,
      "gram": 0.00812234278824798,
      "test": {
        "t": -1.0,
        "p": 0.42264973081037427,
        "d": -0.5773502691896257,
        "significant": "False"
      },
      "direction": "gram>agree"
    },
    "obj_per_area_ROLE_PATIENT": {
      "agree": 0.0033003300330033034,
      "gram": 0.0016501650165016517,
      "test": {
        "t": 1.0,
        "p": 0.42264973081037427,
        "d": 0.5773502691896258,
        "significant": "False"
      },
      "direction": "agree>gram"
    },
    "obj_per_area_VP": {
      "agree": 0.019579220365475464,
      "gram": 0.02894941268895444,
      "test": {
        "t": -58.98323829020851,
        "p": 0.00028731319783207606,
        "d": -34.05398850452772,
        "significant": "True"
      },
      "direction": "gram>agree"
    },
    "n400_verb_agree_vs_gram": {
      "test": {
        "t": 58.353026442377384,
        "p": 0.00029354991965047615,
        "d": 33.69013552453593,
        "significant": "True"
      }
    },
    "n400_obj_agree_vs_gram": {
      "test": {
        "t": 227.10686803230138,
        "p": 1.938772422908238e-05,
        "d": 131.12021139326203,
        "significant": "True"
      }
    },
    "verb_position_success": true,
    "object_ordering_success": false
  },
  "raw_data": {},
  "success": true,
  "error_message": null,
  "duration_seconds": 59.40943829994649
}