{
  "experiment_name": "agreement_number",
  "timestamp": "2026-02-17T19:57:04.490493",
  "parameters": {
    "n": 50000,
    "k": 100,
    "p": 0.05,
    "beta": 0.05,
    "rounds": 10,
    "n_seeds": 5,
    "p600_settling_rounds": 10,
    "consolidation_passes": 1
  },
  "metrics": {
    "verb_gram": {
      "mean": 0.011881188118811892,
      "std": 0.004427857381187707,
      "sem": 0.001980198019801982,
      "ci95_lo": 0.008000000000000007,
      "ci95_hi": 0.015762376237623776,
      "min": 0.00990099009900991,
      "max": 0.01980198019801982,
      "n": 5
    },
    "verb_agree": {
      "mean": 0.0108910891089109,
      "std": 0.006454655846735302,
      "sem": 0.0028866098489333195,
      "ci95_lo": 0.005233333805001595,
      "ci95_hi": 0.01654884441282021,
      "min": 0.0,
      "max": 0.014851485148514865,
      "n": 5
    },
    "verb_agree_vs_gram": {
      "test": {
        "t": -0.3429971702850177,
        "p": 0.7488684500235265,
        "d": -0.15339299776947407,
        "significant": "False"
      },
      "agree_higher": "False"
    },
    "verb_per_area_ROLE_AGENT": {
      "agree": 0.0,
      "gram": 0.001980198019801982,
      "test": {
        "t": -1.6329931618554523,
        "p": 0.1778078083562211,
        "d": -0.7302967433402215,
        "significant": "False"
      },
      "direction": "gram>agree"
    },
    "verb_per_area_ROLE_PATIENT": {
      "agree": 0.0,
      "gram": 0.005940594059405946,
      "test": {
        "t": -2.0579830217101063,
        "p": 0.10870095132492354,
        "d": -0.9203579866168445,
        "significant": "False"
      },
      "direction": "gram>agree"
    },
    "verb_per_area_VP": {
      "agree": 0.0108910891089109,
      "gram": 0.005940594059405946,
      "test": {
        "t": 1.8257418583505536,
        "p": 0.14192744777405547,
        "d": 0.816496580927726,
        "significant": "False"
      },
      "direction": "agree>gram"
    },
    "obj_gram": {
      "mean": 0.03179179118519592,
      "std": 0.026090822438744957,
      "sem": 0.011668170512382113,
      "ci95_lo": 0.008922176980926979,
      "ci95_hi": 0.05466140538946486,
      "min": 0.014754416618132399,
      "max": 0.07780683728750237,
      "n": 5
    },
    "obj_agree": {
      "mean": 0.024228305183459538,
      "std": 0.017199437010752147,
      "sem": 0.007691822066153516,
      "ci95_lo": 0.009152333933798646,
      "ci95_hi": 0.03930427643312043,
      "min": 0.014754416618132399,
      "max": 0.054455445544554504,
      "n": 5
    },
    "obj_cat": {
      "mean": 0.013861386138613874,
      "std": 0.006454655846735302,
      "sem": 0.0028866098489333195,
      "ci95_lo": 0.008203630834704568,
      "ci95_hi": 0.01951914144252318,
      "min": 0.004950495049504955,
      "max": 0.01980198019801982,
      "n": 5
    },
    "obj_agree_vs_gram": {
      "test": {
        "t": -1.7742834015706643,
        "p": 0.1506850523040208,
        "d": -0.7934836594523125,
        "significant": "False"
      },
      "direction": "LOWER"
    },
    "obj_cat_vs_gram": {
      "test": {
        "t": -1.7215136844414216,
        "p": 0.1602658796670324,
        "d": -0.7698843245214282,
        "significant": "False"
      },
      "direction": "LOWER"
    },
    "obj_cat_vs_agree": {
      "test": {
        "t": -1.5153220317808094,
        "p": 0.20426889595389022,
        "d": -0.6776726141729973,
        "significant": "False"
      },
      "direction": "LOWER"
    },
    "ordering_correct": false,
    "obj_per_area_ROLE_AGENT": {
      "agree": 0.004931081343428461,
      "gram": 0.00394098233352747,
      "test": {
        "t": 1.0,
        "p": 0.373900966300059,
        "d": 0.44721359549995787,
        "significant": "False"
      },
      "direction": "agree>gram"
    },
    "obj_per_area_ROLE_PATIENT": {
      "agree": 0.004950495049504955,
      "gram": 0.007901378373131434,
      "test": {
        "t": -2.449224735399297,
        "p": 0.07050411282085745,
        "d": -1.0953266001053528,
        "significant": "False"
      },
      "direction": "gram>agree"
    },
    "obj_per_area_VP": {
      "agree": 0.02077266550184432,
      "gram": 0.0283361515035807,
      "test": {
        "t": -1.7462142120022648,
        "p": 0.155703264043251,
        "d": -0.7809307362626586,
        "significant": "False"
      },
      "direction": "gram>agree"
    },
    "margin_verb_gram_vs_agree": {
      "test": {
        "t": 1.3366008860611125,
        "p": 0.2523127293122292,
        "d": 0.5977460880038197,
        "significant": "False"
      },
      "gram_mean": 47.862830352783206,
      "agree_mean": 33.9136926651001,
      "gram_higher": true
    },
    "margin_obj_ordering": false,
    "vp_dist_verb": {
      "mean": 0.0108910891089109,
      "std": 0.008134493428294554,
      "sem": 0.0036378560536383868,
      "ci95_lo": 0.003760891243779663,
      "ci95_hi": 0.01802128697404214,
      "min": 0.0,
      "max": 0.01980198019801982,
      "n": 5
    },
    "vp_dist_obj_agree": {
      "mean": 0.005940594059405946,
      "std": 0.006454655846735302,
      "sem": 0.0028866098489333195,
      "ci95_lo": 0.00028283875549663974,
      "ci95_hi": 0.011598349363315252,
      "min": 0.0,
      "max": 0.014851485148514865,
      "n": 5
    },
    "vp_dist_obj_cat": {
      "mean": 0.015822170452339364,
      "std": 0.007313390706511574,
      "sem": 0.0032706477531550186,
      "ci95_lo": 0.009411700856155527,
      "ci95_hi": 0.0222326400485232,
      "min": 0.004950495049504955,
      "max": 0.02465540671714231,
      "n": 5
    },
    "vp_dist_cat_vs_agree": {
      "test": {
        "t": 3.6442305400212156,
        "p": 0.02188267798072961,
        "d": 1.6297494426336414,
        "significant": "True"
      },
      "cat_higher": true
    },
    "n400_verb_agree_vs_gram": {
      "test": {
        "t": 146.13620234890155,
        "p": 1.3151776495999573e-08,
        "d": 65.35409648516166,
        "significant": "True"
      }
    },
    "n400_obj_agree_vs_gram": {
      "test": {
        "t": 116.0532917990407,
        "p": 3.306027461424835e-08,
        "d": 51.90060989505477,
        "significant": "True"
      }
    },
    "verb_inst_success": false,
    "verb_margin_success": true,
    "object_ordering_success": false
  },
  "raw_data": {},
  "success": true,
  "error_message": null,
  "duration_seconds": 57.92064380005468
}