{
  "experiment_name": "agreement_number",
  "timestamp": "2026-02-17T19:08:52.590659",
  "parameters": {
    "n": 50000,
    "k": 100,
    "p": 0.05,
    "beta": 0.05,
    "rounds": 10,
    "n_seeds": 3,
    "p600_settling_rounds": 5,
    "consolidation_passes": 10
  },
  "metrics": {
    "verb_gram": {
      "mean": 0.7742863877495109,
      "std": 0.021250784756328186,
      "sem": 0.012269146299556874,
      "ci95_lo": 0.7502388610023794,
      "ci95_hi": 0.7983339144966424,
      "min": 0.758166109784248,
      "max": 0.7983683347294248,
      "n": 3
    },
    "verb_agree": {
      "mean": 0.6501173132563532,
      "std": 0.02435166897393395,
      "sem": 0.014059442637317425,
      "ci95_lo": 0.6225608056872111,
      "ci95_hi": 0.6776738208254954,
      "min": 0.6224735592330539,
      "max": 0.6683968723383787,
      "n": 3
    },
    "verb_agree_vs_gram": {
      "test": {
        "t": -9.440378194060584,
        "p": 0.011035339246425645,
        "d": -5.450404891592751,
        "significant": "True"
      },
      "agree_higher": "False"
    },
    "verb_per_area_ROLE_AGENT": {
      "agree": 0.0793816586480882,
      "gram": 0.07770370625880256,
      "test": {
        "t": 0.4012588431645235,
        "p": 0.7270416632335615,
        "d": 0.23166690111575547,
        "significant": "False"
      },
      "direction": "agree>gram"
    },
    "verb_per_area_ROLE_PATIENT": {
      "agree": 0.09938722141783306,
      "gram": 0.09664915796991265,
      "test": {
        "t": 0.2992472186847656,
        "p": 0.7929840283676257,
        "d": 0.17277046226189627,
        "significant": "False"
      },
      "direction": "agree>gram"
    },
    "verb_per_area_SUBJ": {
      "agree": 1.4030814020307745,
      "gram": 1.7631295261336943,
      "test": {
        "t": -9.918704775833366,
        "p": 0.010012195977308605,
        "d": -5.72656687233982,
        "significant": "True"
      },
      "direction": "gram>agree"
    },
    "verb_per_area_OBJ": {
      "agree": 1.3932309988193285,
      "gram": 1.7414195083745636,
      "test": {
        "t": -26.23658802758433,
        "p": 0.0014495732839289281,
        "d": -15.147701160343125,
        "significant": "True"
      },
      "direction": "gram>agree"
    },
    "verb_per_area_VP": {
      "agree": 0.02306995405422897,
      "gram": 0.026337927910438114,
      "test": {
        "t": -1.9997059760354583,
        "p": 0.1835434365487568,
        "d": -1.154530783564175,
        "significant": "False"
      },
      "direction": "gram>agree"
    },
    "obj_gram": {
      "mean": 1.4057201721461974,
      "std": 0.06058303252542637,
      "sem": 0.03497763013687877,
      "ci95_lo": 1.337164017077915,
      "ci95_hi": 1.4742763272144797,
      "min": 1.365484710835838,
      "max": 1.4753973072553634,
      "n": 3
    },
    "obj_agree": {
      "mean": 1.4854255642256387,
      "std": 0.060359566125659125,
      "sem": 0.03484861175081831,
      "ci95_lo": 1.4171222851940348,
      "ci95_hi": 1.5537288432572425,
      "min": 1.4331965859495681,
      "max": 1.551507259846691,
      "n": 3
    },
    "obj_cat": {
      "mean": 0.5146574468326627,
      "std": 0.05157457193199802,
      "sem": 0.029776592988278776,
      "ci95_lo": 0.45629532457563626,
      "ci95_hi": 0.5730195690896891,
      "min": 0.48006778661202293,
      "max": 0.5739356429863856,
      "n": 3
    },
    "obj_agree_vs_gram": {
      "test": {
        "t": 1.531767482974742,
        "p": 0.26526214622841615,
        "d": 0.8843663686313828,
        "significant": "False"
      },
      "direction": "HIGHER"
    },
    "obj_cat_vs_gram": {
      "test": {
        "t": -15.134993940398262,
        "p": 0.0043371349562164084,
        "d": -8.738192825672291,
        "significant": "True"
      },
      "direction": "LOWER"
    },
    "obj_cat_vs_agree": {
      "test": {
        "t": -16.36884147393188,
        "p": 0.0037114284011277835,
        "d": -9.450555031296883,
        "significant": "True"
      },
      "direction": "LOWER"
    },
    "ordering_correct": false,
    "obj_per_area_ROLE_AGENT": {
      "agree": 0.011328395282967205,
      "gram": 0.011328395282967205,
      "test": {
        "t": 0.0,
        "p": 1.0,
        "d": 0.0,
        "significant": false
      },
      "direction": "gram>agree"
    },
    "obj_per_area_ROLE_PATIENT": {
      "agree": 0.009803921568627444,
      "gram": 0.011454086585129095,
      "test": {
        "t": -1.0,
        "p": 0.42264973081037427,
        "d": -0.5773502691896258,
        "significant": "False"
      },
      "direction": "gram>agree"
    },
    "obj_per_area_SUBJ": {
      "agree": 2.2215802738289674,
      "gram": 2.255414659454703,
      "test": {
        "t": -1.0999226228940528,
        "p": 0.3860667798831988,
        "d": -0.6350406224156406,
        "significant": "False"
      },
      "direction": "gram>agree"
    },
    "obj_per_area_OBJ": {
      "agree": 2.319978345291494,
      "gram": 2.3395376394751524,
      "test": {
        "t": -4.273104895285027,
        "p": 0.050642049966369534,
        "d": -2.4670782615683176,
        "significant": "False"
      },
      "direction": "gram>agree"
    },
    "obj_per_area_VP": {
      "agree": 0.023037597877434812,
      "gram": 0.031096170725010825,
      "test": {
        "t": -5.02775251125855,
        "p": 0.03735695324996941,
        "d": -2.90277426579394,
        "significant": "True"
      },
      "direction": "gram>agree"
    },
    "n400_verb_agree_vs_gram": {
      "test": {
        "t": 70.32157632242244,
        "p": 0.00020215807603645588,
        "d": 40.600181019589414,
        "significant": "True"
      }
    },
    "n400_obj_agree_vs_gram": {
      "test": {
        "t": 38.33537427043699,
        "p": 0.0006797630955528205,
        "d": 22.132938654521855,
        "significant": "True"
      }
    },
    "verb_position_success": false,
    "object_ordering_success": false
  },
  "raw_data": {},
  "success": true,
  "error_message": null,
  "duration_seconds": 204.17442950000986
}