{
  "experiment_name": "agreement_number",
  "timestamp": "2026-02-18T01:04:06.179997",
  "parameters": {
    "n": 50000,
    "k": 100,
    "p": 0.05,
    "beta": 0.05,
    "rounds": 10,
    "n_seeds": 5,
    "p600_settling_rounds": 10,
    "consolidation_passes": 2
  },
  "metrics": {
    "verb_gram": {
      "mean": 0.006930693069306937,
      "std": 0.00564443279752049,
      "sem": 0.002524267085937024,
      "ci95_lo": 0.0019831295808703693,
      "ci95_hi": 0.011878256557743504,
      "min": 0.0,
      "max": 0.014851485148514865,
      "n": 5
    },
    "verb_agree": {
      "mean": 0.00990099009900991,
      "std": 0.007827419950911838,
      "sem": 0.003500528619735387,
      "ci95_lo": 0.0030399540043285515,
      "ci95_hi": 0.016762026193691267,
      "min": 0.0,
      "max": 0.01980198019801982,
      "n": 5
    },
    "verb_agree_vs_gram": {
      "test": {
        "t": 0.6882472016116854,
        "p": 0.5291333003818578,
        "d": 0.30779350562554625,
        "significant": "False"
      },
      "agree_higher": "True"
    },
    "verb_per_area_ROLE_AGENT": {
      "agree": 0.000990099009900991,
      "gram": 0.000990099009900991,
      "test": {
        "t": 0.0,
        "p": 1.0,
        "d": 0.0,
        "significant": "False"
      },
      "direction": "gram>agree"
    },
    "verb_per_area_ROLE_PATIENT": {
      "agree": 0.000990099009900991,
      "gram": 0.002970297029702973,
      "test": {
        "t": -1.6329931618554523,
        "p": 0.1778078083562211,
        "d": -0.7302967433402215,
        "significant": "False"
      },
      "direction": "gram>agree"
    },
    "verb_per_area_VP": {
      "agree": 0.008910891089108919,
      "gram": 0.004950495049504955,
      "test": {
        "t": 0.9299811099505543,
        "p": 0.40502331430906047,
        "d": 0.41590019592802907,
        "significant": "False"
      },
      "direction": "agree>gram"
    },
    "obj_gram": {
      "mean": 0.02236285974446913,
      "std": 0.008106715526422146,
      "sem": 0.003625433398266582,
      "ci95_lo": 0.01525701028386663,
      "ci95_hi": 0.029468709205071632,
      "min": 0.009756800922810727,
      "max": 0.030849303417736743,
      "n": 5
    },
    "obj_agree": {
      "mean": 0.016232631666528007,
      "std": 0.008677058615346648,
      "sem": 0.003880498581733061,
      "ci95_lo": 0.008626854446331208,
      "ci95_hi": 0.023838408886724807,
      "min": 0.004950495049504955,
      "max": 0.029231494578029246,
      "n": 5
    },
    "obj_cat": {
      "mean": 0.004950495049504955,
      "std": 0.008574508948360787,
      "sem": 0.0038346369764429905,
      "ci95_lo": -0.0025653934243233065,
      "ci95_hi": 0.012466383523333216,
      "min": 0.0,
      "max": 0.01980198019801982,
      "n": 5
    },
    "obj_agree_vs_gram": {
      "test": {
        "t": -3.9520903309922906,
        "p": 0.01678855031444946,
        "d": -1.767428526663681,
        "significant": "True"
      },
      "direction": "LOWER"
    },
    "obj_cat_vs_gram": {
      "test": {
        "t": -4.560279691737855,
        "p": 0.010336646678003977,
        "d": -2.039419077427526,
        "significant": "True"
      },
      "direction": "LOWER"
    },
    "obj_cat_vs_agree": {
      "test": {
        "t": -2.44702453360765,
        "p": 0.07067137588069909,
        "d": -1.0943426399512848,
        "significant": "False"
      },
      "direction": "LOWER"
    },
    "ordering_correct": false,
    "obj_per_area_ROLE_AGENT": {
      "agree": 0.006742102781706743,
      "gram": 0.006742102781706743,
      "test": {
        "t": 0.0,
        "p": 1.0,
        "d": 0.0,
        "significant": false
      },
      "direction": "gram>agree"
    },
    "obj_per_area_ROLE_PATIENT": {
      "agree": 0.004950495049504955,
      "gram": 0.004950495049504955,
      "test": {
        "t": 0.0,
        "p": 1.0,
        "d": 0.0,
        "significant": "False"
      },
      "direction": "gram>agree"
    },
    "obj_per_area_VP": {
      "agree": 0.011861774412735398,
      "gram": 0.02153317097733584,
      "test": {
        "t": -4.51969060428481,
        "p": 0.010660841673697054,
        "d": -2.021267085689588,
        "significant": "True"
      },
      "direction": "gram>agree"
    },
    "margin_verb_gram_vs_agree": {
      "test": {
        "t": 1.490122129759018,
        "p": 0.21044202105000248,
        "d": 0.6664028753835853,
        "significant": "False"
      },
      "gram_mean": 59.754439163208005,
      "agree_mean": 47.73047351837158,
      "gram_higher": true
    },
    "margin_obj_ordering": false,
    "vp_dist_verb": {
      "mean": 0.006930693069306937,
      "std": 0.00564443279752049,
      "sem": 0.002524267085937024,
      "ci95_lo": 0.0019831295808703693,
      "ci95_hi": 0.011878256557743504,
      "min": 0.0,
      "max": 0.014851485148514865,
      "n": 5
    },
    "vp_dist_obj_agree": {
      "mean": 0.008872063676955932,
      "std": 0.0021927606985459158,
      "sem": 0.0009806323960677183,
      "ci95_lo": 0.006950024180663204,
      "ci95_hi": 0.01079410317324866,
      "min": 0.004950495049504955,
      "max": 0.00990099009900991,
      "n": 5
    },
    "vp_dist_obj_cat": {
      "mean": 0.01871537810548617,
      "std": 0.011172712249236277,
      "sem": 0.004996588816467378,
      "ci95_lo": 0.008922064025210109,
      "ci95_hi": 0.02850869218576223,
      "min": 0.004950495049504955,
      "max": 0.029508833236264798,
      "n": 5
    },
    "vp_dist_cat_vs_agree": {
      "test": {
        "t": 2.244803434035432,
        "p": 0.08815124501265179,
        "d": 1.0039066149256384,
        "significant": "False"
      },
      "cat_higher": true
    },
    "n400_verb_agree_vs_gram": {
      "test": {
        "t": 57.70285533468782,
        "p": 5.401233797188542e-07,
        "d": 25.80550140483967,
        "significant": "True"
      }
    },
    "n400_obj_agree_vs_gram": {
      "test": {
        "t": 105.75337497199875,
        "p": 4.794192480787017e-08,
        "d": 47.294347057482824,
        "significant": "True"
      }
    },
    "verb_inst_success": true,
    "verb_margin_success": true,
    "object_ordering_success": false
  },
  "raw_data": {},
  "success": true,
  "error_message": null,
  "duration_seconds": 81.16754449997097
}