{
  "experiment_name": "cross_linguistic",
  "timestamp": "2026-02-17T18:09:20.025550",
  "parameters": {
    "n": 50000,
    "k": 100,
    "p": 0.05,
    "beta": 0.05,
    "rounds": 10,
    "n_seeds": 3,
    "p600_settling_rounds": 5,
    "consolidation_passes": 10
  },
  "metrics": {
    "SVO_parser+SVO_input": {
      "gram": {
        "mean": 1.7423318833871244,
        "std": 0.09142676465513615,
        "sem": 0.05278526718477942,
        "ci95_lo": 1.6388727597049568,
        "ci95_hi": 1.845791007069292,
        "min": 1.6855977019789148,
        "max": 1.847801359205186,
        "n": 3
      },
      "cat": {
        "mean": 1.6670505376891296,
        "std": 0.08869274251045892,
        "sem": 0.051206778763579625,
        "ci95_lo": 1.5666852513125136,
        "ci95_hi": 1.7674158240657456,
        "min": 1.5770827453492626,
        "max": 1.7544107223957495,
        "n": 3
      }
    },
    "SVO_parser+SOV_input": {
      "gram": {
        "mean": 1.0361303206334769,
        "std": 0.07773679334002166,
        "sem": 0.04488135856079982,
        "ci95_lo": 0.9481628578543092,
        "ci95_hi": 1.1240977834126444,
        "min": 0.9743677093517709,
        "max": 1.123421234715959,
        "n": 3
      },
      "cat": {
        "mean": 0.6148605130352549,
        "std": 0.08391715795070175,
        "sem": 0.048449593732466,
        "ci95_lo": 0.5198993093196216,
        "ci95_hi": 0.7098217167508882,
        "min": 0.5616015527954857,
        "max": 0.7115949271053048,
        "n": 3
      }
    },
    "SOV_parser+SOV_input": {
      "gram": {
        "mean": 1.4042916853148466,
        "std": 0.06293960494792693,
        "sem": 0.03633819785937432,
        "ci95_lo": 1.333068817510473,
        "ci95_hi": 1.4755145531192202,
        "min": 1.3411222664989126,
        "max": 1.4669989310244063,
        "n": 3
      },
      "cat": {
        "mean": 1.7485794793553506,
        "std": 0.19192256388358575,
        "sem": 0.11080654392175139,
        "ci95_lo": 1.5313986532687178,
        "ci95_hi": 1.9657603054419834,
        "min": 1.5277052578499037,
        "max": 1.8746755885888562,
        "n": 3
      }
    },
    "SOV_parser+SVO_input": {
      "gram": {
        "mean": 0.8236453567222443,
        "std": 0.1524842762691012,
        "sem": 0.08803683795115085,
        "ci95_lo": 0.6510931543379886,
        "ci95_hi": 0.9961975591064999,
        "min": 0.7270588420113784,
        "max": 0.9994326860626811,
        "n": 3
      },
      "cat": {
        "mean": 0.6550585027287057,
        "std": 0.07672020268515925,
        "sem": 0.044294429672559345,
        "ci95_lo": 0.5682414205704893,
        "ci95_hi": 0.7418755848869221,
        "min": 0.5701242462354807,
        "max": 0.7193343117127957,
        "n": 3
      }
    },
    "SVO_parser+SVO_input_cat_vs_gram": {
      "test": {
        "t": -1.060984609883994,
        "p": 0.3998825602595856,
        "d": -0.612559750122574,
        "significant": "False"
      },
      "confirmed": "False"
    },
    "SOV_parser+SOV_input_cat_vs_gram": {
      "test": {
        "t": 4.13063254704835,
        "p": 0.05391337366748706,
        "d": 2.3848218129617944,
        "significant": "False"
      },
      "confirmed": "True"
    },
    "SVO_parser_cross_vs_same_gram": {
      "test": {
        "t": -45.056640401592915,
        "p": 0.0004922227037865153,
        "d": -26.01346346463984,
        "significant": "True"
      },
      "confirmed": "False"
    },
    "SOV_parser_cross_vs_same_gram": {
      "test": {
        "t": -5.990480810010878,
        "p": 0.02675293136944867,
        "d": -3.458605708235068,
        "significant": "True"
      },
      "confirmed": "False"
    }
  },
  "raw_data": {},
  "success": true,
  "error_message": null,
  "duration_seconds": 142.9369673000183
}