{
  "experiment_name": "developmental_trajectory",
  "timestamp": "2026-02-17T18:06:43.626074",
  "parameters": {
    "n": 50000,
    "k": 100,
    "p": 0.05,
    "beta": 0.05,
    "rounds": 10,
    "n_seeds": 3,
    "p600_settling_rounds": 5,
    "consolidation_levels": [
      0,
      1,
      10
    ]
  },
  "metrics": {
    "passes_0": {
      "gram": {
        "mean": 2.43942583743289,
        "std": 0.061093867099644275,
        "sem": 0.035272560615814845,
        "ci95_lo": 2.370291618625893,
        "ci95_hi": 2.508560056239887,
        "min": 2.4027079259431643,
        "max": 2.5099509395666084,
        "n": 3
      },
      "sem": {
        "mean": 2.512114013318086,
        "std": 0.011156018514587026,
        "sem": 0.0064409302924812685,
        "ci95_lo": 2.499489789944823,
        "ci95_hi": 2.5247382366913493,
        "min": 2.500018628922935,
        "max": 2.5220000653669468,
        "n": 3
      },
      "cat": {
        "mean": 2.3062386923550804,
        "std": 0.006516675307028085,
        "sem": 0.003762404242734052,
        "ci95_lo": 2.298864380039322,
        "ci95_hi": 2.313613004670839,
        "min": 2.3001219477442425,
        "max": 2.313092605936993,
        "n": 3
      }
    },
    "passes_1": {
      "gram": {
        "mean": 1.0872168232751263,
        "std": 0.0904442897056877,
        "sem": 0.0522180350082433,
        "ci95_lo": 0.9848694746589693,
        "ci95_hi": 1.189564171891283,
        "min": 1.0136093057554016,
        "max": 1.1881814701507554,
        "n": 3
      },
      "sem": {
        "mean": 1.1608970740751583,
        "std": 0.05917651543358637,
        "sem": 0.03416557711528514,
        "ci95_lo": 1.0939325429291995,
        "ci95_hi": 1.227861605221117,
        "min": 1.1034056901239238,
        "max": 1.2216258171464776,
        "n": 3
      },
      "cat": {
        "mean": 1.696862739993837,
        "std": 0.047981631428083975,
        "sem": 0.027702207821161694,
        "ci95_lo": 1.64256641266436,
        "ci95_hi": 1.751159067323314,
        "min": 1.6677084994269071,
        "max": 1.752241326515964,
        "n": 3
      }
    },
    "passes_10": {
      "gram": {
        "mean": 1.4437156906945303,
        "std": 0.24003719778909932,
        "sem": 0.13858554075905993,
        "ci95_lo": 1.172088030806773,
        "ci95_hi": 1.7153433505822877,
        "min": 1.2357808895091171,
        "max": 1.7063972846173554,
        "n": 3
      },
      "sem": {
        "mean": 1.100312858699061,
        "std": 0.05493402028439489,
        "sem": 0.031716171398863756,
        "ci95_lo": 1.0381491627572879,
        "ci95_hi": 1.162476554640834,
        "min": 1.0393216889174073,
        "max": 1.1459016371255657,
        "n": 3
      },
      "cat": {
        "mean": 1.5456035135098194,
        "std": 0.0327458918288657,
        "sem": 0.018905849462249977,
        "ci95_lo": 1.5085480485638094,
        "ci95_hi": 1.5826589784558294,
        "min": 1.515911966930539,
        "max": 1.5807249490072788,
        "n": 3
      }
    },
    "predictions": {
      "gram_monotonically_decreasing": false,
      "gram_first_gt_last": true,
      "cat_flat": "False",
      "cat_range_over_mean": 0.41125011309871107,
      "separation_increases": true,
      "separation_first": -0.1331871450778097,
      "separation_last": 0.10188782281528908
    },
    "gram_first_vs_last": {
      "test": {
        "t": 6.622058274472131,
        "p": 0.022052622283020986,
        "d": 3.823247127355873,
        "significant": "True"
      },
      "direction": "DECREASED"
    },
    "sem_first_vs_last": {
      "test": {
        "t": 39.50869563034274,
        "p": 0.0006400258589480346,
        "d": 22.810356057509377,
        "significant": "True"
      },
      "direction": "DECREASED"
    },
    "cat_first_vs_last": {
      "test": {
        "t": 33.69151392962379,
        "p": 0.0008798031493912246,
        "d": 19.451804636674318,
        "significant": "True"
      },
      "direction": "DECREASED"
    }
  },
  "raw_data": {},
  "success": true,
  "error_message": null,
  "duration_seconds": 114.35319319996051
}