{
  "experiment_name": "l2_processing",
  "timestamp": "2026-02-17T18:06:33.148458",
  "parameters": {
    "n": 50000,
    "k": 100,
    "p": 0.05,
    "beta": 0.05,
    "rounds": 10,
    "n_seeds": 3,
    "p600_settling_rounds": 5,
    "l1_consolidation_passes": 10,
    "l2_consolidation_passes": 0
  },
  "metrics": {
    "L1": {
      "gram": {
        "mean": 1.6963952934264188,
        "std": 0.3097337293165207,
        "sem": 0.1788248519979999,
        "ci95_lo": 1.345898583510339,
        "ci95_hi": 2.0468920033424984,
        "min": 1.478881060269353,
        "max": 2.051019552699721,
        "n": 3
      },
      "sem": {
        "mean": 1.115839607181509,
        "std": 0.013817300202319256,
        "sem": 0.007977421991282893,
        "ci95_lo": 1.1002038600785946,
        "ci95_hi": 1.1314753542844236,
        "min": 1.1016395511226482,
        "max": 1.1292393646356782,
        "n": 3
      },
      "cat": {
        "mean": 1.5503944742594147,
        "std": 0.0038784357857455554,
        "sem": 0.0022392159449348744,
        "ci95_lo": 1.5460056110073424,
        "ci95_hi": 1.554783337511487,
        "min": 1.547200222503613,
        "max": 1.5547100244850895,
        "n": 3
      }
    },
    "L2": {
      "gram": {
        "mean": 2.4229288965706437,
        "std": 0.03833174343635231,
        "sem": 0.02213084239148568,
        "ci95_lo": 2.379552445483332,
        "ci95_hi": 2.4663053476579555,
        "min": 2.3928609136452126,
        "max": 2.4660922295999037,
        "n": 3
      },
      "sem": {
        "mean": 2.5115420742484287,
        "std": 0.010408176700287446,
        "sem": 0.006009163619684148,
        "ci95_lo": 2.4997641135538475,
        "ci95_hi": 2.52332003494301,
        "min": 2.5045581718836063,
        "max": 2.523504501984339,
        "n": 3
      },
      "cat": {
        "mean": 2.2864746412325627,
        "std": 0.02291622429658128,
        "sem": 0.013230688266441045,
        "ci95_lo": 2.2605424922303383,
        "ci95_hi": 2.312406790234787,
        "min": 2.2603479700642177,
        "max": 2.3031713122343778,
        "n": 3
      }
    },
    "P1_l2_gram_gt_l1_gram": {
      "test": {
        "t": 3.7747422855490886,
        "p": 0.06356363091551005,
        "d": 2.1793484746832297,
        "significant": "False"
      },
      "confirmed": "True"
    },
    "P2_l2_gram_approx_l1_sem": {
      "test": {
        "t": 74.64124255825102,
        "p": 0.00017944252443083378,
        "d": 43.09414148365438,
        "significant": "True"
      },
      "ratio": 2.171395316115998,
      "approximate": "False"
    },
    "P3_l1_standard_pattern": "False",
    "P4_l2_compressed": {
      "compressed": false,
      "l1_range": -0.14600081916700414,
      "l2_range": -0.13645425533808098
    },
    "l2_vs_l1_gram": {
      "test": {
        "t": 3.7747422855490886,
        "p": 0.06356363091551005,
        "d": 2.1793484746832297,
        "significant": "False"
      },
      "direction": "L2 > L1"
    },
    "l2_vs_l1_sem": {
      "test": {
        "t": 103.89345923115796,
        "p": 9.263246874449688e-05,
        "d": 59.98291665415046,
        "significant": "True"
      },
      "direction": "L2 > L1"
    },
    "l2_vs_l1_cat": {
      "test": {
        "t": 58.87283328921521,
        "p": 0.00028839134616597857,
        "d": 33.99024614748436,
        "significant": "True"
      },
      "direction": "L2 > L1"
    }
  },
  "raw_data": {},
  "success": true,
  "error_message": null,
  "duration_seconds": 103.90257879998535
}