{
  "experiment_name": "n400_controls",
  "timestamp": "2026-02-12T11:39:26.039357",
  "parameters": {
    "n": 50000,
    "k": 100,
    "p": 0.05,
    "beta": 0.05,
    "rounds": 10,
    "n_seeds": 3
  },
  "metrics": {
    "A_semantic": {
      "related": {
        "mean": 27164.461181640625,
        "std": 712.0248275318494,
        "sem": 411.0877258452101,
        "ci95_lo": 26358.729238984015,
        "ci95_hi": 27970.193124297235,
        "min": 26686.917358398438,
        "max": 27982.839233398438,
        "n": 3
      },
      "unrelated": {
        "mean": 28941.79443359375,
        "std": 739.0954133533546,
        "sem": 426.71693585637706,
        "ci95_lo": 28105.42923931525,
        "ci95_hi": 29778.15962787225,
        "min": 28446.542236328125,
        "max": 29791.339111328125,
        "n": 3
      },
      "test": {
        "t": -113.70176138832079,
        "p": 7.734196981603968e-05,
        "d": -65.6457425448816,
        "significant": "True"
      },
      "direction": "CORRECT"
    },
    "B_repetition": {
      "repetition": {
        "mean": 30053.79443359375,
        "std": 764.27020730808,
        "sem": 441.2516099229311,
        "ci95_lo": 29188.941278144805,
        "ci95_hi": 30918.647589042695,
        "min": 29558.167236328125,
        "max": 30933.964111328125,
        "n": 3
      },
      "semantic": {
        "mean": 30122.002766927082,
        "std": 792.2219736785328,
        "sem": 457.38956976123757,
        "ci95_lo": 29225.519210195056,
        "ci95_hi": 31018.486323659108,
        "min": 29597.667236328125,
        "max": 31033.339111328125,
        "n": 3
      },
      "unrelated": {
        "mean": 30174.29443359375,
        "std": 768.2025131281729,
        "sem": 443.52192774669766,
        "ci95_lo": 29304.991455210224,
        "ci95_hi": 31043.597411977276,
        "min": 29675.792236328125,
        "max": 31058.964111328125,
        "n": 3
      },
      "ordering_correct": true,
      "rep_vs_unrel": {
        "t": -52.8798338735238,
        "p": 0.0003574266614283517,
        "d": -30.530186321581652,
        "significant": "True"
      },
      "rep_vs_sem": {
        "t": -3.9362904875104587,
        "p": 0.058895547670694035,
        "d": -2.2726183725727265,
        "significant": "False"
      },
      "sem_vs_unrel": {
        "t": -3.4490519298064375,
        "p": 0.0747577247888131,
        "d": -1.991311060122745,
        "significant": "False"
      }
    },
    "C_shuffled": {
      "shuffled": {
        "mean": 31091.461018880207,
        "std": 762.7546631310548,
        "sem": 440.37661008435686,
        "ci95_lo": 30228.322863114867,
        "ci95_hi": 31954.599174645547,
        "min": 30557.0419921875,
        "max": 31964.964111328125,
        "n": 3
      },
      "unrelated": {
        "mean": 31019.127685546875,
        "std": 736.507778309511,
        "sem": 425.2229640672494,
        "ci95_lo": 30185.690675975067,
        "ci95_hi": 31852.564695118683,
        "min": 30498.6669921875,
        "max": 31861.839111328125,
        "n": 3
      },
      "test": {
        "t": 4.691429282886324,
        "p": 0.04255565698731256,
        "d": 2.7085979593585123,
        "significant": "True"
      },
      "is_null_as_expected": false
    },
    "D_cross_category": {
      "associated": {
        "mean": 31826.212890625,
        "std": 835.7348743471249,
        "sem": 482.5117546754706,
        "ci95_lo": 30880.489851461076,
        "ci95_hi": 32771.935929788924,
        "min": 31253.1513671875,
        "max": 32785.1669921875,
        "n": 3
      },
      "unrelated": {
        "mean": 31782.37966579861,
        "std": 819.2349256862645,
        "sem": 472.9855048745079,
        "ci95_lo": 30855.328076244576,
        "ci95_hi": 32709.431255352643,
        "min": 31220.1513671875,
        "max": 32722.333984375,
        "n": 3
      },
      "test": {
        "t": 4.599001921304745,
        "p": 0.04417053480880981,
        "d": 2.6552349972689004,
        "significant": "True"
      },
      "direction": "REVERSED"
    }
  },
  "raw_data": {},
  "success": true,
  "error_message": null,
  "duration_seconds": 6.2108121999772266
}