{
  "experiment_name": "n400_vocab_scaling",
  "timestamp": "2026-02-11T13:32:54.694470",
  "parameters": {
    "n": 50000,
    "k": 100,
    "p": 0.05,
    "beta": 0.05,
    "rounds": 10,
    "n_seeds": 2
  },
  "metrics": {
    "small": {
      "n_nouns": 12,
      "n_vocab": 17,
      "n_test_pairs": 4,
      "n_training": 40,
      "n_seeds": 2,
      "related": {
        "mean": 25075.93896484375,
        "std": 458.35849274933537,
        "sem": 324.1083984375,
        "ci95_lo": 24440.68650390625,
        "ci95_hi": 25711.19142578125,
        "min": 24751.83056640625,
        "max": 25400.04736328125,
        "n": 2
      },
      "unrelated": {
        "mean": 28260.439208984375,
        "std": 403.20381854980167,
        "sem": 285.108154296875,
        "ci95_lo": 27701.6272265625,
        "ci95_hi": 28819.25119140625,
        "min": 27975.3310546875,
        "max": 28545.54736328125,
        "n": 2
      },
      "test": {
        "t": -81.65334126263733,
        "p": 0.007796226550814491,
        "d": -57.737631313350185,
        "significant": "True"
      },
      "direction": "CORRECT"
    },
    "medium": {
      "n_nouns": 30,
      "n_vocab": 37,
      "n_test_pairs": 13,
      "n_training": 90,
      "n_seeds": 2,
      "related": {
        "mean": 54625.881535456734,
        "std": 228.95184822786055,
        "sem": 161.89340444711343,
        "ci95_lo": 54308.57046274039,
        "ci95_hi": 54943.19260817308,
        "min": 54463.98813100962,
        "max": 54787.774939903844,
        "n": 2
      },
      "unrelated": {
        "mean": 56958.458533653844,
        "std": 397.7326913781668,
        "sem": 281.239483173078,
        "ci95_lo": 56407.229146634614,
        "ci95_hi": 57509.687920673074,
        "min": 56677.219050480766,
        "max": 57239.69801682692,
        "n": 2
      },
      "test": {
        "t": -19.544647156384904,
        "p": 0.03254421089005016,
        "d": -13.820152540178139,
        "significant": "True"
      },
      "direction": "CORRECT"
    },
    "large": {
      "n_nouns": 46,
      "n_vocab": 55,
      "n_test_pairs": 18,
      "n_training": 138,
      "n_seeds": 2,
      "related": {
        "mean": 77814.73101128472,
        "std": 316.6197977916519,
        "sem": 223.88400607639048,
        "ci95_lo": 77375.91835937499,
        "ci95_hi": 78253.54366319445,
        "min": 77590.84700520833,
        "max": 78038.61501736111,
        "n": 2
      },
      "unrelated": {
        "mean": 80040.67534722222,
        "std": 399.9014165833864,
        "sem": 282.773003472219,
        "ci95_lo": 79486.44026041667,
        "ci95_hi": 80594.91043402777,
        "min": 79757.90234375,
        "max": 80323.44835069444,
        "n": 2
      },
      "test": {
        "t": -37.798985113901416,
        "p": 0.01683831743425798,
        "d": -26.727918696009056,
        "significant": "True"
      },
      "direction": "CORRECT"
    }
  },
  "raw_data": {},
  "success": true,
  "error_message": null,
  "duration_seconds": 86.35079070000211
}