{
  "experiment_name": "n400_diagnostic",
  "timestamp": "2026-02-11T00:46:16.579625",
  "parameters": {
    "n": 50000,
    "k": 100,
    "p": 0.01,
    "beta": 0.05,
    "rounds": 10,
    "n_seeds": 3,
    "semantic_k": 300,
    "n_training": 13
  },
  "metrics": {
    "h1_baseline_asymmetry": {
      "animal_baseline": {
        "mean": 0.7286666666666667,
        "std": 0.005033222956847119,
        "sem": 0.0029059326290270886,
        "ci95_lo": 0.7229710387137736,
        "ci95_hi": 0.7343622946195598,
        "min": 0.7240000000000001,
        "max": 0.734,
        "n": 3
      },
      "object_baseline": {
        "mean": 0.7593333333333332,
        "std": 0.010263202878893762,
        "sem": 0.005925462944877056,
        "ci95_lo": 0.7477194259613742,
        "ci95_hi": 0.7709472407052922,
        "min": 0.748,
        "max": 0.768,
        "n": 3
      },
      "animal_neighbor_ov": {
        "mean": 0.049629629629629635,
        "std": 0.014198475545597493,
        "sem": 0.008197493678333032,
        "ci95_lo": 0.03356254202009689,
        "ci95_hi": 0.06569671723916237,
        "min": 0.04066666666666667,
        "max": 0.066,
        "n": 3
      },
      "object_neighbor_ov": {
        "mean": 0.008888888888888889,
        "std": 0.0013877773329774223,
        "sem": 0.0008012336167697757,
        "ci95_lo": 0.007318471000020128,
        "ci95_hi": 0.01045930677775765,
        "min": 0.0077777777777777776,
        "max": 0.010444444444444445,
        "n": 3
      },
      "test": {
        "t": -3.6711996685510666,
        "p": 0.06684305017638349,
        "d": -2.1195681168868235,
        "significant": "False"
      }
    },
    "h2_proper_control": {
      "no_prime": {
        "mean": 0.7358333333333333,
        "std": 0.005204164998665346,
        "sem": 0.0030046260628866658,
        "ci95_lo": 0.7299442662500755,
        "ci95_hi": 0.7417224004165912,
        "min": 0.73,
        "max": 0.74,
        "n": 3
      },
      "related": {
        "mean": 0.7358333333333333,
        "std": 0.005204164998665346,
        "sem": 0.0030046260628866658,
        "ci95_lo": 0.7299442662500755,
        "ci95_hi": 0.7417224004165912,
        "min": 0.73,
        "max": 0.74,
        "n": 3
      },
      "unrelated": {
        "mean": 0.7358333333333333,
        "std": 0.005204164998665346,
        "sem": 0.0030046260628866658,
        "ci95_lo": 0.7299442662500755,
        "ci95_hi": 0.7417224004165912,
        "min": 0.73,
        "max": 0.74,
        "n": 3
      },
      "test": {
        "t": 0.0,
        "p": 1.0,
        "d": 0.0,
        "significant": false
      }
    },
    "h3_convergence": {
      "by_round": [
        {
          "round": 0,
          "no_prime": 0.7441666666666666,
          "related": 0.7437499999999999,
          "unrelated": 0.7441666666666666,
          "related_minus_unrelated": -0.0004166666666667318,
          "related_minus_noprime": -0.0004166666666667318
        },
        {
          "round": 1,
          "no_prime": 0.7441666666666666,
          "related": 0.7437499999999999,
          "unrelated": 0.7441666666666666,
          "related_minus_unrelated": -0.0004166666666667318,
          "related_minus_noprime": -0.0004166666666667318
        },
        {
          "round": 2,
          "no_prime": 0.7441666666666666,
          "related": 0.7437499999999999,
          "unrelated": 0.7441666666666666,
          "related_minus_unrelated": -0.0004166666666667318,
          "related_minus_noprime": -0.0004166666666667318
        },
        {
          "round": 3,
          "no_prime": 0.7441666666666666,
          "related": 0.7441666666666666,
          "unrelated": 0.7441666666666666,
          "related_minus_unrelated": 0.0,
          "related_minus_noprime": 0.0
        },
        {
          "round": 4,
          "no_prime": 0.7441666666666666,
          "related": 0.7441666666666666,
          "unrelated": 0.7441666666666666,
          "related_minus_unrelated": 0.0,
          "related_minus_noprime": 0.0
        },
        {
          "round": 5,
          "no_prime": 0.7441666666666666,
          "related": 0.7441666666666666,
          "unrelated": 0.7441666666666666,
          "related_minus_unrelated": 0.0,
          "related_minus_noprime": 0.0
        }
      ],
      "round0_test_rel_vs_unrel": {
        "t": -1.0000000000000002,
        "p": 0.32771580614285856,
        "d": -0.20412414523193154,
        "significant": "False"
      },
      "round0_test_rel_vs_none": {
        "t": -1.0000000000000002,
        "p": 0.32771580614285856,
        "d": -0.20412414523193154,
        "significant": "False"
      },
      "speed_related": 2.0,
      "speed_unrelated": 2.0,
      "speed_noprime": 2.0
    },
    "h4_feature_overlap": {
      "related": {
        "mean": 0.3333333333333333,
        "std": 0.0,
        "sem": 0.0,
        "ci95_lo": 0.3333333333333333,
        "ci95_hi": 0.3333333333333333,
        "min": 0.3333333333333333,
        "max": 0.3333333333333333,
        "n": 8
      },
      "unrelated": {
        "mean": 0.0,
        "std": 0.0,
        "sem": 0.0,
        "ci95_lo": 0.0,
        "ci95_hi": 0.0,
        "min": 0.0,
        "max": 0.0,
        "n": 8
      }
    },
    "h5_semantic_layer": {
      "no_prime": {
        "mean": 1.0,
        "std": 0.0,
        "sem": 0.0,
        "ci95_lo": 1.0,
        "ci95_hi": 1.0,
        "min": 1.0,
        "max": 1.0,
        "n": 3
      },
      "related": {
        "mean": 1.0,
        "std": 0.0,
        "sem": 0.0,
        "ci95_lo": 1.0,
        "ci95_hi": 1.0,
        "min": 1.0,
        "max": 1.0,
        "n": 3
      },
      "unrelated": {
        "mean": 1.0,
        "std": 0.0,
        "sem": 0.0,
        "ci95_lo": 1.0,
        "ci95_hi": 1.0,
        "min": 1.0,
        "max": 1.0,
        "n": 3
      },
      "test_rel_vs_unrel": {
        "t": 0.0,
        "p": 1.0,
        "d": 0.0,
        "significant": false
      },
      "test_rel_vs_none": {
        "t": 0.0,
        "p": 1.0,
        "d": 0.0,
        "significant": false
      },
      "n400_direction": false
    }
  },
  "raw_data": {},
  "success": true,
  "error_message": null,
  "duration_seconds": 26.4536537999993
}