{
  "experiment_name": "n400_graded",
  "timestamp": "2026-02-17T18:09:49.045157",
  "parameters": {
    "n": 50000,
    "k": 100,
    "p": 0.05,
    "beta": 0.05,
    "rounds": 10,
    "n_seeds": 5
  },
  "metrics": {
    "identity": {
      "mean": 29091.643408203126,
      "std": 736.147953440105,
      "sem": 329.215373077885,
      "ci95_lo": 28446.38127697047,
      "ci95_hi": 29736.905539435782,
      "min": 28310.67626953125,
      "max": 30128.58837890625,
      "n": 5
    },
    "high_related": {
      "mean": 31102.04345703125,
      "std": 795.0773836929308,
      "sem": 355.5694154620152,
      "ci95_lo": 30405.1274027257,
      "ci95_hi": 31798.9595113368,
      "min": 30346.30126953125,
      "max": 32242.213623046875,
      "n": 5
    },
    "low_related": {
      "mean": 31023.868408203125,
      "std": 805.2940005885056,
      "sem": 360.1384254377308,
      "ci95_lo": 30317.997094345174,
      "ci95_hi": 31729.739722061076,
      "min": 30235.55126953125,
      "max": 32166.71337890625,
      "n": 5
    },
    "unrelated": {
      "mean": 31089.76845703125,
      "std": 776.2324758460205,
      "sem": 347.1417164669331,
      "ci95_lo": 30409.37069275606,
      "ci95_hi": 31770.166221306437,
      "min": 30368.92626953125,
      "max": 32226.088623046875,
      "n": 5
    },
    "monotonic": false,
    "comparisons": {
      "identity_vs_unrelated": {
        "test": {
          "t": -56.15372833418667,
          "p": 6.021701517440443e-07,
          "d": -25.112710749059488,
          "significant": "True"
        },
        "direction": "CORRECT"
      },
      "high_vs_unrelated": {
        "test": {
          "t": 0.9296208473410095,
          "p": 0.40518897834933437,
          "d": 0.41573908159109035,
          "significant": "False"
        },
        "direction": "REVERSED"
      },
      "low_vs_unrelated": {
        "test": {
          "t": -3.1186538922030382,
          "p": 0.03557287345241808,
          "d": -1.3947044202520589,
          "significant": "True"
        },
        "direction": "CORRECT"
      },
      "identity_vs_high": {
        "test": {
          "t": -54.552870511842826,
          "p": 6.759406564220373e-07,
          "d": -24.396785366444863,
          "significant": "True"
        },
        "direction": "CORRECT"
      },
      "high_vs_low": {
        "test": {
          "t": 8.85818846940236,
          "p": 0.0008969038180866378,
          "d": 3.961502315017699,
          "significant": "True"
        },
        "direction": "REVERSED"
      }
    }
  },
  "raw_data": {},
  "success": true,
  "error_message": null,
  "duration_seconds": 13.355778700090013
}