{
  "experiment_name": "n400_pre_kwta",
  "timestamp": "2026-02-11T12:40:00.425551",
  "parameters": {
    "n": 50000,
    "k": 100,
    "p": 0.05,
    "beta": 0.05,
    "rounds": 10,
    "n_seeds": 3
  },
  "metrics": {
    "path1": {
      "related": {
        "mean": 24.379999955495197,
        "std": 0.09329907616014632,
        "sem": 0.053866246736203875,
        "ci95_lo": 24.27442211189224,
        "ci95_hi": 24.485577799098156,
        "min": 24.297499656677246,
        "max": 24.481250047683716,
        "n": 3
      },
      "unrelated": {
        "mean": 25.049583276112873,
        "std": 0.0503476405979083,
        "sem": 0.029068223852264888,
        "ci95_lo": 24.992609557362435,
        "ci95_hi": 25.10655699486331,
        "min": 25.009999990463257,
        "max": 25.106249809265137,
        "n": 3
      },
      "test": {
        "t": -8.28349885484433,
        "p": 0.014262738647307552,
        "d": -4.782480293676331,
        "significant": "True"
      },
      "direction": "REVERSED"
    },
    "path2": {
      "related": {
        "mean": 0.0
      },
      "unrelated": {
        "mean": 0.0
      },
      "test": {
        "d": 0.0,
        "p": 1.0,
        "t": 0.0,
        "significant": false
      },
      "direction": "N/A"
    },
    "path3": {
      "related": {
        "mean": 316990.38579735655,
        "std": 12571.650023199349,
        "sem": 7258.24552505191,
        "ci95_lo": 302764.2245682548,
        "ci95_hi": 331216.5470264583,
        "min": 306944.6361885816,
        "max": 331088.42288151383,
        "n": 3
      },
      "unrelated": {
        "mean": 325685.106040587,
        "std": 13095.292998763258,
        "sem": 7560.570937952989,
        "ci95_lo": 310866.38700219913,
        "ci95_hi": 340503.8250789749,
        "min": 315037.9095661342,
        "max": 340307.3388092518,
        "n": 3
      },
      "test": {
        "t": -26.570455560471018,
        "p": 0.0014134500270452652,
        "d": -15.340459670328931,
        "significant": "True"
      },
      "direction": "CORRECT"
    }
  },
  "raw_data": {},
  "success": true,
  "error_message": null,
  "duration_seconds": 6.808533499999612
}