{
  "experiment_name": "n400_context",
  "timestamp": "2026-02-11T01:35:15.137579",
  "parameters": {
    "n": 50000,
    "k": 100,
    "p": 0.05,
    "beta": 0.05,
    "rounds": 10,
    "n_seeds": 3,
    "n_training": 20
  },
  "metrics": {
    "h1_direct": {
      "related": {
        "mean": 0.05541666666666668,
        "std": 0.01897092072972035,
        "sem": 0.010952866190079095,
        "ci95_lo": 0.03394904893411165,
        "ci95_hi": 0.07688428439922171,
        "min": 0.03500000000000002,
        "max": 0.07250000000000001,
        "n": 3
      },
      "unrelated": {
        "mean": 0.03875000000000001,
        "std": 0.011924240017711819,
        "sem": 0.006884463184107627,
        "ci95_lo": 0.025256452159149057,
        "ci95_hi": 0.05224354784085096,
        "min": 0.02500000000000001,
        "max": 0.04625,
        "n": 3
      },
      "test": {
        "t": 3.0499714066520967,
        "p": 0.09278157674697089,
        "d": 1.76090181265125,
        "significant": "False"
      },
      "n400_pattern": false
    },
    "h2_sentence": {
      "related": {
        "mean": 0.27499999999999997,
        "std": 0.029202359113225353,
        "sem": 0.01685998989499278,
        "ci95_lo": 0.2419544198058141,
        "ci95_hi": 0.3080455801941858,
        "min": 0.24500000000000002,
        "max": 0.3033333333333333,
        "n": 3
      },
      "unrelated": {
        "mean": 0.18055555555555555,
        "std": 0.02143033502442878,
        "sem": 0.012372809695177822,
        "ci95_lo": 0.15630484855300703,
        "ci95_hi": 0.20480626255810408,
        "min": 0.165,
        "max": 0.205,
        "n": 3
      },
      "test": {
        "t": 8.405958999380546,
        "p": 0.013858735007078854,
        "d": 4.853182691089315,
        "significant": "True"
      },
      "n400_pattern": false
    },
    "h3_convergence": {
      "by_round": [
        {
          "round": 0,
          "related": 0.9420833333333333,
          "unrelated": 0.9608333333333334,
          "delta": -0.018750000000000155
        },
        {
          "round": 1,
          "related": 0.9391666666666666,
          "unrelated": 0.9604166666666666,
          "delta": -0.02124999999999999
        },
        {
          "round": 2,
          "related": 0.9370833333333334,
          "unrelated": 0.9604166666666666,
          "delta": -0.023333333333333206
        },
        {
          "round": 3,
          "related": 0.9395833333333333,
          "unrelated": 0.9604166666666666,
          "delta": -0.02083333333333326
        },
        {
          "round": 4,
          "related": 0.9408333333333333,
          "unrelated": 0.9608333333333334,
          "delta": -0.02000000000000013
        },
        {
          "round": 5,
          "related": 0.9433333333333334,
          "unrelated": 0.9608333333333333,
          "delta": -0.01749999999999996
        },
        {
          "round": 6,
          "related": 0.9433333333333334,
          "unrelated": 0.9608333333333333,
          "delta": -0.01749999999999996
        },
        {
          "round": 7,
          "related": 0.94375,
          "unrelated": 0.9608333333333333,
          "delta": -0.01708333333333334
        },
        {
          "round": 8,
          "related": 0.9441666666666667,
          "unrelated": 0.9608333333333333,
          "delta": -0.016666666666666607
        },
        {
          "round": 9,
          "related": 0.9445833333333334,
          "unrelated": 0.96125,
          "delta": -0.016666666666666607
        }
      ],
      "tests": {
        "round_0": {
          "t": -2.7607068314348546,
          "p": 0.011128515517952122,
          "d": -0.5635269222025937,
          "significant": "True"
        },
        "round_1": {
          "t": -2.6145999719593624,
          "p": 0.015494568992907303,
          "d": -0.5337029843996369,
          "significant": "True"
        },
        "round_2": {
          "t": -2.5197808981433063,
          "p": 0.019139259961449776,
          "d": -0.514348122005251,
          "significant": "True"
        },
        "round_3": {
          "t": -2.545219697353513,
          "p": 0.018089897546738197,
          "d": -0.5195407951497611,
          "significant": "True"
        },
        "round_4": {
          "t": -2.5634797778466236,
          "p": 0.017370026723767244,
          "d": -0.5232681184722837,
          "significant": "True"
        },
        "round_5": {
          "t": -2.6735728049447953,
          "p": 0.013567324036321871,
          "d": -0.5457407635246939,
          "significant": "True"
        }
      }
    },
    "h4_scaling": {
      "same_category_animal": {
        "mean_disruption": 0.08499999999999998,
        "n_pairs": 6,
        "disruptions": [
          0.13,
          0.09999999999999998,
          0.09999999999999998,
          0.06999999999999995,
          0.06999999999999995,
          0.040000000000000036
        ]
      },
      "same_category_object": {
        "mean_disruption": 0.006666666666666672,
        "n_pairs": 3,
        "disruptions": [
          0.010000000000000009,
          0.010000000000000009,
          0.0
        ]
      },
      "cross_category": {
        "mean_disruption": 0.0,
        "n_pairs": 6,
        "disruptions": [
          0.0,
          0.0,
          0.0,
          0.0,
          0.0,
          0.0
        ]
      }
    },
    "h5_classic": {
      "related": {
        "mean": 0.23500000000000001,
        "std": 0.021901769334919045,
        "sem": 0.012644992421244602,
        "ci95_lo": 0.21021581485436058,
        "ci95_hi": 0.25978418514563945,
        "min": 0.21375,
        "max": 0.2575,
        "n": 3
      },
      "unrelated": {
        "mean": 0.17499999999999996,
        "std": 0.022810359488618315,
        "sem": 0.013169567191065918,
        "ci95_lo": 0.14918764830551076,
        "ci95_hi": 0.20081235169448916,
        "min": 0.16,
        "max": 0.20124999999999998,
        "n": 3
      },
      "test": {
        "t": 11.876919823329462,
        "p": 0.007014616688981886,
        "d": 6.857142857142868,
        "significant": "True"
      },
      "n400_pattern": false
    },
    "h6_prediction": {
      "related": {
        "mean": 0.8579166666666668,
        "std": 0.013712068893253613,
        "sem": 0.007916666666666667,
        "ci95_lo": 0.8424000000000001,
        "ci95_hi": 0.8734333333333334,
        "min": 0.8425,
        "max": 0.86875,
        "n": 3
      },
      "unrelated": {
        "mean": 0.8745833333333334,
        "std": 0.010408329997330656,
        "sem": 0.0060092521257733116,
        "ci95_lo": 0.8628051991668176,
        "ci95_hi": 0.8863614674998491,
        "min": 0.86625,
        "max": 0.88625,
        "n": 3
      },
      "test": {
        "t": -3.831305140884626,
        "p": 0.061869940359610257,
        "d": -2.212005054437336,
        "significant": "False"
      },
      "n400_pattern": false
    },
    "h7_topdown": {
      "related": {
        "mean": 0.7633333333333333,
        "std": 0.009381941874331386,
        "sem": 0.005416666666666649,
        "ci95_lo": 0.7527166666666667,
        "ci95_hi": 0.7739499999999999,
        "min": 0.75375,
        "max": 0.7725,
        "n": 3
      },
      "unrelated": {
        "mean": 0.9329166666666667,
        "std": 0.010777097630314576,
        "sem": 0.006222160217944999,
        "ci95_lo": 0.9207212326394946,
        "ci95_hi": 0.9451121006938389,
        "min": 0.92125,
        "max": 0.9424999999999999,
        "n": 3
      },
      "baseline": {
        "mean": 0.7549999999999999,
        "std": 0.02274175674832531,
        "sem": 0.013129959380490606,
        "ci95_lo": 0.7292652796142383,
        "ci95_hi": 0.7807347203857615,
        "min": 0.72875,
        "max": 0.7687499999999999,
        "n": 3
      },
      "test": {
        "t": -35.29137575963196,
        "p": 0.0008019368362797356,
        "d": -20.375485294895746,
        "significant": "True"
      },