{
  "experiment_name": "n400_diagnostic",
  "timestamp": "2026-02-11T00:47:16.383012",
  "parameters": {
    "n": 50000,
    "k": 100,
    "p": 0.05,
    "beta": 0.05,
    "rounds": 10,
    "n_seeds": 3,
    "semantic_k": 300,
    "n_training": 13
  },
  "metrics": {
    "h1_baseline_asymmetry": {
      "animal_baseline": {
        "mean": 0.7753333333333332,
        "std": 0.03312602199681289,
        "sem": 0.019125317717041387,
        "ci95_lo": 0.7378477106079321,
        "ci95_hi": 0.8128189560587343,
        "min": 0.744,
        "max": 0.8099999999999999,
        "n": 3
      },
      "object_baseline": {
        "mean": 0.8986666666666666,
        "std": 0.013012814197295546,
        "sem": 0.0075129517797231675,
        "ci95_lo": 0.8839412811784092,
        "ci95_hi": 0.913392052154924,
        "min": 0.8859999999999999,
        "max": 0.9120000000000001,
        "n": 3
      },
      "animal_neighbor_ov": {
        "mean": 0.11955555555555557,
        "std": 0.008131633094903109,
        "sem": 0.00469480055629358,
        "ci95_lo": 0.11035374646522016,
        "ci95_hi": 0.128757364645891,
        "min": 0.11022222222222222,
        "max": 0.12511111111111112,
        "n": 3
      },
      "object_neighbor_ov": {
        "mean": 0.01674074074074074,
        "std": 0.0030658077165296106,
        "sem": 0.0017700449104220027,
        "ci95_lo": 0.013271452716313616,
        "ci95_hi": 0.020210028765167865,
        "min": 0.014444444444444446,
        "max": 0.02022222222222222,
        "n": 3
      },
      "test": {
        "t": -5.234684473512202,
        "p": 0.03461031962457985,
        "d": -3.022246489905024,
        "significant": "True"
      }
    },
    "h2_proper_control": {
      "no_prime": {
        "mean": 0.83,
        "std": 0.02046338192968109,
        "sem": 0.011814539065631501,
        "ci95_lo": 0.8068435034313622,
        "ci95_hi": 0.8531564965686377,
        "min": 0.8125,
        "max": 0.8524999999999999,
        "n": 3
      },
      "related": {
        "mean": 0.83,
        "std": 0.02046338192968109,
        "sem": 0.011814539065631501,
        "ci95_lo": 0.8068435034313622,
        "ci95_hi": 0.8531564965686377,
        "min": 0.8125,
        "max": 0.8524999999999999,
        "n": 3
      },
      "unrelated": {
        "mean": 0.83,
        "std": 0.02046338192968109,
        "sem": 0.011814539065631501,
        "ci95_lo": 0.8068435034313622,
        "ci95_hi": 0.8531564965686377,
        "min": 0.8125,
        "max": 0.8524999999999999,
        "n": 3
      },
      "test": {
        "t": 0.0,
        "p": 1.0,
        "d": 0.0,
        "significant": false
      }
    },
    "h3_convergence": {
      "by_round": [
        {
          "round": 0,
          "no_prime": 0.7845833333333333,
          "related": 0.8258333333333333,
          "unrelated": 0.8191666666666667,
          "related_minus_unrelated": 0.006666666666666599,
          "related_minus_noprime": 0.04125000000000001
        },
        {
          "round": 1,
          "no_prime": 0.1991666666666667,
          "related": 0.19125,
          "unrelated": 0.215,
          "related_minus_unrelated": -0.023749999999999993,
          "related_minus_noprime": -0.007916666666666683
        },
        {
          "round": 2,
          "no_prime": 0.7216666666666667,
          "related": 0.7549999999999999,
          "unrelated": 0.7366666666666667,
          "related_minus_unrelated": 0.0183333333333332,
          "related_minus_noprime": 0.033333333333333215
        },
        {
          "round": 3,
          "no_prime": 0.6879166666666667,
          "related": 0.7275,
          "unrelated": 0.7091666666666666,
          "related_minus_unrelated": 0.018333333333333424,
          "related_minus_noprime": 0.039583333333333304
        },
        {
          "round": 4,
          "no_prime": 0.6816666666666666,
          "related": 0.7266666666666667,
          "unrelated": 0.7075,
          "related_minus_unrelated": 0.019166666666666665,
          "related_minus_noprime": 0.04500000000000004
        },
        {
          "round": 5,
          "no_prime": 0.6779166666666666,
          "related": 0.7179166666666666,
          "unrelated": 0.7016666666666667,
          "related_minus_unrelated": 0.016249999999999987,
          "related_minus_noprime": 0.040000000000000036
        }
      ],
      "round0_test_rel_vs_unrel": {
        "t": 3.762159772503841,
        "p": 0.0010135762265344513,
        "d": 0.7679476477883045,
        "significant": "True"
      },
      "round0_test_rel_vs_none": {
        "t": 6.097549414068035,
        "p": 3.212871516586554e-06,
        "d": 1.2446570621561026,
        "significant": "True"
      },
      "speed_related": 2.5,
      "speed_unrelated": 2.5,
      "speed_noprime": 2.5
    },
    "h4_feature_overlap": {
      "related": {
        "mean": 0.3333333333333333,
        "std": 0.0,
        "sem": 0.0,
        "ci95_lo": 0.3333333333333333,
        "ci95_hi": 0.3333333333333333,
        "min": 0.3333333333333333,
        "max": 0.3333333333333333,
        "n": 8
      },
      "unrelated": {
        "mean": 0.0,
        "std": 0.0,
        "sem": 0.0,
        "ci95_lo": 0.0,
        "ci95_hi": 0.0,
        "min": 0.0,
        "max": 0.0,
        "n": 8
      }
    },
    "h5_semantic_layer": {
      "no_prime": {
        "mean": 1.0,
        "std": 0.0,
        "sem": 0.0,
        "ci95_lo": 1.0,
        "ci95_hi": 1.0,
        "min": 1.0,
        "max": 1.0,
        "n": 3
      },
      "related": {
        "mean": 1.0,
        "std": 0.0,
        "sem": 0.0,
        "ci95_lo": 1.0,
        "ci95_hi": 1.0,
        "min": 1.0,
        "max": 1.0,
        "n": 3
      },
      "unrelated": {
        "mean": 1.0,
        "std": 0.0,
        "sem": 0.0,
        "ci95_lo": 1.0,
        "ci95_hi": 1.0,
        "min": 1.0,
        "max": 1.0,
        "n": 3
      },
      "test_rel_vs_unrel": {
        "t": 0.0,
        "p": 1.0,
        "d": 0.0,
        "significant": false
      },
      "test_rel_vs_none": {
        "t": 0.0,
        "p": 1.0,
        "d": 0.0,
        "significant": false
      },
      "n400_direction": false
    }
  },
  "raw_data": {},
  "success": true,
  "error_message": null,
  "duration_seconds": 35.544108099998994
}