{
  "experiment_name": "n400_context",
  "timestamp": "2026-02-11T01:30:31.984202",
  "parameters": {
    "n": 50000,
    "k": 100,
    "p": 0.05,
    "beta": 0.05,
    "rounds": 10,
    "n_seeds": 3,
    "n_training": 20
  },
  "metrics": {
    "h1_direct": {
      "related": {
        "mean": 0.05083333333333334,
        "std": 0.0061661035778953115,
        "sem": 0.003560001560548973,
        "ci95_lo": 0.043855730274657355,
        "ci95_hi": 0.05781093639200933,
        "min": 0.04375000000000001,
        "max": 0.05500000000000002,
        "n": 3
      },
      "unrelated": {
        "mean": 0.037083333333333336,
        "std": 0.008036375634160802,
        "sem": 0.004639803635691689,
        "ci95_lo": 0.027989318207377628,
        "ci95_hi": 0.046177348459289044,
        "min": 0.03125,
        "max": 0.04625000000000001,
        "n": 3
      },
      "test": {
        "t": 4.1576092031015035,
        "p": 0.05327073759374244,
        "d": 2.4003967925959184,
        "significant": "False"
      },
      "n400_pattern": false
    },
    "h2_sentence": {
      "related": {
        "mean": 0.2905555555555555,
        "std": 0.030746875782270474,
        "sem": 0.017751717009633846,
        "ci95_lo": 0.2557621902166732,
        "ci95_hi": 0.32534892089443784,
        "min": 0.25666666666666665,
        "max": 0.31666666666666665,
        "n": 3
      },
      "unrelated": {
        "mean": 0.1688888888888889,
        "std": 0.0445450250786691,
        "sem": 0.025718082220228238,
        "ci95_lo": 0.11848144773724155,
        "ci95_hi": 0.21929633004053622,
        "min": 0.13833333333333334,
        "max": 0.22,
        "n": 3
      },
      "test": {
        "t": 2.858170119729807,
        "p": 0.10371518700430203,
        "d": 1.650165288015749,
        "significant": "False"
      },
      "n400_pattern": false
    },
    "h3_convergence": {
      "by_round": [
        {
          "round": 0,
          "related": 0.9491666666666667,
          "unrelated": 0.9629166666666666,
          "delta": -0.013749999999999929
        },
        {
          "round": 1,
          "related": 0.9458333333333333,
          "unrelated": 0.9629166666666666,
          "delta": -0.01708333333333334
        },
        {
          "round": 2,
          "related": 0.9466666666666667,
          "unrelated": 0.9629166666666666,
          "delta": -0.016249999999999987
        },
        {
          "round": 3,
          "related": 0.9479166666666666,
          "unrelated": 0.9629166666666666,
          "delta": -0.015000000000000013
        },
        {
          "round": 4,
          "related": 0.9483333333333333,
          "unrelated": 0.9629166666666666,
          "delta": -0.014583333333333393
        },
        {
          "round": 5,
          "related": 0.94875,
          "unrelated": 0.9629166666666666,
          "delta": -0.01416666666666666
        },
        {
          "round": 6,
          "related": 0.9491666666666667,
          "unrelated": 0.9629166666666666,
          "delta": -0.013749999999999929
        },
        {
          "round": 7,
          "related": 0.9491666666666667,
          "unrelated": 0.9629166666666666,
          "delta": -0.013749999999999929
        },
        {
          "round": 8,
          "related": 0.9491666666666667,
          "unrelated": 0.9629166666666666,
          "delta": -0.013749999999999929
        },
        {
          "round": 9,
          "related": 0.9491666666666667,
          "unrelated": 0.9629166666666666,
          "delta": -0.013749999999999929
        }
      ],
      "tests": {
        "round_0": {
          "t": -3.2045861969569382,
          "p": 0.003935305800640682,
          "d": -0.6541334182758811,
          "significant": "True"
        },
        "round_1": {
          "t": -2.629680758327372,
          "p": 0.014978637176129224,
          "d": -0.5367813370264323,
          "significant": "True"
        },
        "round_2": {
          "t": -2.5999999999999996,
          "p": 0.016009886178714836,
          "d": -0.5307227776030219,
          "significant": "True"
        },
        "round_3": {
          "t": -2.4919871588754234,
          "p": 0.020350411748749114,
          "d": -0.5086747487343953,
          "significant": "True"
        },
        "round_4": {
          "t": -2.6596642096813854,
          "p": 0.014000411560705564,
          "d": -0.5429016834051734,
          "significant": "True"
        },
        "round_5": {
          "t": -2.6493409353579747,
          "p": 0.01433022911089636,
          "d": -0.5407944538579125,
          "significant": "True"
        }
      }
    },
    "h4_scaling": {
      "same_category_animal": {
        "mean_disruption": 0.09666666666666666,
        "n_pairs": 6,
        "disruptions": [
          0.14,
          0.12,
          0.10999999999999999,
          0.07999999999999996,
          0.07999999999999996,
          0.050000000000000044
        ]
      },
      "same_category_object": {
        "mean_disruption": 0.030000000000000027,
        "n_pairs": 3,
        "disruptions": [
          0.050000000000000044,
          0.030000000000000027,
          0.010000000000000009
        ]
      },
      "cross_category": {
        "mean_disruption": 0.0050000000000000044,
        "n_pairs": 6,
        "disruptions": [
          0.010000000000000009,
          0.010000000000000009,
          0.010000000000000009,
          0.0,
          0.0,
          0.0
        ]
      }
    },
    "h5_classic": {
      "related": {
        "mean": 0.25208333333333327,
        "std": 0.03312696535050159,
        "sem": 0.0191258623625475,
        "ci95_lo": 0.21459664310274018,
        "ci95_hi": 0.28957002356392636,
        "min": 0.21875,
        "max": 0.285,
        "n": 3
      },
      "unrelated": {
        "mean": 0.16416666666666666,
        "std": 0.039217608715133724,
        "sem": 0.022642296948655872,
        "ci95_lo": 0.11978776464730115,
        "ci95_hi": 0.20854556868603216,
        "min": 0.135,
        "max": 0.20875,
        "n": 3
      },
      "test": {
        "t": 2.235214640941322,
        "p": 0.15493793464949113,
        "d": 1.290501774644065,
        "significant": "False"
      },
      "n400_pattern": false
    }
  },
  "raw_data": {},
  "success": true,
  "error_message": null,
  "duration_seconds": 53.95439119999901
}