{
  "experiment_name": "n400_controls",
  "timestamp": "2026-02-17T18:04:57.849417",
  "parameters": {
    "n": 50000,
    "k": 100,
    "p": 0.05,
    "beta": 0.05,
    "rounds": 10,
    "n_seeds": 3
  },
  "metrics": {
    "A_semantic": {
      "related": {
        "mean": 27209.086181640625,
        "std": 728.0265921326818,
        "sem": 420.3263489450097,
        "ci95_lo": 26385.246537708405,
        "ci95_hi": 28032.925825572845,
        "min": 26711.792358398438,
        "max": 28044.714233398438,
        "n": 3
      },
      "unrelated": {
        "mean": 28975.54443359375,
        "std": 812.5045544747201,
        "sem": 469.0997232437766,
        "ci95_lo": 28056.108976035946,
        "ci95_hi": 29894.979891151554,
        "min": 28372.917236328125,
        "max": 29899.589111328125,
        "n": 3
      },
      "test": {
        "t": -31.227844519682545,
        "p": 0.0010238788857162542,
        "d": -18.0294044396505,
        "significant": "True"
      },
      "direction": "CORRECT"
    },
    "B_repetition": {
      "repetition": {
        "mean": 30084.336100260418,
        "std": 934.0497426547615,
        "sem": 539.2738703582273,
        "ci95_lo": 29027.35931435829,
        "ci95_hi": 31141.312886162545,
        "min": 29326.417236328125,
        "max": 31127.839111328125,
        "n": 3
      },
      "semantic": {
        "mean": 30182.336100260418,
        "std": 930.010649966983,
        "sem": 536.9418991076565,
        "ci95_lo": 29129.92997800941,
        "ci95_hi": 31234.742222511424,
        "min": 29448.792236328125,
        "max": 31228.339111328125,
        "n": 3
      },
      "unrelated": {
        "mean": 30222.211100260418,
        "std": 931.5982079248529,
        "sem": 537.8584761219868,
        "ci95_lo": 29168.008487061325,
        "ci95_hi": 31276.41371345951,
        "min": 29460.042236328125,
        "max": 31260.714111328125,
        "n": 3
      },
      "ordering_correct": true,
      "rep_vs_unrel": {
        "t": -29.77820098065554,
        "p": 0.0011258206179274382,
        "d": -17.192452352164256,
        "significant": "True"
      },
      "rep_vs_sem": {
        "t": -6.600520840749399,
        "p": 0.022192008977917312,
        "d": -3.8108124841984004,
        "significant": "True"
      },
      "sem_vs_unrel": {
        "t": -2.091619663414619,
        "p": 0.17158690815570668,
        "d": -1.2075971757147446,
        "significant": "False"
      }
    },
    "C_shuffled": {
      "shuffled": {
        "mean": 31106.627766927082,
        "std": 957.7243627088296,
        "sem": 552.9424186194057,
        "ci95_lo": 30022.86062643305,
        "ci95_hi": 32190.394907421116,
        "min": 30250.792236328125,
        "max": 32141.089111328125,
        "n": 3
      },
      "unrelated": {
        "mean": 31082.752685546875,
        "std": 958.5156019283413,
        "sem": 553.3992407957841,
        "ci95_lo": 29998.090173587138,
        "ci95_hi": 32167.415197506612,
        "min": 30241.6669921875,
        "max": 32126.339111328125,
        "n": 3
      },
      "test": {
        "t": 1.9817650363012047,
        "p": 0.18600766934362437,
        "d": 1.144172577179089,
        "significant": "False"
      },
      "is_null_as_expected": true
    },
    "D_cross_category": {
      "associated": {
        "mean": 31818.76833767361,
        "std": 1074.612553297036,
        "sem": 620.4278469205948,
        "ci95_lo": 30602.729757709243,
        "ci95_hi": 33034.80691763797,
        "min": 30890.817708333332,
        "max": 32996.1669921875,
        "n": 3
      },
      "unrelated": {
        "mean": 31614.601888020832,
        "std": 1049.043162370413,
        "sem": 605.6653521860943,
        "ci95_lo": 30427.497797736087,
        "ci95_hi": 32801.705978305574,
        "min": 30720.318033854168,
        "max": 32769.333984375,
        "n": 3
      },
      "test": {
        "t": 11.892980321057177,
        "p": 0.006995882359011381,
        "d": 6.8664153898292835,
        "significant": "True"
      },
      "direction": "REVERSED"
    }
  },
  "raw_data": {},
  "success": true,
  "error_message": null,
  "duration_seconds": 8.61299469997175
}