{
  "experiment_name": "n400_pre_kwta",
  "timestamp": "2026-02-12T11:38:59.446919",
  "parameters": {
    "n": 50000,
    "k": 100,
    "p": 0.05,
    "beta": 0.05,
    "rounds": 10,
    "n_seeds": 3,
    "engine": "numpy_sparse"
  },
  "metrics": {
    "path1": {
      "1a:mean_input": {
        "related": {
          "mean": 24.40791670481364,
          "std": 0.1028451170196798,
          "sem": 0.0593776559961507,
          "ci95_lo": 24.291536499061184,
          "ci95_hi": 24.524296910566097,
          "min": 24.296249866485596,
          "max": 24.49875020980835,
          "n": 3
        },
        "unrelated": {
          "mean": 25.03666663169861,
          "std": 0.09934427220160673,
          "sem": 0.0573564422980451,
          "ci95_lo": 24.92424800479444,
          "ci95_hi": 25.149085258602778,
          "min": 24.947499752044678,
          "max": 25.143749952316284,
          "n": 3
        },
        "test": {
          "t": -6.984074594947192,
          "p": 0.01989167982920328,
          "d": -4.0322573474331875,
          "significant": "True"
        },
        "direction": "REVERSED"
      },
      "1b:max_input": {
        "related": {
          "mean": 29.916666666666668,
          "std": 0.19094065395649332,
          "sem": 0.11023963796102461,
          "ci95_lo": 29.70059697626306,
          "ci95_hi": 30.132736357070275,
          "min": 29.75,
          "max": 30.125,
          "n": 3
        },
        "unrelated": {
          "mean": 30.583333333333332,
          "std": 0.26020824993326663,
          "sem": 0.15023130314433292,
          "ci95_lo": 30.28887997917044,
          "ci95_hi": 30.877786687496226,
          "min": 30.375,
          "max": 30.875,
          "n": 3
        },
        "test": {
          "t": -3.670651741928988,
          "p": 0.06686105036831312,
          "d": -2.11925177130407,
          "significant": "False"
        },
        "direction": "REVERSED"
      },
      "1c:global_energy": {
        "related": {
          "mean": 27197.502848307293,
          "std": 686.7167252245395,
          "sem": 396.4760861654062,
          "ci95_lo": 26420.409719423096,
          "ci95_hi": 27974.59597719149,
          "min": 26728.417358398438,
          "max": 27985.714233398438,
          "n": 3
        },
        "unrelated": {
          "mean": 28950.91943359375,
          "std": 738.9415903786862,
          "sem": 426.62812612054466,
          "ci95_lo": 28114.728306397483,
          "ci95_hi": 29787.110560790017,
          "min": 28425.417236328125,
          "max": 29795.839111328125,
          "n": 3
        },
        "test": {
          "t": -53.69239950995048,
          "p": 0.00034669571681099175,
          "d": -30.999321310506836,
          "significant": "True"
        },
        "direction": "CORRECT"
      },
      "1d:rank_frac": {
        "related": {
          "mean": 0.8008333333333333,
          "std": 0.006884463184107649,
          "sem": 0.003974746672570619,
          "ci95_lo": 0.7930428298550949,
          "ci95_hi": 0.8086238368115717,
          "min": 0.79375,
          "max": 0.8075,
          "n": 3
        },
        "unrelated": {
          "mean": 0.8841666666666667,
          "std": 0.0007216878364870169,
          "sem": 0.0004166666666666578,
          "ci95_lo": 0.88335,
          "ci95_hi": 0.8849833333333333,
          "min": 0.88375,
          "max": 0.885,
          "n": 3
        },
        "test": {
          "t": -19.156525704423014,
          "p": 0.0027139119095106108,
          "d": -11.060025272186612,
          "significant": "True"
        },
        "direction": "REVERSED"
      }
    },
    "path2": {
      "2a:pred_error": {
        "related": {
          "mean": 0.8206206160244077,
          "std": 0.0046616140014987635,
          "sem": 0.00269138409862344,
          "ci95_lo": 0.8153455031911058,
          "ci95_hi": 0.8258957288577097,
          "min": 0.8157586987997199,
          "max": 0.8250520660199328,
          "n": 3
        },
        "unrelated": {
          "mean": 0.8195498563601152,
          "std": 0.002069915451325916,
          "sem": 0.0011950662430227834,
          "ci95_lo": 0.8172075265237906,
          "ci95_hi": 0.8218921861964399,
          "min": 0.8172919886425238,
          "max": 0.8213578152575005,
          "n": 3
        },
        "test": {
          "t": 0.3190803863718558,
          "p": 0.7799085633088614,
          "d": 0.18422114696492076,
          "significant": "False"
        },
        "direction": "REVERSED"
      },
      "2b:cosine_sim": {
        "related": {
          "mean": 0.17937938397559217,
          "std": 0.00466161400149879,
          "sem": 0.002691384098623455,
          "ci95_lo": 0.17410427114229018,
          "ci95_hi": 0.18465449680889415,
          "min": 0.17494793398006714,
          "max": 0.1842413012002801,
          "n": 3
        },
        "unrelated": {
          "mean": 0.18045014363988462,
          "std": 0.0020699154513259287,
          "sem": 0.0011950662430227907,
          "ci95_lo": 0.17810781380355994,
          "ci95_hi": 0.1827924734762093,
          "min": 0.17864218474249943,
          "max": 0.18270801135747614,
          "n": 3
        },
        "test": {
          "t": -0.3190803863718649,
          "p": 0.7799085633088554,
          "d": -0.184221146964926,
          "significant": "False"
        },
        "direction": "REVERSED"
      }
    },
    "path3": {
      "related": {
        "mean": 320364.7159079711,
        "std": 5539.665998562151,
        "sem": 3198.327655490475,
        "ci95_lo": 314095.99370320974,
        "ci95_hi": 326633.43811273243,
        "min": 314860.4160517156,
        "max": 325939.08334985375,
        "n": 3
      },
      "unrelated": {
        "mean": 329541.0994789203,
        "std": 5311.629797858671,
        "sem": 3066.670893629341,
        "ci95_lo": 323530.42452740675,
        "ci95_hi": 335551.7744304338,
        "min": 324021.38055601716,
        "max": 334616.76082494855,
        "n": 3
      },
      "test": {
        "t": -31.374308210846813,
        "p": 0.0010143562221665073,
        "d": -18.11396529117069,
        "significant": "True"
      },
      "direction": "CORRECT"
    }
  },
  "raw_data": {},
  "success": true,
  "error_message": null,
  "duration_seconds": 7.965321700001368
}