{
  "experiment_name": "n400_diagnostic",
  "timestamp": "2026-02-11T00:42:12.626203",
  "parameters": {
    "n": 10000,
    "k": 100,
    "p": 0.05,
    "beta": 0.1,
    "rounds": 10,
    "n_seeds": 3,
    "semantic_k": 317,
    "n_training": 13
  },
  "metrics": {
    "h1_baseline_asymmetry": {
      "animal_baseline": {
        "mean": 0.7986666666666666,
        "std": 0.005773502691896199,
        "sem": 0.0033333333333332997,
        "ci95_lo": 0.7921333333333334,
        "ci95_hi": 0.8051999999999999,
        "min": 0.792,
        "max": 0.8019999999999999,
        "n": 3
      },
      "object_baseline": {
        "mean": 0.8959999999999999,
        "std": 0.011135528725659994,
        "sem": 0.006429100507328608,
        "ci95_lo": 0.8833989630056358,
        "ci95_hi": 0.908601036994364,
        "min": 0.8859999999999999,
        "max": 0.9079999999999998,
        "n": 3
      },
      "animal_neighbor_ov": {
        "mean": 0.32888888888888884,
        "std": 0.013893776917636083,
        "sem": 0.008021575843457801,
        "ci95_lo": 0.3131666002357115,
        "ci95_hi": 0.34461117754206616,
        "min": 0.3137777777777777,
        "max": 0.34111111111111103,
        "n": 3
      },
      "object_neighbor_ov": {
        "mean": 0.08103703703703703,
        "std": 0.0033726081297280695,
        "sem": 0.0019471762115696213,
        "ci95_lo": 0.07722057166236057,
        "ci95_hi": 0.0848535024117135,
        "min": 0.07799999999999999,
        "max": 0.08466666666666667,
        "n": 3
      },
      "test": {
        "t": -14.385807461198729,
        "p": 0.004797307656530303,
        "d": -8.305649810233213,
        "significant": "True"
      }
    },
    "h2_proper_control": {
      "no_prime": {
        "mean": 0.8416666666666667,
        "std": 0.00641450179930853,
        "sem": 0.003703414340548119,
        "ci95_lo": 0.8344079745591924,
        "ci95_hi": 0.848925358774141,
        "min": 0.83625,
        "max": 0.8487499999999999,
        "n": 3
      },
      "related": {
        "mean": 0.8416666666666667,
        "std": 0.00641450179930853,
        "sem": 0.003703414340548119,
        "ci95_lo": 0.8344079745591924,
        "ci95_hi": 0.848925358774141,
        "min": 0.83625,
        "max": 0.8487499999999999,
        "n": 3
      },
      "unrelated": {
        "mean": 0.8416666666666667,
        "std": 0.00641450179930853,
        "sem": 0.003703414340548119,
        "ci95_lo": 0.8344079745591924,
        "ci95_hi": 0.848925358774141,
        "min": 0.83625,
        "max": 0.8487499999999999,
        "n": 3
      },
      "test": {
        "t": 0.0,
        "p": 1.0,
        "d": 0.0,
        "significant": false
      }
    },
    "h3_convergence": {
      "by_round": [
        {
          "round": 0,
          "no_prime": 0.7966666666666665,
          "related": 0.8412499999999999,
          "unrelated": 0.82,
          "related_minus_unrelated": 0.02124999999999999,
          "related_minus_noprime": 0.04458333333333342
        },
        {
          "round": 1,
          "no_prime": 0.6425000000000001,
          "related": 0.6845833333333333,
          "unrelated": 0.6916666666666668,
          "related_minus_unrelated": -0.007083333333333441,
          "related_minus_noprime": 0.04208333333333325
        },
        {
          "round": 2,
          "no_prime": 0.7683333333333332,
          "related": 0.8070833333333334,
          "unrelated": 0.78375,
          "related_minus_unrelated": 0.023333333333333428,
          "related_minus_noprime": 0.03875000000000017
        },
        {
          "round": 3,
          "no_prime": 0.7712500000000001,
          "related": 0.8029166666666666,
          "unrelated": 0.78875,
          "related_minus_unrelated": 0.01416666666666666,
          "related_minus_noprime": 0.03166666666666651
        },
        {
          "round": 4,
          "no_prime": 0.7691666666666667,
          "related": 0.8025000000000001,
          "unrelated": 0.7891666666666667,
          "related_minus_unrelated": 0.01333333333333342,
          "related_minus_noprime": 0.03333333333333344
        },
        {
          "round": 5,
          "no_prime": 0.7704166666666667,
          "related": 0.7991666666666667,
          "unrelated": 0.7883333333333334,
          "related_minus_unrelated": 0.01083333333333325,
          "related_minus_noprime": 0.028749999999999942
        }
      ],
      "round0_test_rel_vs_unrel": {
        "t": 6.6347469846007625,
        "p": 9.067450872334597e-07,
        "d": 1.3543120570617657,
        "significant": "True"
      },
      "round0_test_rel_vs_none": {
        "t": 8.791472640837792,
        "p": 8.190230226089708e-09,
        "d": 1.7945518381409258,
        "significant": "True"
      },
      "speed_related": 0.5,
      "speed_unrelated": 1.5,
      "speed_noprime": 2.0
    },
    "h4_feature_overlap": {
      "related": {
        "mean": 0.3333333333333333,
        "std": 0.0,
        "sem": 0.0,
        "ci95_lo": 0.3333333333333333,
        "ci95_hi": 0.3333333333333333,
        "min": 0.3333333333333333,
        "max": 0.3333333333333333,
        "n": 8
      },
      "unrelated": {
        "mean": 0.0,
        "std": 0.0,
        "sem": 0.0,
        "ci95_lo": 0.0,
        "ci95_hi": 0.0,
        "min": 0.0,
        "max": 0.0,
        "n": 8
      }
    },
    "h5_semantic_layer": {
      "no_prime": {
        "mean": 1.0,
        "std": 0.0,
        "sem": 0.0,
        "ci95_lo": 1.0,
        "ci95_hi": 1.0,
        "min": 1.0,
        "max": 1.0,
        "n": 3
      },
      "related": {
        "mean": 1.0,
        "std": 0.0,
        "sem": 0.0,
        "ci95_lo": 1.0,
        "ci95_hi": 1.0,
        "min": 1.0,
        "max": 1.0,
        "n": 3
      },
      "unrelated": {
        "mean": 1.0,
        "std": 0.0,
        "sem": 0.0,
        "ci95_lo": 1.0,
        "ci95_hi": 1.0,
        "min": 1.0,
        "max": 1.0,
        "n": 3
      },
      "test_rel_vs_unrel": {
        "t": 0.0,
        "p": 1.0,
        "d": 0.0,
        "significant": false
      },
      "test_rel_vs_none": {
        "t": 0.0,
        "p": 1.0,
        "d": 0.0,
        "significant": false
      },
      "n400_direction": false
    }
  },
  "raw_data": {},
  "success": true,
  "error_message": null,
  "duration_seconds": 18.045095200001015
}