{
  "experiment_name": "n400_vocab_scaling",
  "timestamp": "2026-02-17T18:11:40.285576",
  "parameters": {
    "n": 50000,
    "k": 100,
    "p": 0.05,
    "beta": 0.05,
    "rounds": 10,
    "n_seeds": 3
  },
  "metrics": {
    "small": {
      "n_nouns": 12,
      "n_vocab": 17,
      "n_test_pairs": 4,
      "n_training": 40,
      "n_seeds": 3,
      "related": {
        "mean": 25151.610758463543,
        "std": 349.6068005440259,
        "sem": 201.84558040461715,
        "ci95_lo": 24755.993420870494,
        "ci95_hi": 25547.22809605659,
        "min": 24751.83056640625,
        "max": 25400.04736328125,
        "n": 3
      },
      "unrelated": {
        "mean": 28367.694173177082,
        "std": 340.29037846890134,
        "sem": 196.46674161165984,
        "ci95_lo": 27982.619359618227,
        "ci95_hi": 28752.768986735937,
        "min": 27975.3310546875,
        "max": 28582.2041015625,
        "n": 3
      },
      "test": {
        "t": -82.91455491104713,
        "p": 0.00014542655206511466,
        "d": -47.87074059763107,
        "significant": "True"
      },
      "direction": "CORRECT"
    },
    "medium": {
      "n_nouns": 30,
      "n_vocab": 37,
      "n_test_pairs": 13,
      "n_training": 90,
      "n_seeds": 3,
      "related": {
        "mean": 55025.89197716346,
        "std": 711.5016056388893,
        "sem": 410.7856435444637,
        "ci95_lo": 54220.752115816314,
        "ci95_hi": 55831.03183851061,
        "min": 54463.98813100962,
        "max": 55825.91286057692,
        "n": 3
      },
      "unrelated": {
        "mean": 57338.19971955128,
        "std": 715.3361109966673,
        "sem": 412.99949624498595,
        "ci95_lo": 56528.72070691111,
        "ci95_hi": 58147.67873219145,
        "min": 56677.219050480766,
        "max": 58097.682091346156,
        "n": 3
      },
      "test": {
        "t": -32.194130038268135,
        "p": 0.0009634266221353942,
        "d": -18.587289643919927,
        "significant": "True"
      },
      "direction": "CORRECT"
    },
    "large": {
      "n_nouns": 46,
      "n_vocab": 55,
      "n_test_pairs": 18,
      "n_training": 138,
      "n_seeds": 3,
      "related": {
        "mean": 77257.17903645833,
        "std": 991.3206656149266,
        "sem": 572.3392531460169,
        "ci95_lo": 76135.39410029213,
        "ci95_hi": 78378.96397262452,
        "min": 76142.07508680556,
        "max": 78038.61501736111,
        "n": 3
      },
      "unrelated": {
        "mean": 79485.34563078704,
        "std": 1002.5636405538753,
        "sem": 578.8303877535111,
        "ci95_lo": 78350.83807079015,
        "ci95_hi": 80619.85319078392,
        "min": 78374.68619791667,
        "max": 80323.44835069444,
        "n": 3
      },
      "test": {
        "t": -65.39558447417734,
        "p": 0.0002337495878055585,
        "d": -37.756158299979205,
        "significant": "True"
      },
      "direction": "CORRECT"
    }
  },
  "raw_data": {},
  "success": true,
  "error_message": null,
  "duration_seconds": 124.59431820001919
}