{
  "experiment_name": "n400_cloze",
  "timestamp": "2026-02-11T13:31:36.039391",
  "parameters": {
    "n": 50000,
    "k": 100,
    "p": 0.05,
    "beta": 0.05,
    "rounds": 10,
    "n_seeds": 3
  },
  "metrics": {
    "high_cloze": {
      "mean": 21452.035231987637,
      "std": 246.30058733390229,
      "sem": 142.20171039879142,
      "ci95_lo": 21173.319879606006,
      "ci95_hi": 21730.750584369267,
      "min": 21292.25003373623,
      "max": 21735.681351661682,
      "n": 3
    },
    "medium_cloze": {
      "mean": 24414.557123144466,
      "std": 295.4739081872996,
      "sem": 170.5919404304482,
      "ci95_lo": 24080.196919900787,
      "ci95_hi": 24748.917326388146,
      "min": 24188.18254429102,
      "max": 24748.811694085598,
      "n": 3
    },
    "low_cloze": {
      "mean": 24436.775733788807,
      "std": 409.99323076318313,
      "sem": 236.70970214704815,
      "ci95_lo": 23972.824717580592,
      "ci95_hi": 24900.726749997022,
      "min": 24161.008845567703,
      "max": 24907.914210557938,
      "n": 3
    },
    "monotonic": true,
    "comparisons": {
      "high_vs_low": {
        "test": {
          "t": -31.544133381133832,
          "p": 0.00100347996841242,
          "d": -18.212013898951078,
          "significant": "True"
        },
        "direction": "CORRECT"
      },
      "high_vs_medium": {
        "test": {
          "t": -57.79606273139506,
          "p": 0.0002992323380699921,
          "d": -33.368572376071434,
          "significant": "True"
        },
        "direction": "CORRECT"
      },
      "medium_vs_low": {
        "test": {
          "t": -0.24871129187065347,
          "p": 0.8267926966370319,
          "d": -0.14359353131202138,
          "significant": "False"
        },
        "direction": "CORRECT"
      }
    }
  },
  "raw_data": {},
  "success": true,
  "error_message": null,
  "duration_seconds": 7.699036400001205
}