{
  "experiment_name": "n400_graded",
  "timestamp": "2026-02-11T13:31:37.020605",
  "parameters": {
    "n": 50000,
    "k": 100,
    "p": 0.05,
    "beta": 0.05,
    "rounds": 10,
    "n_seeds": 3
  },
  "metrics": {
    "identity": {
      "mean": 29041.401774088543,
      "std": 959.9476529229162,
      "sem": 554.2260358229952,
      "ci95_lo": 27955.11874387547,
      "ci95_hi": 30127.684804301614,
      "min": 28310.67626953125,
      "max": 30128.58837890625,
      "n": 3
    },
    "high_related": {
      "mean": 31061.610188802082,
      "std": 1030.0461894021682,
      "sem": 594.6974447290901,
      "ci95_lo": 29896.003197133065,
      "ci95_hi": 32227.2171804711,
      "min": 30346.30126953125,
      "max": 32242.213623046875,
      "n": 3
    },
    "low_related": {
      "mean": 30973.110107421875,
      "std": 1043.2301602380503,
      "sem": 602.3092138401748,
      "ci95_lo": 29792.58404829513,
      "ci95_hi": 32153.63616654862,
      "min": 30235.55126953125,
      "max": 32166.71337890625,
      "n": 3
    },
    "unrelated": {
      "mean": 31064.068522135418,
      "std": 1012.7903019672724,
      "sem": 584.7347534734471,
      "ci95_lo": 29917.98840532746,
      "ci95_hi": 32210.148638943374,
      "min": 30368.92626953125,
      "max": 32226.088623046875,
      "n": 3
    },
    "monotonic": false,
    "comparisons": {
      "identity_vs_unrelated": {
        "test": {
          "t": -35.88892151232975,
          "p": 0.0007754856615728394,
          "d": -20.72047849606893,
          "significant": "True"
        },
        "direction": "CORRECT"
      },
      "high_vs_unrelated": {
        "test": {
          "t": -0.21921727838298305,
          "p": 0.8468193722018644,
          "d": -0.1265651546854324,
          "significant": "False"
        },
        "direction": "CORRECT"
      },
      "low_vs_unrelated": {
        "test": {
          "t": -4.12735455795199,
          "p": 0.05399223124511559,
          "d": -2.3829292650746097,
          "significant": "False"
        },
        "direction": "CORRECT"
      },
      "identity_vs_high": {
        "test": {
          "t": -34.30404118062026,
          "p": 0.0008487040503895912,
          "d": -19.80544740992311,
          "significant": "True"
        },
        "direction": "CORRECT"
      },
      "high_vs_low": {
        "test": {
          "t": 7.917701106120306,
          "p": 0.015579705584391174,
          "d": 4.571286864981556,
          "significant": "True"
        },
        "direction": "REVERSED"
      }
    }
  },
  "raw_data": {},
  "success": true,
  "error_message": null,
  "duration_seconds": 8.674464000003354
}