{
  "experiment_name": "n400_pre_kwta",
  "timestamp": "2026-02-11T12:43:00.859095",
  "parameters": {
    "n": 50000,
    "k": 100,
    "p": 0.05,
    "beta": 0.05,
    "rounds": 10,
    "n_seeds": 3
  },
  "metrics": {
    "path1": {
      "1a:mean_input": {
        "related": {
          "mean": 24.363333304723103,
          "std": 0.12770408615029552,
          "sem": 0.07372998851548829,
          "ci95_lo": 24.218822527232746,
          "ci95_hi": 24.50784408221346,
          "min": 24.22000002861023,
          "max": 24.46500015258789,
          "n": 3
        },
        "unrelated": {
          "mean": 25.009166797002155,
          "std": 0.15448681299485073,
          "sem": 0.08919300306882445,
          "ci95_lo": 24.834348510987258,
          "ci95_hi": 25.183985083017053,
          "min": 24.916249990463257,
          "max": 25.18750023841858,
          "n": 3
        },
        "test": {
          "t": -10.092443649382584,
          "p": 0.009675391747644459,
          "d": -5.826875057752164,
          "significant": "True"
        },
        "direction": "REVERSED"
      },
      "1b:max_input": {
        "related": {
          "mean": 29.333333333333332,
          "std": 0.19094065395649334,
          "sem": 0.11023963796102462,
          "ci95_lo": 29.117263642929725,
          "ci95_hi": 29.54940302373694,
          "min": 29.125,
          "max": 29.5,
          "n": 3
        },
        "unrelated": {
          "mean": 31.041666666666668,
          "std": 0.4018187817080398,
          "sem": 0.23199018178458428,
          "ci95_lo": 30.586965910368882,
          "ci95_hi": 31.496367422964454,
          "min": 30.75,
          "max": 31.5,
          "n": 3
        },
        "test": {
          "t": -11.371354022617197,
          "p": 0.0076449224784329315,
          "d": -6.565254306008571,
          "significant": "True"
        },
        "direction": "REVERSED"
      },
      "1c:global_energy": {
        "related": {
          "mean": 27178.502848307293,
          "std": 745.1512355634156,
          "sem": 430.2132664395203,
          "ci95_lo": 26335.284846085833,
          "ci95_hi": 28021.720850528753,
          "min": 26661.167358398438,
          "max": 28032.589233398438,
          "n": 3
        },
        "unrelated": {
          "mean": 28963.29443359375,
          "std": 796.7280586862584,
          "sem": 459.99115915343924,
          "ci95_lo": 28061.71176165301,
          "ci95_hi": 29864.87710553449,
          "min": 28457.667236328125,
          "max": 29881.714111328125,
          "n": 3
        },
        "test": {
          "t": -43.59166397767076,
          "p": 0.0005258361613453108,
          "d": -25.16765893193193,
          "significant": "True"
        },
        "direction": "CORRECT"
      },
      "1d:rank_frac": {
        "related": {
          "mean": 0.8000000000000002,
          "std": 0.013919410907075038,
          "sem": 0.008036375634160786,
          "ci95_lo": 0.784248703757045,
          "ci95_hi": 0.8157512962429553,
          "min": 0.785,
          "max": 0.8125,
          "n": 3
        },
        "unrelated": {
          "mean": 0.8904166666666667,
          "std": 0.0040181878170803985,
          "sem": 0.0023199018178458428,
          "ci95_lo": 0.8858696591036889,
          "ci95_hi": 0.8949636742296446,
          "min": 0.8875000000000001,
          "max": 0.895,
          "n": 3
        },
        "test": {
          "t": -14.730919862656197,
          "p": 0.00457668305957603,
          "d": -8.50490054811536,
          "significant": "True"
        },
        "direction": "REVERSED"
      }
    },
    "path2": {
      "2a:pred_error": {
        "related": {
          "mean": 0.8201333189817918,
          "std": 0.004534070679606205,
          "sem": 0.002617746927395432,
          "ci95_lo": 0.8150025350040967,
          "ci95_hi": 0.8252641029594868,
          "min": 0.8151208484589024,
          "max": 0.8239488102802814,
          "n": 3
        },
        "unrelated": {
          "mean": 0.8206538785065188,
          "std": 0.008015622152583146,
          "sem": 0.004627821607516207,
          "ci95_lo": 0.811583348155787,
          "ci95_hi": 0.8297244088572506,
          "min": 0.8115317853634216,
          "max": 0.8265716715575083,
          "n": 3
        },
        "test": {
          "t": -0.20275905938379618,
          "p": 0.8580789122653678,
          "d": -0.11706299751587004,
          "significant": "False"
        },
        "direction": "CORRECT"
      },
      "2b:cosine_sim": {
        "related": {
          "mean": 0.17986668101820827,
          "std": 0.004534070679606197,
          "sem": 0.0026177469273954276,
          "ci95_lo": 0.17473589704051323,
          "ci95_hi": 0.1849974649959033,
          "min": 0.17605118971971856,
          "max": 0.18487915154109757,
          "n": 3
        },
        "unrelated": {
          "mean": 0.17934612149348106,
          "std": 0.008015622152583099,
          "sem": 0.00462782160751618,
          "ci95_lo": 0.17027559114274934,
          "ci95_hi": 0.18841665184421277,
          "min": 0.17342832844249173,
          "max": 0.1884682146365783,
          "n": 3
        },
        "test": {
          "t": 0.20275905938380825,
          "p": 0.8580789122653595,
          "d": 0.11706299751587701,
          "significant": "False"
        },
        "direction": "CORRECT"
      }
    },
    "path3": {
      "related": {
        "mean": 316877.4949037532,
        "std": 8139.2682183426905,
        "sem": 4699.208696866718,
        "ci95_lo": 307667.04585789447,
        "ci95_hi": 326087.943949612,
        "min": 308680.7746229768,
        "max": 324958.0679476857,
        "n": 3
      },
      "unrelated": {
        "mean": 325723.114575247,
        "std": 8622.861206123245,
        "sem": 4978.411238540037,
        "ci95_lo": 315965.4285477085,
        "ci95_hi": 335480.8006027855,
        "min": 316914.18227121234,
        "max": 334147.0047068,
        "n": 3
      },
      "test": {
        "t": -28.82633297075141,
        "p": 0.0012012630001662994,
        "d": -16.64289110041311,
        "significant": "True"
      },
      "direction": "CORRECT"
    }
  },
  "raw_data": {},
  "success": true,
  "error_message": null,
  "duration_seconds": 7.522676200002024
}