{
  "experiment_name": "n400_controls",
  "timestamp": "2026-02-11T13:21:44.620859",
  "parameters": {
    "n": 50000,
    "k": 100,
    "p": 0.05,
    "beta": 0.05,
    "rounds": 10,
    "n_seeds": 3
  },
  "metrics": {
    "A_semantic": {
      "related": {
        "mean": 27261.461181640625,
        "std": 717.7261868238589,
        "sem": 414.3794071671986,
        "ci95_lo": 26449.277543592914,
        "ci95_hi": 28073.644819688336,
        "min": 26810.167358398438,
        "max": 28089.089233398438,
        "n": 3
      },
      "unrelated": {
        "mean": 29005.79443359375,
        "std": 764.8770976624228,
        "sem": 441.6019982323795,
        "ci95_lo": 28140.254517058285,
        "ci95_hi": 29871.334350129215,
        "min": 28475.417236328125,
        "max": 29882.589111328125,
        "n": 3
      },
      "test": {
        "t": -43.68450665834006,
        "p": 0.0005236051706470319,
        "d": -25.221261678608634,
        "significant": "True"
      },
      "direction": "CORRECT"
    },
    "B_repetition": {
      "repetition": {
        "mean": 30150.711100260418,
        "std": 768.7472276693587,
        "sem": 443.8364188336828,
        "ci95_lo": 29280.791719346398,
        "ci95_hi": 31020.630481174438,
        "min": 29558.917236328125,
        "max": 31019.589111328125,
        "n": 3
      },
      "semantic": {
        "mean": 30250.336100260418,
        "std": 789.9105945073466,
        "sem": 456.0550943745539,
        "ci95_lo": 29356.46811528629,
        "ci95_hi": 31144.204085234545,
        "min": 29642.542236328125,
        "max": 31143.214111328125,
        "n": 3
      },
      "unrelated": {
        "mean": 30261.461100260418,
        "std": 816.5641666017356,
        "sem": 471.44354139811446,
        "ci95_lo": 29337.431759120114,
        "ci95_hi": 31185.49044140072,
        "min": 29628.667236328125,
        "max": 31183.214111328125,
        "n": 3
      },
      "ordering_correct": true,
      "rep_vs_unrel": {
        "t": -3.992111678517633,
        "p": 0.057398091218227,
        "d": -2.3048467522272045,
        "significant": "False"
      },
      "rep_vs_sem": {
        "t": -8.152483993035277,
        "p": 0.014714691840327422,
        "d": -4.706838827943033,
        "significant": "True"
      },
      "sem_vs_unrel": {
        "t": -0.709837814478935,
        "p": 0.5514061998753572,
        "d": -0.4098250532703888,
        "significant": "False"
      }
    },
    "C_shuffled": {
      "shuffled": {
        "mean": 31190.04443359375,
        "std": 804.4530353263797,
        "sem": 464.4511764960969,
        "ci95_lo": 30279.7201276614,
        "ci95_hi": 32100.3687395261,
        "min": 30536.792236328125,
        "max": 32088.589111328125,
        "n": 3
      },
      "unrelated": {
        "mean": 31100.961100260418,
        "std": 827.680333871357,
        "sem": 477.86146356358734,
        "ci95_lo": 30164.352631675785,
        "ci95_hi": 32037.56956884505,
        "min": 30453.792236328125,
        "max": 32033.589111328125,
        "n": 3
      },
      "test": {
        "t": 4.114918221718675,
        "p": 0.054292943036967765,
        "d": 2.375749143002573,
        "significant": "False"
      },
      "is_null_as_expected": true
    },
    "D_cross_category": {
      "associated": {
        "mean": 31856.546223958332,
        "std": 858.8255976034224,
        "sem": 495.84318996327715,
        "ci95_lo": 30884.69357163031,
        "ci95_hi": 32828.39887628635,
        "min": 31189.818033854168,
        "max": 32825.6669921875,
        "n": 3
      },
      "unrelated": {
        "mean": 31789.26833767361,
        "std": 818.50525246218,
        "sem": 472.56422784216227,
        "ci95_lo": 30863.04245110297,
        "ci95_hi": 32715.49422424425,
        "min": 31185.317708333332,
        "max": 32720.833658854168,
        "n": 3
      },
      "test": {
        "t": 2.129717411538818,
        "p": 0.16694044227285856,
        "d": 1.2295929208497698,
        "significant": "False"
      },
      "direction": "REVERSED"
    }
  },
  "raw_data": {},
  "success": true,
  "error_message": null,
  "duration_seconds": 7.793103300005896
}