{
  "experiment_name": "n400_controls",
  "timestamp": "2026-02-11T13:18:15.855489",
  "parameters": {
    "n": 50000,
    "k": 100,
    "p": 0.05,
    "beta": 0.05,
    "rounds": 10,
    "n_seeds": 3
  },
  "metrics": {
    "A_semantic": {
      "related": {
        "mean": 27159.002848307293,
        "std": 756.6559973193959,
        "sem": 436.855543736298,
        "ci95_lo": 26302.765982584147,
        "ci95_hi": 28015.23971403044,
        "min": 26599.167358398438,
        "max": 28019.839233398438,
        "n": 3
      },
      "unrelated": {
        "mean": 28894.836100260418,
        "std": 832.2265060654806,
        "sem": 480.486197303647,
        "ci95_lo": 27953.08315354527,
        "ci95_hi": 29836.589046975565,
        "min": 28244.542236328125,
        "max": 29832.714111328125,
        "n": 3
      },
      "test": {
        "t": -35.55853632206193,
        "p": 0.0007899460046909828,
        "d": -20.52973051753154,
        "significant": "True"
      },
      "direction": "CORRECT"
    },
    "B_repetition": {
      "repetition": {
        "mean": 29931.586100260418,
        "std": 866.732138380379,
        "sem": 500.4080334092118,
        "ci95_lo": 28950.786354778364,
        "ci95_hi": 30912.385845742472,
        "min": 29261.667236328125,
        "max": 30910.464111328125,
        "n": 3
      },
      "semantic": {
        "mean": 30015.04443359375,
        "std": 874.38668342686,
        "sem": 504.82738705232174,
        "ci95_lo": 29025.582754971198,
        "ci95_hi": 31004.506112216302,
        "min": 29355.917236328125,
        "max": 31006.964111328125,
        "n": 3
      },
      "unrelated": {
        "mean": 30025.586100260418,
        "std": 910.5952800943652,
        "sem": 525.7324300852845,
        "ci95_lo": 28995.15053729326,
        "ci95_hi": 31056.021663227577,
        "min": 29318.542236328125,
        "max": 31053.089111328125,
        "n": 3
      },
      "ordering_correct": true,
      "rep_vs_unrel": {
        "t": -3.6989024588799406,
        "p": 0.06594204356026197,
        "d": -2.1355623303405022,
        "significant": "False"
      },
      "rep_vs_sem": {
        "t": -6.99311661257651,
        "p": 0.01984179352151515,
        "d": -4.037477758745492,
        "significant": "True"
      },
      "sem_vs_unrel": {
        "t": -0.42368872086957404,
        "p": 0.7130096742140666,
        "d": -0.2446167970466568,
        "significant": "False"
      }
    },
    "C_shuffled": {
      "shuffled": {
        "mean": 30899.252766927082,
        "std": 891.0756245556572,
        "sem": 514.4627517055226,
        "ci95_lo": 29890.905773584258,
        "ci95_hi": 31907.599760269906,
        "min": 30142.417236328125,
        "max": 31881.339111328125,
        "n": 3
      },
      "unrelated": {
        "mean": 30951.79443359375,
        "std": 910.324223440819,
        "sem": 525.5759354533939,
        "ci95_lo": 29921.665600105098,
        "ci95_hi": 31981.923267082402,
        "min": 30184.667236328125,
        "max": 31957.714111328125,
        "n": 3
      },
      "test": {
        "t": -4.395489567965604,
        "p": 0.04805839718044815,
        "d": -2.537737085285133,
        "significant": "True"
      },
      "is_null_as_expected": false
    },
    "D_cross_category": {
      "associated": {
        "mean": 31535.823784722223,
        "std": 1027.0384799248145,
        "sem": 592.9609428526958,
        "ci95_lo": 30373.62033673094,
        "ci95_hi": 32698.027232713506,
        "min": 30679.484049479168,
        "max": 32674.500325520832,
        "n": 3
      },
      "unrelated": {
        "mean": 31495.323784722223,
        "std": 998.6725445600262,
        "sem": 576.5838624340197,
        "ci95_lo": 30365.219414351544,
        "ci95_hi": 32625.4281550929,
        "min": 30641.150716145832,
        "max": 32593.333658854168,
        "n": 3
      },
      "test": {
        "t": 1.770173702826338,
        "p": 0.21871682894758748,
        "d": 1.022010263839183,
        "significant": "False"
      },
      "direction": "REVERSED"
    }
  },
  "raw_data": {},
  "success": true,
  "error_message": null,
  "duration_seconds": 9.512730099995679
}