{
  "experiment_name": "n400_pre_kwta",
  "timestamp": "2026-02-11T13:19:44.043130",
  "parameters": {
    "n": 50000,
    "k": 100,
    "p": 0.05,
    "beta": 0.05,
    "rounds": 10,
    "n_seeds": 3,
    "engine": "torch_sparse"
  },
  "metrics": {
    "path1": {
      "1a:mean_input": {
        "related": {
          "mean": 24.396249930063885,
          "std": 0.030413822842444687,
          "sem": 0.01755942880517103,
          "ci95_lo": 24.36183344960575,
          "ci95_hi": 24.43066641052202,
          "min": 24.361249923706055,
          "max": 24.416249990463257,
          "n": 3
        },
        "unrelated": {
          "mean": 25.03666663169861,
          "std": 0.04193254492916897,
          "sem": 0.024209766102661786,
          "ci95_lo": 24.98921549013739,
          "ci95_hi": 25.084117773259827,
          "min": 25.009999990463257,
          "max": 25.085000038146973,
          "n": 3
        },
        "test": {
          "t": -33.31866847286994,
          "p": 0.0008995771093149426,
          "d": -19.236542211851354,
          "significant": "True"
        },
        "direction": "REVERSED"
      },
      "1b:max_input": {
        "related": {
          "mean": 30.166666666666668,
          "std": 5.593429925665766,
          "sem": 3.2293682732764384,
          "ci95_lo": 23.83710485104485,
          "ci95_hi": 36.49622848228849,
          "min": 26.875,
          "max": 36.625,
          "n": 3
        },
        "unrelated": {
          "mean": 30.875,
          "std": 5.84700778176325,
          "sem": 3.3757715167548494,
          "ci95_lo": 24.258487827160494,
          "ci95_hi": 37.491512172839506,
          "min": 27.375,
          "max": 37.625,
          "n": 3
        },
        "test": {
          "t": -3.9000674757995504,
          "p": 0.05989785186413726,
          "d": -2.2517050070105746,
          "significant": "False"
        },
        "direction": "REVERSED"
      },
      "1c:global_energy": {
        "related": {
          "mean": 22473.096354166668,
          "std": 456.09817700051354,
          "sem": 263.3284052681441,
          "ci95_lo": 21956.972679841107,
          "ci95_hi": 22989.22002849223,
          "min": 22159.76953125,
          "max": 22996.359375,
          "n": 3
        },
        "unrelated": {
          "mean": 23875.846354166668,
          "std": 506.51132355685473,
          "sem": 292.43444900314375,
          "ci95_lo": 23302.674834120506,
          "ci95_hi": 24449.01787421283,
          "min": 23501.14453125,
          "max": 24452.109375,
          "n": 3
        },
        "test": {
          "t": -42.14778083172288,
          "p": 0.0005624501670740313,
          "d": -24.334032608940557,
          "significant": "True"
        },
        "direction": "CORRECT"
      },
      "1d:rank_frac": {
        "related": {
          "mean": 0.8554166666666667,
          "std": 0.008508574106942586,
          "sem": 0.0049124275510631825,
          "ci95_lo": 0.8457883086665828,
          "ci95_hi": 0.8650450246667506,
          "min": 0.8487499999999999,
          "max": 0.865,
          "n": 3
        },
        "unrelated": {
          "mean": 0.9595833333333333,
          "std": 0.006884463184107544,
          "sem": 0.003974746672570559,
          "ci95_lo": 0.9517928298550951,
          "ci95_hi": 0.9673738368115716,
          "min": 0.9550000000000001,
          "max": 0.9674999999999999,
          "n": 3
        },
        "test": {
          "t": -12.547140330712418,
          "p": 0.006292111826915773,
          "d": -7.244094847496825,
          "significant": "True"
        },
        "direction": "REVERSED"
      }
    },
    "path2": {
      "2a:pred_error": {
        "related": {
          "mean": 0.7872178560284652,
          "std": 0.0031144360050733783,
          "sem": 0.0017981204659029777,
          "ci95_lo": 0.7836935399152953,
          "ci95_hi": 0.790742172141635,
          "min": 0.784363943761104,
          "max": 0.7905398320056702,
          "n": 3
        },
        "unrelated": {
          "mean": 0.7848782914192407,
          "std": 0.0014294267908976567,
          "sem": 0.0008252799425116251,
          "ci95_lo": 0.7832607427319179,
          "ci95_hi": 0.7864958401065635,
          "min": 0.7839346754005456,
          "max": 0.7865228963238273,
          "n": 3
        },
        "test": {
          "t": 2.244837050170425,
          "p": 0.15390274004570942,
          "d": 1.2960572752027404,
          "significant": "False"
        },
        "direction": "REVERSED"
      },
      "2b:cosine_sim": {
        "related": {
          "mean": 0.21278214397153472,
          "std": 0.003114436005073372,
          "sem": 0.001798120465902974,
          "ci95_lo": 0.2092578278583649,
          "ci95_hi": 0.21630646008470455,
          "min": 0.20946016799432982,
          "max": 0.2156360562388961,
          "n": 3
        },
        "unrelated": {
          "mean": 0.21512170858075938,
          "std": 0.001429426790897675,
          "sem": 0.0008252799425116356,
          "ci95_lo": 0.21350415989343657,
          "ci95_hi": 0.21673925726808219,
          "min": 0.21347710367617267,
          "max": 0.21606532459945443,
          "n": 3
        },
        "test": {
          "t": -2.244837050170446,
          "p": 0.15390274004570717,
          "d": -1.2960572752027526,
          "significant": "False"
        },
        "direction": "REVERSED"
      }
    },
    "path3": {
      "related": {
        "mean": 253178.6201171875,
        "std": 2750.5403756326677,
        "sem": 1588.025226288455,
        "ci95_lo": 250066.09067366214,
        "ci95_hi": 256291.14956071286,
        "min": 250396.3173828125,
        "max": 255896.2578125,
        "n": 3
      },
      "unrelated": {
        "mean": 259414.33984375,
        "std": 2947.377816661329,
        "sem": 1701.6693758529498,
        "ci95_lo": 256079.0678670782,
        "ci95_hi": 262749.61182042176,
        "min": 256155.560546875,
        "max": 261893.6142578125,
        "n": 3
      },
      "test": {
        "t": -17.132531667712758,
        "p": 0.0033895686210449446,
        "d": -9.891471770253748,
        "significant": "True"
      },
      "direction": "CORRECT"
    }
  },
  "raw_data": {},
  "success": true,
  "error_message": null,
  "duration_seconds": 97.64942249999876
}