{
  "experiment_name": "p600_syntactic",
  "timestamp": "2026-02-17T19:58:15.023866",
  "parameters": {
    "n": 50000,
    "k": 100,
    "p": 0.05,
    "beta": 0.05,
    "rounds": 10,
    "n_seeds": 3,
    "p600_settling_rounds": 5,
    "p600_areas": [
      "ROLE_AGENT",
      "ROLE_PATIENT",
      "SUBJ",
      "OBJ",
      "VP"
    ]
  },
  "metrics": {
    "n400_sem_vs_gram": {
      "violation": {
        "mean": 24300.866531451542,
        "std": 521.535431222877,
        "sem": 301.1086216084556,
        "ci95_lo": 23710.69363309897,
        "ci95_hi": 24891.039429804114,
        "min": 23716.17596590519,
        "max": 24718.119431853294,
        "n": 3
      },
      "grammatical": {
        "mean": 22878.369319200516,
        "std": 517.2988882783696,
        "sem": 298.6626523990109,
        "ci95_lo": 22292.990520498453,
        "ci95_hi": 23463.748117902578,
        "min": 22287.29693686962,
        "max": 23248.559505224228,
        "n": 3
      },
      "test": {
        "t": 48.73421564201951,
        "p": 0.00042078268061611243,
        "d": 28.13671251966523,
        "significant": "True"
      },
      "direction": "N400_EFFECT"
    },
    "n400_cat_vs_gram": {
      "violation": {
        "mean": 15409.337679902712,
        "std": 961.3089771676515,
        "sem": 555.0119967421474,
        "ci95_lo": 14321.514166288103,
        "ci95_hi": 16497.16119351732,
        "min": 14828.143512010574,
        "max": 16518.943282723427,
        "n": 3
      },
      "grammatical": {
        "mean": 22878.369319200516,
        "std": 517.2988882783696,
        "sem": 298.6626523990109,
        "ci95_lo": 22292.990520498453,
        "ci95_hi": 23463.748117902578,
        "min": 22287.29693686962,
        "max": 23248.559505224228,
        "n": 3
      },
      "test": {
        "t": -8.762994323889876,
        "p": 0.01277353640287531,
        "d": -5.059317131804982,
        "significant": "True"
      },
      "direction": "NO_N400"
    },
    "core_inst_sem_vs_gram": {
      "violation": {
        "mean": 3.640433385619089,
        "std": 0.04339952290239394,
        "sem": 0.025056726230398473,
        "ci95_lo": 3.591322202207508,
        "ci95_hi": 3.68954456903067,
        "min": 3.597055843773876,
        "max": 3.6838548562303104,
        "n": 3
      },
      "grammatical": {
        "mean": 1.2056613349221623,
        "std": 0.11992331606778306,
        "sem": 0.06923775881384713,
        "ci95_lo": 1.069955327647022,
        "ci95_hi": 1.3413673421973027,
        "min": 1.1075351227409223,
        "max": 1.3393414404804727,
        "n": 3
      },
      "test": {
        "t": 30.602841355902,
        "p": 0.001066059856984256,
        "d": 17.668558694797433,
        "significant": "True"
      },
      "direction": "HIGHER_INSTAB"
    },
    "core_inst_cat_vs_gram": {
      "violation": {
        "mean": 1.869022383202801,
        "std": 0.07406753199905564,
        "sem": 0.042762909537865997,
        "ci95_lo": 1.7852070805085836,
        "ci95_hi": 1.9528376858970184,
        "min": 1.8005438328648034,
        "max": 1.947635247410054,
        "n": 3
      },
      "grammatical": {
        "mean": 1.2056613349221623,
        "std": 0.11992331606778306,
        "sem": 0.06923775881384713,
        "ci95_lo": 1.069955327647022,
        "ci95_hi": 1.3413673421973027,
        "min": 1.1075351227409223,
        "max": 1.3393414404804727,
        "n": 3
      },
      "test": {
        "t": 14.921119407365136,
        "p": 0.0044615234239160076,
        "d": 8.61471230645281,
        "significant": "True"
      },
      "direction": "HIGHER_INSTAB"
    },
    "p600_inst_cat_vs_gram": {
      "a": {
        "mean": 1.5851394770010494,
        "std": 0.05436695357992689,
        "sem": 0.03138877528439068,
        "ci95_lo": 1.5236174774436437,
        "ci95_hi": 1.646661476558455,
        "min": 1.546016037102265,
        "max": 1.6472192281775173,
        "n": 3
      },
      "b": {
        "mean": 1.151564832679338,
        "std": 0.10785456183262664,
        "sem": 0.062269860307396126,
        "ci95_lo": 1.0295159064768415,
        "ci95_hi": 1.2736137588818344,
        "min": 1.0361039505746645,
        "max": 1.249720451972666,
        "n": 3
      },
      "test": {
        "t": 11.35373513761404,
        "p": 0.007668395447015065,
        "d": 6.5550820380091785,
        "significant": "True"
      },
      "direction": "P600_EFFECT"
    },
    "p600_inst_sem_vs_gram": {
      "a": {
        "mean": 1.1657016560677969,
        "std": 0.05309811316890863,
        "sem": 0.030656209931530613,
        "ci95_lo": 1.1056154846019968,
        "ci95_hi": 1.225787827533597,
        "min": 1.1069715763032042,
        "max": 1.2103144144755533,
        "n": 3
      },
      "b": {
        "mean": 1.151564832679338,
        "std": 0.10785456183262664,
        "sem": 0.062269860307396126,
        "ci95_lo": 1.0295159064768415,
        "ci95_hi": 1.2736137588818344,
        "min": 1.0361039505746645,
        "max": 1.249720451972666,
        "n": 3
      },
      "test": {
        "t": 0.443533973989397,
        "p": 0.700746455016948,
        "d": 0.2560744592775228,
        "significant": "False"
      },
      "direction": "P600_EFFECT"
    },
    "p600_inst_cat_vs_sem": {
      "a": {
        "mean": 1.5851394770010494,
        "std": 0.05436695357992689,
        "sem": 0.03138877528439068,
        "ci95_lo": 1.5236174774436437,
        "ci95_hi": 1.646661476558455,
        "min": 1.546016037102265,
        "max": 1.6472192281775173,
        "n": 3
      },
      "b": {
        "mean": 1.1657016560677969,
        "std": 0.05309811316890863,
        "sem": 0.030656209931530613,
        "ci95_lo": 1.1056154846019968,
        "ci95_hi": 1.225787827533597,
        "min": 1.1069715763032042,
        "max": 1.2103144144755533,
        "n": 3
      },
      "test": {
        "t": 22.614733869703294,
        "p": 0.0019496001073105694,
        "d": 13.056622687324944,
        "significant": "True"
      },
      "direction": "P600_EFFECT"
    },
    "p600_cum_cat_vs_gram": {
      "a": {
        "mean": 266540.0766477883,
        "std": 10676.134470581184,
        "sem": 6163.86911049469,
        "ci95_lo": 254458.8931912187,
        "ci95_hi": 278621.2601043579,
        "min": 257377.50877114537,
        "max": 278263.8643252313,
        "n": 3
      },
      "b": {
        "mean": 345075.9738058885,
        "std": 23831.63189696809,
        "sem": 13759.1990909426,
        "ci95_lo": 318107.943587641,
        "ci95_hi": 372044.004024136,
        "min": 325416.7954091668,
        "max": 371581.42002711294,
        "n": 3
      },
      "test": {
        "t": -10.326553091826556,
        "p": 0.009247667470615362,
        "d": -5.9620382073670255,
        "significant": "True"
      },
      "direction": "NO_P600"
    },
    "p600_cum_sem_vs_gram": {
      "a": {
        "mean": 278183.90185583034,
        "std": 14875.342922328287,
        "sem": 8588.283240494231,
        "ci95_lo": 261350.86670446163,
        "ci95_hi": 295016.93700719904,
        "min": 261124.71895110607,
        "max": 288449.5912386775,
        "n": 3
      },
      "b": {
        "mean": 345075.9738058885,
        "std": 23831.63189696809,
        "sem": 13759.1990909426,
        "ci95_lo": 318107.943587641,
        "ci95_hi": 372044.004024136,
        "min": 325416.7954091668,
        "max": 371581.42002711294,
        "n": 3
      },
      "test": {
        "t": -7.668568404048601,
        "p": 0.01658298864105002,
        "d": -4.427450032376519,
        "significant": "True"
      },
      "direction": "NO_P600"
    },
    "p600_cum_cat_vs_sem": {
      "a": {
        "mean": 266540.0766477883,
        "std": 10676.134470581184,
        "sem": 6163.86911049469,
        "ci95_lo": 254458.8931912187,
        "ci95_hi": 278621.2601043579,
        "min": 257377.50877114537,
        "max": 278263.8643252313,
        "n": 3
      },