{
  "experiment_name": "p600_syntactic",
  "timestamp": "2026-02-11T14:14:38.796209",
  "parameters": {
    "n": 50000,
    "k": 100,
    "p": 0.05,
    "beta": 0.05,
    "rounds": 10,
    "n_seeds": 3,
    "p600_areas": [
      "ROLE_AGENT",
      "ROLE_PATIENT",
      "SUBJ",
      "OBJ",
      "VP"
    ]
  },
  "metrics": {
    "n400_sem_vs_gram": {
      "violation": {
        "mean": 23147.244969646137,
        "std": 525.8475237173019,
        "sem": 303.5982093708824,
        "ci95_lo": 22552.19247927921,
        "ci95_hi": 23742.297460013066,
        "min": 22692.40919148922,
        "max": 23723.028944015503,
        "n": 3
      },
      "grammatical": {
        "mean": 21769.436293780804,
        "std": 347.02267588120515,
        "sem": 200.35363533491807,
        "ci95_lo": 21376.743168524365,
        "ci95_hi": 22162.129419037243,
        "min": 21531.489637374878,
        "max": 22167.624197363853,
        "n": 3
      },
      "test": {
        "t": 11.922847216595652,
        "p": 0.006961241370638414,
        "d": 6.883659050008281,
        "significant": "True"
      },
      "direction": "N400_EFFECT"
    },
    "n400_cat_vs_gram": {
      "violation": {
        "mean": 11803.829615592957,
        "std": 160.2158628123262,
        "sem": 92.50067152314469,
        "ci95_lo": 11622.528299407593,
        "ci95_hi": 11985.13093177832,
        "min": 11631.416083931923,
        "max": 11948.125134825706,
        "n": 3
      },
      "grammatical": {
        "mean": 21769.436293780804,
        "std": 347.02267588120515,
        "sem": 200.35363533491807,
        "ci95_lo": 21376.743168524365,
        "ci95_hi": 22162.129419037243,
        "min": 21531.489637374878,
        "max": 22167.624197363853,
        "n": 3
      },
      "test": {
        "t": -50.46400178340174,
        "p": 0.00039244690750157136,
        "d": -29.13540501403275,
        "significant": "True"
      },
      "direction": "NO_N400"
    },
    "p600_cat_vs_gram": {
      "a": {
        "mean": 0.0,
        "std": 0.0,
        "sem": 0.0,
        "ci95_lo": 0.0,
        "ci95_hi": 0.0,
        "min": 0.0,
        "max": 0.0,
        "n": 3
      },
      "b": {
        "mean": 1130.2666666666667,
        "std": 4.907731994856007,
        "sem": 2.833480388340655,
        "ci95_lo": 1124.7130451055189,
        "ci95_hi": 1135.8202882278144,
        "min": 1124.6,
        "max": 1133.1499999999999,
        "n": 3
      },
      "test": {
        "t": -398.896943602484,
        "p": 6.284554380518484e-06,
        "d": -230.3032577678131,
        "significant": "True"
      },
      "direction": "NO_P600"
    },
    "p600_sem_vs_gram": {
      "a": {
        "mean": 1246.8666666666666,
        "std": 4.866809358638729,
        "sem": 2.8098536933046603,
        "ci95_lo": 1241.3593534277895,
        "ci95_hi": 1252.3739799055436,
        "min": 1242.25,
        "max": 1251.95,
        "n": 3
      },
      "b": {
        "mean": 1130.2666666666667,
        "std": 4.907731994856007,
        "sem": 2.833480388340655,
        "ci95_lo": 1124.7130451055189,
        "ci95_hi": 1135.8202882278144,
        "min": 1124.6,
        "max": 1133.1499999999999,
        "n": 3
      },
      "test": {
        "t": 30.34634127849257,
        "p": 0.0010841281753164438,
        "d": 17.52046830605794,
        "significant": "True"
      },
      "direction": "P600_EFFECT"
    },
    "p600_cat_vs_sem": {
      "a": {
        "mean": 0.0,
        "std": 0.0,
        "sem": 0.0,
        "ci95_lo": 0.0,
        "ci95_hi": 0.0,
        "min": 0.0,
        "max": 0.0,
        "n": 3
      },
      "b": {
        "mean": 1246.8666666666666,
        "std": 4.866809358638729,
        "sem": 2.8098536933046603,
        "ci95_lo": 1241.3593534277895,
        "ci95_hi": 1252.3739799055436,
        "min": 1242.25,
        "max": 1251.95,
        "n": 3
      },
      "test": {
        "t": -443.7478967811418,
        "p": 5.078366923375565e-06,
        "d": -256.1979676589225,
        "significant": "True"
      },
      "direction": "NO_P600"
    },
    "p600_per_area_ROLE_AGENT": {
      "category_violation": {
        "mean": 0.0,
        "std": 0.0,
        "sem": 0.0,
        "ci95_lo": 0.0,
        "ci95_hi": 0.0,
        "min": 0.0,
        "max": 0.0,
        "n": 3
      },
      "grammatical": {
        "mean": 0.0,
        "std": 0.0,
        "sem": 0.0,
        "ci95_lo": 0.0,
        "ci95_hi": 0.0,
        "min": 0.0,
        "max": 0.0,
        "n": 3
      },
      "test": {
        "t": 0.0,
        "p": 1.0,
        "d": 0.0,
        "significant": false
      }
    },
    "p600_per_area_ROLE_PATIENT": {
      "category_violation": {
        "mean": 0.0,
        "std": 0.0,
        "sem": 0.0,
        "ci95_lo": 0.0,
        "ci95_hi": 0.0,
        "min": 0.0,
        "max": 0.0,
        "n": 3
      },
      "grammatical": {
        "mean": 0.0,
        "std": 0.0,
        "sem": 0.0,
        "ci95_lo": 0.0,
        "ci95_hi": 0.0,
        "min": 0.0,
        "max": 0.0,
        "n": 3
      },
      "test": {
        "t": 0.0,
        "p": 1.0,
        "d": 0.0,
        "significant": false
      }
    },
    "p600_per_area_SUBJ": {
      "category_violation": {
        "mean": 0.0,
        "std": 0.0,
        "sem": 0.0,
        "ci95_lo": 0.0,
        "ci95_hi": 0.0,
        "min": 0.0,
        "max": 0.0,
        "n": 3
      },
      "grammatical": {
        "mean": 2818.9166666666665,
        "std": 12.899450892705989,
        "sem": 7.447501445302161,
        "ci95_lo": 2804.3195638338743,
        "ci95_hi": 2833.5137694994587,
        "min": 2804.25,
        "max": 2828.5,
        "n": 3
      },
      "test": {
        "t": -378.50501773918046,
        "p": 6.9799477327909405e-06,
        "d": -218.5299738813399,
        "significant": "True"
      }
    },
    "p600_per_area_OBJ": {
      "category_violation": {
        "mean": 0.0,
        "std": 0.0,
        "sem": 0.0,
        "ci95_lo": 0.0,
        "ci95_hi": 0.0,
        "min": 0.0,
        "max": 0.0,
        "n": 3
      },
      "grammatical": {
        "mean": 2832.4166666666665,
        "std": 12.003471720020558,
        "sem": 6.93020762876393,
        "ci95_lo": 2818.8334597142893,
        "ci95_hi": 2845.9998736190437,
        "min": 2818.75,
        "max": 2841.25,
        "n": 3
      },
      "test": {
        "t": -408.70588853798245,
        "p": 5.986518241520482e-06,
        "d": -235.96645476678938,
        "significant": "True"
      }
    },
    "p600_per_area_VP": {
      "category_violation": {
        "mean": 0.0,
        "std": 0.0,
        "sem": 0.0,
        "ci95_lo": 0.0,
        "ci95_hi": 0.0,
        "min": 0.0,
        "max": 0.0,
        "n": 3
      },
      "grammatical": {
        "mean": 0.0,
        "std": 0.0,
        "sem": 0.0,
        "ci95_lo": 0.0,
        "ci95_hi": 0.0,
        "min": 0.0,
        "max": 0.0,
        "n": 3
      },
      "test": {
        "t": 0.0,
        "p": 1.0,
        "d": 0.0,
        "significant": false
      }
    },
    "dissociation": {
      "n400_semantic": true,
      "p600_syntactic": false,
      "p600_graded": false
    }
  },
  "raw_data": {},
  "success": true,
  "error_message": null,
  "duration_seconds": 13.9072113000002
}