{
  "experiment_name": "p600_syntactic",
  "timestamp": "2026-02-11T18:02:35.011290",
  "parameters": {
    "n": 50000,
    "k": 100,
    "p": 0.05,
    "beta": 0.05,
    "rounds": 10,
    "n_seeds": 3,
    "p600_settling_rounds": 5,
    "p600_areas": [
      "ROLE_AGENT",
      "ROLE_PATIENT",
      "SUBJ",
      "OBJ",
      "VP"
    ]
  },
  "metrics": {
    "n400_sem_vs_gram": {
      "violation": {
        "mean": 23163.212835133076,
        "std": 601.1434691787492,
        "sem": 347.0703437519364,
        "ci95_lo": 22482.95496137928,
        "ci95_hi": 23843.47070888687,
        "min": 22590.531598627567,
        "max": 23789.26012325287,
        "n": 3
      },
      "grammatical": {
        "mean": 21760.153167347115,
        "std": 316.8053404617013,
        "sem": 182.9076485962743,
        "ci95_lo": 21401.65417609842,
        "ci95_hi": 22118.65215859581,
        "min": 21544.35213446617,
        "max": 22123.86232203245,
        "n": 3
      },
      "test": {
        "t": 7.588302027197483,
        "p": 0.016926757625397425,
        "d": 4.38110821809465,
        "significant": "True"
      },
      "direction": "N400_EFFECT"
    },
    "n400_cat_vs_gram": {
      "violation": {
        "mean": 14056.297827124596,
        "std": 309.56027121716187,
        "sem": 178.72470591764198,
        "ci95_lo": 13705.997403526017,
        "ci95_hi": 14406.598250723175,
        "min": 13732.923792362213,
        "max": 14349.891958594322,
        "n": 3
      },
      "grammatical": {
        "mean": 21760.153167347115,
        "std": 316.8053404617013,
        "sem": 182.9076485962743,
        "ci95_lo": 21401.65417609842,
        "ci95_hi": 22118.65215859581,
        "min": 21544.35213446617,
        "max": 22123.86232203245,
        "n": 3
      },
      "test": {
        "t": -33.463149549850705,
        "p": 0.0008918361857229495,
        "d": -19.319958400539008,
        "significant": "True"
      },
      "direction": "NO_N400"
    },
    "p600_inst_cat_vs_gram": {
      "a": {
        "mean": 2.340525857901643,
        "std": 0.02109874405339081,
        "sem": 0.0121813655587882,
        "ci95_lo": 2.316650381406418,
        "ci95_hi": 2.364401334396868,
        "min": 2.3173213079936676,
        "max": 2.358556091186758,
        "n": 3
      },
      "b": {
        "mean": 2.363190083263955,
        "std": 0.019396031971415543,
        "sem": 0.011198304279907352,
        "ci95_lo": 2.3412414068753367,
        "ci95_hi": 2.3851387596525737,
        "min": 2.3416236287325454,
        "max": 2.379205144380677,
        "n": 3
      },
      "test": {
        "t": -0.9960945313149737,
        "p": 0.42415588433223606,
        "d": -0.5750954457930142,
        "significant": "False"
      },
      "direction": "NO_P600"
    },
    "p600_inst_sem_vs_gram": {
      "a": {
        "mean": 2.322033766302617,
        "std": 0.01715895134122663,
        "sem": 0.009906725175868885,
        "ci95_lo": 2.302616584957914,
        "ci95_hi": 2.34145094764732,
        "min": 2.303421926665839,
        "max": 2.3372243424518144,
        "n": 3
      },
      "b": {
        "mean": 2.363190083263955,
        "std": 0.019396031971415543,
        "sem": 0.011198304279907352,
        "ci95_lo": 2.3412414068753367,
        "ci95_hi": 2.3851387596525737,
        "min": 2.3416236287325454,
        "max": 2.379205144380677,
        "n": 3
      },
      "test": {
        "t": -1.99456116221802,
        "p": 0.1842455681409849,
        "d": -1.1515604239217467,
        "significant": "False"
      },
      "direction": "NO_P600"
    },
    "p600_inst_cat_vs_sem": {
      "a": {
        "mean": 2.340525857901643,
        "std": 0.02109874405339081,
        "sem": 0.0121813655587882,
        "ci95_lo": 2.316650381406418,
        "ci95_hi": 2.364401334396868,
        "min": 2.3173213079936676,
        "max": 2.358556091186758,
        "n": 3
      },
      "b": {
        "mean": 2.322033766302617,
        "std": 0.01715895134122663,
        "sem": 0.009906725175868885,
        "ci95_lo": 2.302616584957914,
        "ci95_hi": 2.34145094764732,
        "min": 2.303421926665839,
        "max": 2.3372243424518144,
        "n": 3
      },
      "test": {
        "t": 7.978708825007226,
        "p": 0.015347797696103218,
        "d": 4.606509687903565,
        "significant": "True"
      },
      "direction": "P600_EFFECT"
    },
    "p600_cum_cat_vs_gram": {
      "a": {
        "mean": 98981.10000000002,
        "std": 374.1998964457366,
        "sem": 216.04441094367613,
        "ci95_lo": 98557.65295455042,
        "ci95_hi": 99404.54704544962,
        "min": 98589.35,
        "max": 99334.85,
        "n": 3
      },
      "b": {
        "mean": 83392.84999999999,
        "std": 380.2508284014628,
        "sem": 219.53791813716276,
        "ci95_lo": 82962.55568045116,
        "ci95_hi": 83823.14431954882,
        "min": 83169.2,
        "max": 83831.9,
        "n": 3
      },
      "test": {
        "t": 116.81911273442466,
        "p": 7.326970792209857e-05,
        "d": 67.44554618371332,
        "significant": "True"
      },
      "direction": "P600_EFFECT"
    },
    "p600_cum_sem_vs_gram": {
      "a": {
        "mean": 91946.95,
        "std": 247.53282105610944,
        "sem": 142.91314087001226,
        "ci95_lo": 91666.84024389477,
        "ci95_hi": 92227.05975610523,
        "min": 91757.6,
        "max": 92227.04999999999,
        "n": 3
      },
      "b": {
        "mean": 83392.84999999999,
        "std": 380.2508284014628,
        "sem": 219.53791813716276,
        "ci95_lo": 82962.55568045116,
        "ci95_hi": 83823.14431954882,
        "min": 83169.2,
        "max": 83831.9,
        "n": 3
      },
      "test": {
        "t": 102.2663584389961,
        "p": 9.560313491747767e-05,
        "d": 59.04350957379715,
        "significant": "True"
      },
      "direction": "P600_EFFECT"
    },
    "p600_cum_cat_vs_sem": {
      "a": {
        "mean": 98981.10000000002,
        "std": 374.1998964457366,
        "sem": 216.04441094367613,
        "ci95_lo": 98557.65295455042,
        "ci95_hi": 99404.54704544962,
        "min": 98589.35,
        "max": 99334.85,
        "n": 3
      },
      "b": {
        "mean": 91946.95,
        "std": 247.53282105610944,
        "sem": 142.91314087001226,
        "ci95_lo": 91666.84024389477,
        "ci95_hi": 92227.05975610523,
        "min": 91757.6,
        "max": 92227.04999999999,
        "n": 3
      },
      "test": {
        "t": 44.83089239462221,
        "p": 0.0004971886990614322,
        "d": 25.88312779204628,
        "significant": "True"
      },
      "direction": "P600_EFFECT"
    },
    "p600_per_area_ROLE_AGENT": {
      "category_violation": {
        "mean": 2.315913745797659,
        "std": 0.04167776448984002,
        "sem": 0.024062668547430964,
        "ci95_lo": 2.268750915444694,
        "ci95_hi": 2.3630765761506236,
        "min": 2.268448897282184,
        "max": 2.346527461316696,
        "n": 3
      },
      "grammatical": {
        "mean": 2.3606213357030454,
        "std": 0.023195921538539086,
        "sem": 0.01339217154437698,
        "ci95_lo": 2.3343726794760666,
        "ci95_hi": 2.3868699919300242,
        "min": 2.333843117100137,
        "max": 2.37450646149938,
        "n": 3
      },
      "test": {
        "t": -1.314009442387816,
        "p": 0.31932330204718495,
        "d": -0.7586437052803156,
        "significant": "False"
      }
    },
    "p600_per_area_ROLE_PATIENT": {
      "category_violation": {
        "mean": 2.369033611181638,
        "std": 0.03256886561046147,
        "sem": 0.018803643327400674,
        "ci95_lo": 2.3321784702599326,
        "ci95_hi": 2.4058887521033436,
        "min": 2.3481442087508917,
        "max": 2.4065606988634407,
        "n": 3
      },
      "grammatical": {
        "mean": 2.3784674532745047,
        "std": 0.06553378934376651,
        "sem": 0.037835950918639824,
        "ci95_lo": 2.3043089894739706,