{
  "experiment_name": "p600_syntactic",
  "timestamp": "2026-02-12T11:39:07.062994",
  "parameters": {
    "n": 50000,
    "k": 100,
    "p": 0.05,
    "beta": 0.05,
    "rounds": 10,
    "n_seeds": 3,
    "p600_settling_rounds": 5,
    "p600_areas": [
      "ROLE_AGENT",
      "ROLE_PATIENT",
      "SUBJ",
      "OBJ",
      "VP"
    ]
  },
  "metrics": {
    "n400_sem_vs_gram": {
      "violation": {
        "mean": 25065.86102414131,
        "std": 870.1589875897847,
        "sem": 502.38652572273446,
        "ci95_lo": 24081.183433724753,
        "ci95_hi": 26050.53861455787,
        "min": 24176.129400491714,
        "max": 25915.028569936752,
        "n": 3
      },
      "grammatical": {
        "mean": 23565.733194033306,
        "std": 586.2878049187046,
        "sem": 338.4934219924089,
        "ci95_lo": 22902.286086928183,
        "ci95_hi": 24229.18030113843,
        "min": 23076.735243320465,
        "max": 24215.68764579296,
        "n": 3
      },
      "test": {
        "t": 7.486865425617978,
        "p": 0.017376565488764234,
        "d": 4.322543768867041,
        "significant": "True"
      },
      "direction": "N400_EFFECT"
    },
    "n400_cat_vs_gram": {
      "violation": {
        "mean": 15322.255403240522,
        "std": 365.9046759278114,
        "sem": 211.25516314466472,
        "ci95_lo": 14908.19528347698,
        "ci95_hi": 15736.315523004065,
        "min": 14977.861135005951,
        "max": 15706.42110311985,
        "n": 3
      },
      "grammatical": {
        "mean": 23565.733194033306,
        "std": 586.2878049187046,
        "sem": 338.4934219924089,
        "ci95_lo": 22902.286086928183,
        "ci95_hi": 24229.18030113843,
        "min": 23076.735243320465,
        "max": 24215.68764579296,
        "n": 3
      },
      "test": {
        "t": -22.66382572031791,
        "p": 0.0019411877926330773,
        "d": -13.084965880492307,
        "significant": "True"
      },
      "direction": "NO_N400"
    },
    "core_inst_sem_vs_gram": {
      "violation": {
        "mean": 3.722006385262025,
        "std": 0.0248968937089385,
        "sem": 0.014374228284841145,
        "ci95_lo": 3.6938328978237362,
        "ci95_hi": 3.7501798727003135,
        "min": 3.694487323779617,
        "max": 3.7429687805514327,
        "n": 3
      },
      "grammatical": {
        "mean": 1.4021375018806392,
        "std": 0.22675790621779646,
        "sem": 0.1309187381957207,
        "ci95_lo": 1.1455367750170267,
        "ci95_hi": 1.6587382287442518,
        "min": 1.1890520950413295,
        "max": 1.6404569296349556,
        "n": 3
      },
      "test": {
        "t": 15.97952923594001,
        "p": 0.0038934081505855723,
        "d": 9.225785505893459,
        "significant": "True"
      },
      "direction": "HIGHER_INSTAB"
    },
    "core_inst_cat_vs_gram": {
      "violation": {
        "mean": 1.9570833879702507,
        "std": 0.02598328272964812,
        "sem": 0.015001455278392497,
        "ci95_lo": 1.9276805356246014,
        "ci95_hi": 1.9864862403159,
        "min": 1.9395287937803627,
        "max": 1.9869321859260753,
        "n": 3
      },
      "grammatical": {
        "mean": 1.4021375018806392,
        "std": 0.22675790621779646,
        "sem": 0.1309187381957207,
        "ci95_lo": 1.1455367750170267,
        "ci95_hi": 1.6587382287442518,
        "min": 1.1890520950413295,
        "max": 1.6404569296349556,
        "n": 3
      },
      "test": {
        "t": 3.8936270337118137,
        "p": 0.060078654997692646,
        "d": 2.2479866160375197,
        "significant": "False"
      },
      "direction": "HIGHER_INSTAB"
    },
    "p600_inst_cat_vs_gram": {
      "a": {
        "mean": 1.6079818255873113,
        "std": 0.06930669440625954,
        "sem": 0.04001423867209708,
        "ci95_lo": 1.529553917790001,
        "ci95_hi": 1.6864097333846215,
        "min": 1.5523962219319474,
        "max": 1.6856354175132684,
        "n": 3
      },
      "b": {
        "mean": 1.1107269877583368,
        "std": 0.13861762807070502,
        "sem": 0.08003092488104897,
        "ci95_lo": 0.9538663749914809,
        "ci95_hi": 1.2675876005251927,
        "min": 1.0090651454866049,
        "max": 1.2686256406409173,
        "n": 3
      },
      "test": {
        "t": 12.348173712509935,
        "p": 0.006494528533554608,
        "d": 7.129221416917871,
        "significant": "True"
      },
      "direction": "P600_EFFECT"
    },
    "p600_inst_sem_vs_gram": {
      "a": {
        "mean": 1.1411383156835826,
        "std": 0.028526845260212617,
        "sem": 0.016469981790114555,
        "ci95_lo": 1.108857151374958,
        "ci95_hi": 1.173419479992207,
        "min": 1.115897381549967,
        "max": 1.1720877852749954,
        "n": 3
      },
      "b": {
        "mean": 1.1107269877583368,
        "std": 0.13861762807070502,
        "sem": 0.08003092488104897,
        "ci95_lo": 0.9538663749914809,
        "ci95_hi": 1.2675876005251927,
        "min": 1.0090651454866049,
        "max": 1.2686256406409173,
        "n": 3
      },
      "test": {
        "t": 0.32152067312520566,
        "p": 0.7783077595428688,
        "d": 0.1856300471788672,
        "significant": "False"
      },
      "direction": "P600_EFFECT"
    },
    "p600_inst_cat_vs_sem": {
      "a": {
        "mean": 1.6079818255873113,
        "std": 0.06930669440625954,
        "sem": 0.04001423867209708,
        "ci95_lo": 1.529553917790001,
        "ci95_hi": 1.6864097333846215,
        "min": 1.5523962219319474,
        "max": 1.6856354175132684,
        "n": 3
      },
      "b": {
        "mean": 1.1411383156835826,
        "std": 0.028526845260212617,
        "sem": 0.016469981790114555,
        "ci95_lo": 1.108857151374958,
        "ci95_hi": 1.173419479992207,
        "min": 1.115897381549967,
        "max": 1.1720877852749954,
        "n": 3
      },
      "test": {
        "t": 8.443237321841528,
        "p": 0.013739132736852969,
        "d": 4.8747053405971,
        "significant": "True"
      },
      "direction": "P600_EFFECT"
    },
    "p600_cum_cat_vs_gram": {
      "a": {
        "mean": 257615.05502538677,
        "std": 13935.913825079895,
        "sem": 8045.903598313305,
        "ci95_lo": 241845.0839726927,
        "ci95_hi": 273385.0260780809,
        "min": 248388.24412654637,
        "max": 273645.9542723894,
        "n": 3
      },
      "b": {
        "mean": 343465.5521538317,
        "std": 18395.852426893023,
        "sem": 10620.850350639317,
        "ci95_lo": 322648.68546657864,
        "ci95_hi": 364282.41884108476,
        "min": 332119.9411019385,
        "max": 364690.37423411605,
        "n": 3
      },
      "test": {
        "t": -30.343920463567933,
        "p": 0.0010843008828051305,
        "d": -17.51907064790954,
        "significant": "True"
      },
      "direction": "NO_P600"
    },
    "p600_cum_sem_vs_gram": {
      "a": {
        "mean": 276810.1790937165,
        "std": 16534.326673601005,
        "sem": 9546.09795587275,
        "ci95_lo": 258099.8271002059,
        "ci95_hi": 295520.5310872271,
        "min": 264544.20950902696,
        "max": 295613.73810982704,
        "n": 3
      },
      "b": {
        "mean": 343465.5521538317,
        "std": 18395.852426893023,
        "sem": 10620.850350639317,
        "ci95_lo": 322648.68546657864,
        "ci95_hi": 364282.41884108476,
        "min": 332119.9411019385,
        "max": 364690.37423411605,
        "n": 3
      },
      "test": {
        "t": -38.616730350275716,
        "p": 0.0006699037777496967,
        "d": -22.295379662954875,
        "significant": "True"
      },
      "direction": "NO_P600"
    },
    "p600_cum_cat_vs_sem": {
      "a": {
        "mean": 257615.05502538677,
        "std": 13935.913825079895,
        "sem": 8045.903598313305,
        "ci95_lo": 241845.0839726927,
        "ci95_hi": 273385.0260780809,
        "min": 248388.24412654637,
        "max": 273645.9542723894,
        "n": 3
      },