{
  "experiment_name": "p600_syntactic",
  "timestamp": "2026-02-11T17:56:27.869094",
  "parameters": {
    "n": 50000,
    "k": 100,
    "p": 0.05,
    "beta": 0.05,
    "rounds": 10,
    "n_seeds": 3,
    "p600_settling_rounds": 5,
    "p600_areas": [
      "ROLE_AGENT",
      "ROLE_PATIENT",
      "SUBJ",
      "OBJ",
      "VP"
    ]
  },
  "metrics": {
    "n400_sem_vs_gram": {
      "violation": {
        "mean": 23151.201239248116,
        "std": 508.3230432589184,
        "sem": 293.48044586082636,
        "ci95_lo": 22575.979565360896,
        "ci95_hi": 23726.422913135335,
        "min": 22707.296632528305,
        "max": 23705.725100934505,
        "n": 3
      },
      "grammatical": {
        "mean": 21806.64066829284,
        "std": 221.21141183059066,
        "sem": 127.71646816820869,
        "ci95_lo": 21556.31639068315,
        "ci95_hi": 22056.964945902528,
        "min": 21610.464635252953,
        "max": 22046.39982432127,
        "n": 3
      },
      "test": {
        "t": 8.109477214352866,
        "p": 0.014867705095130582,
        "d": 4.682008852693763,
        "significant": "True"
      },
      "direction": "N400_EFFECT"
    },
    "n400_cat_vs_gram": {
      "violation": {
        "mean": 13804.69628326098,
        "std": 174.89783355887937,
        "sem": 100.97731128590138,
        "ci95_lo": 13606.780753140614,
        "ci95_hi": 14002.611813381347,
        "min": 13637.883816242218,
        "max": 13986.68980205059,
        "n": 3
      },
      "grammatical": {
        "mean": 21806.64066829284,
        "std": 221.21141183059066,
        "sem": 127.71646816820869,
        "ci95_lo": 21556.31639068315,
        "ci95_hi": 22056.964945902528,
        "min": 21610.464635252953,
        "max": 22046.39982432127,
        "n": 3
      },
      "test": {
        "t": -57.36650958703007,
        "p": 0.0003037282940043107,
        "d": -33.12056975254106,
        "significant": "True"
      },
      "direction": "NO_N400"
    },
    "p600_inst_cat_vs_gram": {
      "a": {
        "mean": 2.341506059078793,
        "std": 0.023396218462577622,
        "sem": 0.013507813027388483,
        "ci95_lo": 2.3150307455451116,
        "ci95_hi": 2.367981372612474,
        "min": 2.315082417290692,
        "max": 2.359588855679954,
        "n": 3
      },
      "b": {
        "mean": 2.359904577895015,
        "std": 0.009998016233295897,
        "sem": 0.005772357363655635,
        "ci95_lo": 2.34859075746225,
        "ci95_hi": 2.3712183983277804,
        "min": 2.3491370090376575,
        "max": 2.3688945964089685,
        "n": 3
      },
      "test": {
        "t": -1.9928756683466988,
        "p": 0.18447638091546975,
        "d": -1.1505873035814218,
        "significant": "False"
      },
      "direction": "NO_P600"
    },
    "p600_inst_sem_vs_gram": {
      "a": {
        "mean": 2.305901505539728,
        "std": 0.020898422056820687,
        "sem": 0.012065709600143837,
        "ci95_lo": 2.282252714723446,
        "ci95_hi": 2.3295502963560097,
        "min": 2.287847488664026,
        "max": 2.328795143000305,
        "n": 3
      },
      "b": {
        "mean": 2.359904577895015,
        "std": 0.009998016233295897,
        "sem": 0.005772357363655635,
        "ci95_lo": 2.34859075746225,
        "ci95_hi": 2.3712183983277804,
        "min": 2.3491370090376575,
        "max": 2.3688945964089685,
        "n": 3
      },
      "test": {
        "t": -7.7652054477282455,
        "p": 0.016182712674190202,
        "d": -4.48324345555865,
        "significant": "True"
      },
      "direction": "NO_P600"
    },
    "p600_inst_cat_vs_sem": {
      "a": {
        "mean": 2.341506059078793,
        "std": 0.023396218462577622,
        "sem": 0.013507813027388483,
        "ci95_lo": 2.3150307455451116,
        "ci95_hi": 2.367981372612474,
        "min": 2.315082417290692,
        "max": 2.359588855679954,
        "n": 3
      },
      "b": {
        "mean": 2.305901505539728,
        "std": 0.020898422056820687,
        "sem": 0.012065709600143837,
        "ci95_lo": 2.282252714723446,
        "ci95_hi": 2.3295502963560097,
        "min": 2.287847488664026,
        "max": 2.328795143000305,
        "n": 3
      },
      "test": {
        "t": 3.0695261254302175,
        "p": 0.09176039860839447,
        "d": 1.7721917348017253,
        "significant": "False"
      },
      "direction": "P600_EFFECT"
    },
    "p600_cum_cat_vs_gram": {
      "a": {
        "mean": 98651.88333333335,
        "std": 551.6841993689338,
        "sem": 318.51502101331715,
        "ci95_lo": 98027.59389214724,
        "ci95_hi": 99276.17277451945,
        "min": 98061.9,
        "max": 99154.95000000001,
        "n": 3
      },
      "b": {
        "mean": 83178.08333333333,
        "std": 601.5988537500209,
        "sem": 347.33326015674487,
        "ci95_lo": 82497.3101434261,
        "ci95_hi": 83858.85652324055,
        "min": 82485.65,
        "max": 83572.5,
        "n": 3
      },
      "test": {
        "t": 146.58053885351327,
        "p": 4.653900072083168e-05,
        "d": 84.6283135650363,
        "significant": "True"
      },
      "direction": "P600_EFFECT"
    },
    "p600_cum_sem_vs_gram": {
      "a": {
        "mean": 91674.76666666666,
        "std": 615.0974157264344,
        "sem": 355.1266585475001,
        "ci95_lo": 90978.71841591356,
        "ci95_hi": 92370.81491741976,
        "min": 90975.2,
        "max": 92130.85,
        "n": 3
      },
      "b": {
        "mean": 83178.08333333333,
        "std": 601.5988537500209,
        "sem": 347.33326015674487,
        "ci95_lo": 82497.3101434261,
        "ci95_hi": 83858.85652324055,
        "min": 82485.65,
        "max": 83572.5,
        "n": 3
      },
      "test": {
        "t": 251.87944007975707,
        "p": 1.5761744876607406e-05,
        "d": 145.42266253337993,
        "significant": "True"
      },
      "direction": "P600_EFFECT"
    },
    "p600_cum_cat_vs_sem": {
      "a": {
        "mean": 98651.88333333335,
        "std": 551.6841993689338,
        "sem": 318.51502101331715,
        "ci95_lo": 98027.59389214724,
        "ci95_hi": 99276.17277451945,
        "min": 98061.9,
        "max": 99154.95000000001,
        "n": 3
      },
      "b": {
        "mean": 91674.76666666666,
        "std": 615.0974157264344,
        "sem": 355.1266585475001,
        "ci95_lo": 90978.71841591356,
        "ci95_hi": 92370.81491741976,
        "min": 90975.2,
        "max": 92130.85,
        "n": 3
      },
      "test": {
        "t": 86.84266105144235,
        "p": 0.0001325706500467715,
        "d": 50.138633735193665,
        "significant": "True"
      },
      "direction": "P600_EFFECT"
    },
    "p600_per_area_ROLE_AGENT": {
      "category_violation": {
        "mean": 2.3673273313058845,
        "std": 0.015676804228900894,
        "sem": 0.009051007141588996,
        "ci95_lo": 2.34958735730837,
        "ci95_hi": 2.385067305303399,
        "min": 2.3535455517300035,
        "max": 2.384382329742529,
        "n": 3
      },
      "grammatical": {
        "mean": 2.400750293584642,
        "std": 0.02225814679588789,
        "sem": 0.01285074704426808,
        "ci95_lo": 2.3755628293778766,
        "ci95_hi": 2.425937757791407,
        "min": 2.375351741587216,
        "max": 2.4168569536404916,
        "n": 3
      },
      "test": {
        "t": -1.572583253723466,
        "p": 0.2564446217043188,
        "d": -0.9079313648603407,
        "significant": "False"
      }
    },
    "p600_per_area_ROLE_PATIENT": {
      "category_violation": {
        "mean": 2.331160830454261,
        "std": 0.03716824064251119,
        "sem": 0.021459093740258624,
        "ci95_lo": 2.289101006723354,
        "ci95_hi": 2.373220654185168,
        "min": 2.293837763366272,
        "max": 2.368172285246553,
        "n": 3
      },
      "grammatical": {
        "mean": 2.3493289870322402,
        "std": 0.0696458981596009,
        "sem": 0.04021007805039884,