{
  "experiment_name": "p600_syntactic",
  "timestamp": "2026-02-11T14:06:23.672889",
  "parameters": {
    "n": 50000,
    "k": 100,
    "p": 0.05,
    "beta": 0.05,
    "rounds": 10,
    "n_seeds": 3,
    "n400_areas": [
      "NOUN_CORE",
      "VERB_CORE"
    ],
    "p600_areas": [
      "ROLE_AGENT",
      "ROLE_PATIENT",
      "SUBJ",
      "OBJ",
      "VP"
    ]
  },
  "metrics": {
    "n400_sem_vs_gram": {
      "violation": {
        "mean": 30143.925048271816,
        "std": 592.6069948257294,
        "sem": 342.1418079862901,
        "ci95_lo": 29473.32710461869,
        "ci95_hi": 30814.522991924943,
        "min": 29500.780475378036,
        "max": 30667.875308036804,
        "n": 3
      },
      "grammatical": {
        "mean": 30310.765456477802,
        "std": 168.0440810615504,
        "sem": 97.02029543660942,
        "ci95_lo": 30120.60567742205,
        "ci95_hi": 30500.925235533556,
        "min": 30178.40213060379,
        "max": 30499.824194788933,
        "n": 3
      },
      "test": {
        "t": -0.6429736408340136,
        "p": 0.5861174120598017,
        "d": -0.3712210046173516,
        "significant": "False"
      },
      "direction": "NO_N400"
    },
    "n400_cat_vs_gram": {
      "violation": {
        "mean": 31128.583333333332,
        "std": 231.02574712211913,
        "sem": 133.3827772906899,
        "ci95_lo": 30867.15308984358,
        "ci95_hi": 31390.013576823083,
        "min": 30939.25,
        "max": 31386.0,
        "n": 3
      },
      "grammatical": {
        "mean": 30310.765456477802,
        "std": 168.0440810615504,
        "sem": 97.02029543660942,
        "ci95_lo": 30120.60567742205,
        "ci95_hi": 30500.925235533556,
        "min": 30178.40213060379,
        "max": 30499.824194788933,
        "n": 3
      },
      "test": {
        "t": 22.329874133368474,
        "p": 0.0019995090068284575,
        "d": 12.892158841870751,
        "significant": "True"
      },
      "direction": "N400_EFFECT"
    },
    "p600_cat_vs_gram": {
      "violation": {
        "mean": 4758.233333333333,
        "std": 178.4549266154715,
        "sem": 103.03099991965739,
        "ci95_lo": 4556.292573490804,
        "ci95_hi": 4960.174093175861,
        "min": 4596.45,
        "max": 4949.65,
        "n": 3
      },
      "grammatical": {
        "mean": 3747.183333333333,
        "std": 132.5241141578896,
        "sem": 76.51283298317426,
        "ci95_lo": 3597.2181806863114,
        "ci95_hi": 3897.1484859803545,
        "min": 3631.75,
        "max": 3891.9,
        "n": 3
      },
      "test": {
        "t": 37.6389641206504,
        "p": 0.0007051234192811582,
        "d": 21.730866067076175,
        "significant": "True"
      },
      "direction": "P600_EFFECT"
    },
    "p600_sem_vs_gram": {
      "violation": {
        "mean": 4225.233333333333,
        "std": 142.9385998718797,
        "sem": 82.52563911361796,
        "ci95_lo": 4063.4830806706414,
        "ci95_hi": 4386.983585996024,
        "min": 4078.7999999999997,
        "max": 4364.4,
        "n": 3
      },
      "grammatical": {
        "mean": 3747.183333333333,
        "std": 132.5241141578896,
        "sem": 76.51283298317426,
        "ci95_lo": 3597.2181806863114,
        "ci95_hi": 3897.1484859803545,
        "min": 3631.75,
        "max": 3891.9,
        "n": 3
      },
      "test": {
        "t": 24.270849540166893,
        "p": 0.0016932687262554591,
        "d": 14.012781515476258,
        "significant": "True"
      },
      "direction": "P600_EFFECT"
    },
    "double_dissociation": {
      "n400_selective": false,
      "p600_selective": false,
      "full_dissociation": false
    }
  },
  "raw_data": {},
  "success": true,
  "error_message": null,
  "duration_seconds": 8.345738600000914
}