{
  "experiment_name": "p600_syntactic",
  "timestamp": "2026-02-11T19:56:15.076194",
  "parameters": {
    "n": 50000,
    "k": 100,
    "p": 0.05,
    "beta": 0.05,
    "rounds": 10,
    "n_seeds": 5,
    "p600_settling_rounds": 5,
    "p600_areas": [
      "ROLE_AGENT",
      "ROLE_PATIENT",
      "SUBJ",
      "OBJ",
      "VP"
    ]
  },
  "metrics": {
    "n400_sem_vs_gram": {
      "violation": {
        "mean": 24872.011178076267,
        "std": 527.7292895896101,
        "sem": 236.00771304800801,
        "ci95_lo": 24409.436060502172,
        "ci95_hi": 25334.586295650362,
        "min": 24317.101859807968,
        "max": 25659.23917877674,
        "n": 5
      },
      "grammatical": {
        "mean": 23537.259135985376,
        "std": 421.406828232828,
        "sem": 188.45886282223617,
        "ci95_lo": 23167.879764853795,
        "ci95_hi": 23906.638507116957,
        "min": 22954.000228643417,
        "max": 24076.049718379974,
        "n": 5
      },
      "test": {
        "t": 17.710488455209052,
        "p": 5.9711006127178224e-05,
        "d": 7.920371220114537,
        "significant": "True"
      },
      "direction": "N400_EFFECT"
    },
    "n400_cat_vs_gram": {
      "violation": {
        "mean": 15302.86512722969,
        "std": 293.3406312840369,
        "sem": 131.18591842276157,
        "ci95_lo": 15045.740727121078,
        "ci95_hi": 15559.989527338303,
        "min": 14970.678737282753,
        "max": 15751.387212872505,
        "n": 5
      },
      "grammatical": {
        "mean": 23537.259135985376,
        "std": 421.406828232828,
        "sem": 188.45886282223617,
        "ci95_lo": 23167.879764853795,
        "ci95_hi": 23906.638507116957,
        "min": 22954.000228643417,
        "max": 24076.049718379974,
        "n": 5
      },
      "test": {
        "t": -29.950471539031724,
        "p": 7.401433217344417e-06,
        "d": -13.394258063889536,
        "significant": "True"
      },
      "direction": "NO_N400"
    },
    "core_inst_sem_vs_gram": {
      "violation": {
        "mean": 3.749033937387309,
        "std": 0.1249306156606235,
        "sem": 0.05587066981761078,
        "ci95_lo": 3.639527424544792,
        "ci95_hi": 3.858540450229826,
        "min": 3.6413254509443513,
        "max": 3.96380329650919,
        "n": 5
      },
      "grammatical": {
        "mean": 1.3269615295560264,
        "std": 0.058907663568618714,
        "sem": 0.026344308027023856,
        "ci95_lo": 1.2753266858230596,
        "ci95_hi": 1.3785963732889932,
        "min": 1.2796301968641712,
        "max": 1.4254924158294675,
        "n": 5
      },
      "test": {
        "t": 73.17675976978417,
        "p": 2.0898641445361196e-07,
        "d": 32.72564184368185,
        "significant": "True"
      },
      "direction": "HIGHER_INSTAB"
    },
    "core_inst_cat_vs_gram": {
      "violation": {
        "mean": 2.0348489707054855,
        "std": 0.1070728991418998,
        "sem": 0.04788445620585337,
        "ci95_lo": 1.940995436542013,
        "ci95_hi": 2.1287025048689583,
        "min": 1.8808737505587598,
        "max": 2.126732303448656,
        "n": 5
      },
      "grammatical": {
        "mean": 1.3269615295560264,
        "std": 0.058907663568618714,
        "sem": 0.026344308027023856,
        "ci95_lo": 1.2753266858230596,
        "ci95_hi": 1.3785963732889932,
        "min": 1.2796301968641712,
        "max": 1.4254924158294675,
        "n": 5
      },
      "test": {
        "t": 13.378612429970929,
        "p": 0.00018051017878812844,
        "d": 5.983097367607729,
        "significant": "True"
      },
      "direction": "HIGHER_INSTAB"
    },
    "p600_inst_cat_vs_gram": {
      "a": {
        "mean": 1.589077653087011,
        "std": 0.03493709280744688,
        "sem": 0.01562434289073404,
        "ci95_lo": 1.5584539410211722,
        "ci95_hi": 1.6197013651528498,
        "min": 1.5394602844824266,
        "max": 1.6367426165596979,
        "n": 5
      },
      "b": {
        "mean": 1.1356163911800412,
        "std": 0.10048362980484107,
        "sem": 0.044937645373909714,
        "ci95_lo": 1.047538606247178,
        "ci95_hi": 1.2236941761129043,
        "min": 1.042843767877235,
        "max": 1.2998277451664024,
        "n": 5
      },
      "test": {
        "t": 12.756465246606918,
        "p": 0.00021759243612331326,
        "d": 5.704864688805337,
        "significant": "True"
      },
      "direction": "P600_EFFECT"
    },
    "p600_inst_sem_vs_gram": {
      "a": {
        "mean": 1.1513785727820096,
        "std": 0.05135738796594404,
        "sem": 0.022967722127736102,
        "ci95_lo": 1.1063618374116468,
        "ci95_hi": 1.1963953081523724,
        "min": 1.1025460830465494,
        "max": 1.2095033770243042,
        "n": 5
      },
      "b": {
        "mean": 1.1356163911800412,
        "std": 0.10048362980484107,
        "sem": 0.044937645373909714,
        "ci95_lo": 1.047538606247178,
        "ci95_hi": 1.2236941761129043,
        "min": 1.042843767877235,
        "max": 1.2998277451664024,
        "n": 5
      },
      "test": {
        "t": 0.25082319987707175,
        "p": 0.8143081597037547,
        "d": 0.11217154505182987,
        "significant": "False"
      },
      "direction": "P600_EFFECT"
    },
    "p600_inst_cat_vs_sem": {
      "a": {
        "mean": 1.589077653087011,
        "std": 0.03493709280744688,
        "sem": 0.01562434289073404,
        "ci95_lo": 1.5584539410211722,
        "ci95_hi": 1.6197013651528498,
        "min": 1.5394602844824266,
        "max": 1.6367426165596979,
        "n": 5
      },
      "b": {
        "mean": 1.1513785727820096,
        "std": 0.05135738796594404,
        "sem": 0.022967722127736102,
        "ci95_lo": 1.1063618374116468,
        "ci95_hi": 1.1963953081523724,
        "min": 1.1025460830465494,
        "max": 1.2095033770243042,
        "n": 5
      },
      "test": {
        "t": 12.614642953432863,
        "p": 0.00022733818354064278,
        "d": 5.641439831152919,
        "significant": "True"
      },
      "direction": "P600_EFFECT"
    },
    "p600_cum_cat_vs_gram": {
      "a": {
        "mean": 264302.5225483632,
        "std": 5993.913495577872,
        "sem": 2680.5596054731013,
        "ci95_lo": 259048.6257216359,
        "ci95_hi": 269556.41937509045,
        "min": 255127.81067941192,
        "max": 268422.62755205634,
        "n": 5
      },
      "b": {
        "mean": 346294.8783482194,
        "std": 4775.0827291425685,
        "sem": 2135.4819161095998,
        "ci95_lo": 342109.33379264455,
        "ci95_hi": 350480.4229037942,
        "min": 340021.0709517479,
        "max": 351473.4471964717,
        "n": 5
      },
      "test": {
        "t": -40.0459781653735,
        "p": 2.3233378743712975e-06,
        "d": -17.90910588064949,
        "significant": "True"
      },
      "direction": "NO_P600"
    },
    "p600_cum_sem_vs_gram": {
      "a": {
        "mean": 282777.4518232918,
        "std": 7126.038875751605,
        "sem": 3186.861467297353,
        "ci95_lo": 276531.20334738895,
        "ci95_hi": 289023.7002991946,
        "min": 272514.546612525,
        "max": 292363.8098513961,
        "n": 5
      },
      "b": {
        "mean": 346294.8783482194,
        "std": 4775.0827291425685,
        "sem": 2135.4819161095998,
        "ci95_lo": 342109.33379264455,
        "ci95_hi": 350480.4229037942,
        "min": 340021.0709517479,
        "max": 351473.4471964717,
        "n": 5
      },
      "test": {
        "t": -43.64718848172052,
        "p": 1.6474335343326931e-06,
        "d": -19.519616094374584,
        "significant": "True"
      },
      "direction": "NO_P600"
    },
    "p600_cum_cat_vs_sem": {
      "a": {
        "mean": 264302.5225483632,
        "std": 5993.913495577872,
        "sem": 2680.5596054731013,
        "ci95_lo": 259048.6257216359,
        "ci95_hi": 269556.41937509045,
        "min": 255127.81067941192,
        "max": 268422.62755205634,