{
  "experiment_name": "p600_syntactic",
  "timestamp": "2026-02-17T18:01:01.104515",
  "parameters": {
    "n": 50000,
    "k": 100,
    "p": 0.05,
    "beta": 0.05,
    "rounds": 10,
    "n_seeds": 3,
    "p600_settling_rounds": 5,
    "p600_areas": [
      "ROLE_AGENT",
      "ROLE_PATIENT",
      "SUBJ",
      "OBJ",
      "VP"
    ]
  },
  "metrics": {
    "n400_sem_vs_gram": {
      "violation": {
        "mean": 25252.66251905759,
        "std": 649.8697812857552,
        "sem": 375.202493163534,
        "ci95_lo": 24517.265632457063,
        "ci95_hi": 25988.059405658118,
        "min": 24729.040954351425,
        "max": 25979.979558467865,
        "n": 3
      },
      "grammatical": {
        "mean": 23763.425163726013,
        "std": 273.33091487970995,
        "sem": 157.80767728364722,
        "ci95_lo": 23454.122116250066,
        "ci95_hi": 24072.72821120196,
        "min": 23573.060528337955,
        "max": 24076.623004317284,
        "n": 3
      },
      "test": {
        "t": 6.328079661278525,
        "p": 0.024074051575251467,
        "d": 3.6535184958925524,
        "significant": "True"
      },
      "direction": "N400_EFFECT"
    },
    "n400_cat_vs_gram": {
      "violation": {
        "mean": 15147.911022524038,
        "std": 151.71756214396194,
        "sem": 87.5941753446102,
        "ci95_lo": 14976.226438848602,
        "ci95_hi": 15319.595606199475,
        "min": 15006.28327536583,
        "max": 15308.024417877197,
        "n": 3
      },
      "grammatical": {
        "mean": 23763.425163726013,
        "std": 273.33091487970995,
        "sem": 157.80767728364722,
        "ci95_lo": 23454.122116250066,
        "ci95_hi": 24072.72821120196,
        "min": 23573.060528337955,
        "max": 24076.623004317284,
        "n": 3
      },
      "test": {
        "t": -43.70092899900706,
        "p": 0.0005232120229064363,
        "d": -25.23074312141345,
        "significant": "True"
      },
      "direction": "NO_N400"
    },
    "core_inst_sem_vs_gram": {
      "violation": {
        "mean": 3.9075431316812286,
        "std": 0.10267775271452062,
        "sem": 0.05928102816951431,
        "ci95_lo": 3.7913523164689806,
        "ci95_hi": 4.0237339468934765,
        "min": 3.791570490347026,
        "max": 3.9868714473108566,
        "n": 3
      },
      "grammatical": {
        "mean": 1.3294260580868482,
        "std": 0.15439200300132352,
        "sem": 0.08913826449353965,
        "ci95_lo": 1.1547150596795106,
        "ci95_hi": 1.5041370564941858,
        "min": 1.207124966394403,
        "max": 1.5029096926419983,
        "n": 3
      },
      "test": {
        "t": 25.045381990777667,
        "p": 0.001590404741748525,
        "d": 14.459958034332493,
        "significant": "True"
      },
      "direction": "HIGHER_INSTAB"
    },
    "core_inst_cat_vs_gram": {
      "violation": {
        "mean": 2.0001806522598895,
        "std": 0.18464149407151717,
        "sem": 0.10660281630576514,
        "ci95_lo": 1.7912391323005898,
        "ci95_hi": 2.209122172219189,
        "min": 1.7974124242722445,
        "max": 2.158628464188782,
        "n": 3
      },
      "grammatical": {
        "mean": 1.3294260580868482,
        "std": 0.15439200300132352,
        "sem": 0.08913826449353965,
        "ci95_lo": 1.1547150596795106,
        "ci95_hi": 1.5041370564941858,
        "min": 1.207124966394403,
        "max": 1.5029096926419983,
        "n": 3
      },
      "test": {
        "t": 7.27770837043335,
        "p": 0.018361963702453528,
        "d": 4.201786886753287,
        "significant": "True"
      },
      "direction": "HIGHER_INSTAB"
    },
    "p600_inst_cat_vs_gram": {
      "a": {
        "mean": 1.696862739993837,
        "std": 0.047981631428083975,
        "sem": 0.027702207821161694,
        "ci95_lo": 1.64256641266436,
        "ci95_hi": 1.751159067323314,
        "min": 1.6677084994269071,
        "max": 1.752241326515964,
        "n": 3
      },
      "b": {
        "mean": 1.0872168232751263,
        "std": 0.0904442897056877,
        "sem": 0.0522180350082433,
        "ci95_lo": 0.9848694746589693,
        "ci95_hi": 1.189564171891283,
        "min": 1.0136093057554016,
        "max": 1.1881814701507554,
        "n": 3
      },
      "test": {
        "t": 23.449463771673813,
        "p": 0.001813641457945001,
        "d": 13.538554220928253,
        "significant": "True"
      },
      "direction": "P600_EFFECT"
    },
    "p600_inst_sem_vs_gram": {
      "a": {
        "mean": 1.1608970740751583,
        "std": 0.05917651543358637,
        "sem": 0.03416557711528514,
        "ci95_lo": 1.0939325429291995,
        "ci95_hi": 1.227861605221117,
        "min": 1.1034056901239238,
        "max": 1.2216258171464776,
        "n": 3
      },
      "b": {
        "mean": 1.0872168232751263,
        "std": 0.0904442897056877,
        "sem": 0.0522180350082433,
        "ci95_lo": 0.9848694746589693,
        "ci95_hi": 1.189564171891283,
        "min": 1.0136093057554016,
        "max": 1.1881814701507554,
        "n": 3
      },
      "test": {
        "t": 1.3135943826688028,
        "p": 0.3194387172759888,
        "d": 0.7584040704398136,
        "significant": "False"
      },
      "direction": "P600_EFFECT"
    },
    "p600_inst_cat_vs_sem": {
      "a": {
        "mean": 1.696862739993837,
        "std": 0.047981631428083975,
        "sem": 0.027702207821161694,
        "ci95_lo": 1.64256641266436,
        "ci95_hi": 1.751159067323314,
        "min": 1.6677084994269071,
        "max": 1.752241326515964,
        "n": 3
      },
      "b": {
        "mean": 1.1608970740751583,
        "std": 0.05917651543358637,
        "sem": 0.03416557711528514,
        "ci95_lo": 1.0939325429291995,
        "ci95_hi": 1.227861605221117,
        "min": 1.1034056901239238,
        "max": 1.2216258171464776,
        "n": 3
      },
      "test": {
        "t": 12.085866772763657,
        "p": 0.006776606915646714,
        "d": 6.977778434645051,
        "significant": "True"
      },
      "direction": "P600_EFFECT"
    },
    "p600_cum_cat_vs_gram": {
      "a": {
        "mean": 268941.17306902405,
        "std": 14812.830101497098,
        "sem": 8552.191446559542,
        "ci95_lo": 252178.87783376736,
        "ci95_hi": 285703.4683042808,
        "min": 260245.4997172117,
        "max": 286044.74901534314,
        "n": 3
      },
      "b": {
        "mean": 358380.8283592939,
        "std": 15603.16269775013,
        "sem": 9008.490183755564,
        "ci95_lo": 340724.187599133,
        "ci95_hi": 376037.46911945485,
        "min": 346595.18057555554,
        "max": 376075.45575362444,
        "n": 3
      },
      "test": {
        "t": -49.581480643879,
        "p": 0.0004065332955802576,
        "d": -28.625881196563757,
        "significant": "True"
      },
      "direction": "NO_P600"
    },
    "p600_cum_sem_vs_gram": {
      "a": {
        "mean": 285106.8950823823,
        "std": 9270.121620967371,
        "sem": 5352.107213286082,
        "ci95_lo": 274616.7649443416,
        "ci95_hi": 295597.025220423,
        "min": 277786.33338035346,
        "max": 295530.47299493547,
        "n": 3
      },
      "b": {
        "mean": 358380.8283592939,
        "std": 15603.16269775013,
        "sem": 9008.490183755564,
        "ci95_lo": 340724.187599133,
        "ci95_hi": 376037.46911945485,
        "min": 346595.18057555554,
        "max": 376075.45575362444,
        "n": 3
      },
      "test": {
        "t": -19.982323879712226,
        "p": 0.00249505577819165,
        "d": -11.536800070986141,
        "significant": "True"
      },
      "direction": "NO_P600"
    },
    "p600_cum_cat_vs_sem": {
      "a": {
        "mean": 268941.17306902405,
        "std": 14812.830101497098,
        "sem": 8552.191446559542,
        "ci95_lo": 252178.87783376736,
        "ci95_hi": 285703.4683042808,
        "min": 260245.4997172117,
        "max": 286044.74901534314,
        "n": 3
      },