{
  "experiment_name": "p600_syntactic",
  "timestamp": "2026-02-11T19:50:09.924798",
  "parameters": {
    "n": 50000,
    "k": 100,
    "p": 0.05,
    "beta": 0.05,
    "rounds": 10,
    "n_seeds": 3,
    "p600_settling_rounds": 5,
    "p600_areas": [
      "ROLE_AGENT",
      "ROLE_PATIENT",
      "SUBJ",
      "OBJ",
      "VP"
    ]
  },
  "metrics": {
    "n400_sem_vs_gram": {
      "violation": {
        "mean": 25024.37803196907,
        "std": 447.41645465776196,
        "sem": 258.31601053652685,
        "ci95_lo": 24518.07865131748,
        "ci95_hi": 25530.677412620662,
        "min": 24634.52272427082,
        "max": 25512.888916254044,
        "n": 3
      },
      "grammatical": {
        "mean": 23562.704327384632,
        "std": 260.02012831767667,
        "sem": 150.12269107893167,
        "ci95_lo": 23268.463852869925,
        "ci95_hi": 23856.94480189934,
        "min": 23344.202635407448,
        "max": 23850.28976082802,
        "n": 3
      },
      "test": {
        "t": 13.474118406143525,
        "p": 0.005462973411919865,
        "d": 7.779285888879856,
        "significant": "True"
      },
      "direction": "N400_EFFECT"
    },
    "n400_cat_vs_gram": {
      "violation": {
        "mean": 15276.294822732607,
        "std": 269.1708962260149,
        "sem": 155.40588939410253,
        "ci95_lo": 14971.699279520166,
        "ci95_hi": 15580.890365945048,
        "min": 15050.383586883545,
        "max": 15574.11811363697,
        "n": 3
      },
      "grammatical": {
        "mean": 23562.704327384632,
        "std": 260.02012831767667,
        "sem": 150.12269107893167,
        "ci95_lo": 23268.463852869925,
        "ci95_hi": 23856.94480189934,
        "min": 23344.202635407448,
        "max": 23850.28976082802,
        "n": 3
      },
      "test": {
        "t": -39.5103345486197,
        "p": 0.0006399728135045722,
        "d": -22.811302287417753,
        "significant": "True"
      },
      "direction": "NO_N400"
    },
    "core_inst_sem_vs_gram": {
      "violation": {
        "mean": 3.794033237861559,
        "std": 0.12683582746805816,
        "sem": 0.07322869913157232,
        "ci95_lo": 3.6505049875636773,
        "ci95_hi": 3.937561488159441,
        "min": 3.69925541406829,
        "max": 3.938118583080556,
        "n": 3
      },
      "grammatical": {
        "mean": 1.1458579055436122,
        "std": 0.15005413396888145,
        "sem": 0.08663379463994988,
        "ci95_lo": 0.9760556680493104,
        "ci95_hi": 1.315660143037914,
        "min": 1.023868364494069,
        "max": 1.3134132552102147,
        "n": 3
      },
      "test": {
        "t": 71.39287826216358,
        "p": 0.00019613831057134495,
        "d": 41.21869748288232,
        "significant": "True"
      },
      "direction": "HIGHER_INSTAB"
    },
    "core_inst_cat_vs_gram": {
      "violation": {
        "mean": 2.019426241658104,
        "std": 0.11473647332322023,
        "sem": 0.06624313375902952,
        "ci95_lo": 1.889589699490406,
        "ci95_hi": 2.149262783825802,
        "min": 1.9298056869330842,
        "max": 2.1487384446716593,
        "n": 3
      },
      "grammatical": {
        "mean": 1.1458579055436122,
        "std": 0.15005413396888145,
        "sem": 0.08663379463994988,
        "ci95_lo": 0.9760556680493104,
        "ci95_hi": 1.315660143037914,
        "min": 1.023868364494069,
        "max": 1.3134132552102147,
        "n": 3
      },
      "test": {
        "t": 7.835329727386188,
        "p": 0.015901187532276505,
        "d": 4.523729727295892,
        "significant": "True"
      },
      "direction": "HIGHER_INSTAB"
    },
    "p600_inst_cat_vs_gram": {
      "a": {
        "mean": 2.2966449610439224,
        "std": 0.019039296276474514,
        "sem": 0.0109923428304036,
        "ci95_lo": 2.275099969096331,
        "ci95_hi": 2.3181899529915135,
        "min": 2.274705729485921,
        "max": 2.3088382563915513,
        "n": 3
      },
      "b": {
        "mean": 2.430674299064439,
        "std": 0.023543215283373883,
        "sem": 0.013592681681445224,
        "ci95_lo": 2.4040326429688066,
        "ci95_hi": 2.457315955160072,
        "min": 2.4164104031814064,
        "max": 2.457848426068068,
        "n": 3
      },
      "test": {
        "t": -10.41923757355985,
        "p": 0.009086099263266397,
        "d": -6.015549617845442,
        "significant": "True"
      },
      "direction": "NO_P600"
    },
    "p600_inst_sem_vs_gram": {
      "a": {
        "mean": 2.5194134427003556,
        "std": 0.018902429629616815,
        "sem": 0.010913322834997227,
        "ci95_lo": 2.498023329943761,
        "ci95_hi": 2.54080355545695,
        "min": 2.4979861191691786,
        "max": 2.533726298906415,
        "n": 3
      },
      "b": {
        "mean": 2.430674299064439,
        "std": 0.023543215283373883,
        "sem": 0.013592681681445224,
        "ci95_lo": 2.4040326429688066,
        "ci95_hi": 2.457315955160072,
        "min": 2.4164104031814064,
        "max": 2.457848426068068,
        "n": 3
      },
      "test": {
        "t": 8.745740730548981,
        "p": 0.012823019147856912,
        "d": 5.049355765045129,
        "significant": "True"
      },
      "direction": "P600_EFFECT"
    },
    "p600_inst_cat_vs_sem": {
      "a": {
        "mean": 2.2966449610439224,
        "std": 0.019039296276474514,
        "sem": 0.0109923428304036,
        "ci95_lo": 2.275099969096331,
        "ci95_hi": 2.3181899529915135,
        "min": 2.274705729485921,
        "max": 2.3088382563915513,
        "n": 3
      },
      "b": {
        "mean": 2.5194134427003556,
        "std": 0.018902429629616815,
        "sem": 0.010913322834997227,
        "ci95_lo": 2.498023329943761,
        "ci95_hi": 2.54080355545695,
        "min": 2.4979861191691786,
        "max": 2.533726298906415,
        "n": 3
      },
      "test": {
        "t": -79.6675328868689,
        "p": 0.00015751961407277636,
        "d": -45.99607155790713,
        "significant": "True"
      },
      "direction": "NO_P600"
    },
    "p600_cum_cat_vs_gram": {
      "a": {
        "mean": 101519.03333333333,
        "std": 183.82948847596103,
        "sem": 106.13400465658731,
        "ci95_lo": 101311.01068420641,
        "ci95_hi": 101727.05598246024,
        "min": 101317.35,
        "max": 101677.20000000001,
        "n": 3
      },
      "b": {
        "mean": 86137.81666666667,
        "std": 551.3977904683031,
        "sem": 318.3496627574397,
        "ci95_lo": 85513.85132766208,
        "ci95_hi": 86761.78200567125,
        "min": 85547.85,
        "max": 86640.15,
        "n": 3
      },
      "test": {
        "t": 40.771588555807945,
        "p": 0.000601025728636934,
        "d": 23.539487627984382,
        "significant": "True"
      },
      "direction": "P600_EFFECT"
    },
    "p600_cum_sem_vs_gram": {
      "a": {
        "mean": 98665.93333333333,
        "std": 561.9740437362954,
        "sem": 324.4558654287327,
        "ci95_lo": 98029.99983709301,
        "ci95_hi": 99301.86682957366,
        "min": 98033.95000000001,
        "max": 99109.45,
        "n": 3
      },
      "b": {
        "mean": 86137.81666666667,
        "std": 551.3977904683031,
        "sem": 318.3496627574397,
        "ci95_lo": 85513.85132766208,
        "ci95_hi": 86761.78200567125,
        "min": 85547.85,
        "max": 86640.15,
        "n": 3
      },
      "test": {
        "t": 64.4191297030326,
        "p": 0.00024088699149002056,
        "d": 37.19240187500728,
        "significant": "True"
      },
      "direction": "P600_EFFECT"
    },
    "p600_cum_cat_vs_sem": {
      "a": {
        "mean": 101519.03333333333,
        "std": 183.82948847596103,
        "sem": 106.13400465658731,
        "ci95_lo": 101311.01068420641,
        "ci95_hi": 101727.05598246024,
        "min": 101317.35,
        "max": 101677.20000000001,
        "n": 3
      },
      "b": {
        "mean": 98665.93333333333,
        "std": 561.9740437362954,