{
  "experiment_name": "p600_syntactic",
  "timestamp": "2026-02-11T19:52:02.666061",
  "parameters": {
    "n": 50000,
    "k": 100,
    "p": 0.05,
    "beta": 0.05,
    "rounds": 10,
    "n_seeds": 3,
    "p600_settling_rounds": 5,
    "p600_areas": [
      "ROLE_AGENT",
      "ROLE_PATIENT",
      "SUBJ",
      "OBJ",
      "VP"
    ]
  },
  "metrics": {
    "n400_sem_vs_gram": {
      "violation": {
        "mean": 25220.24531877041,
        "std": 493.08403480246665,
        "sem": 284.68220022631095,
        "ci95_lo": 24662.26820632684,
        "ci95_hi": 25778.222431213977,
        "min": 24712.28396010399,
        "max": 25696.966450095177,
        "n": 3
      },
      "grammatical": {
        "mean": 23889.986576735973,
        "std": 285.1521756210412,
        "sem": 164.63268535481558,
        "ci95_lo": 23567.306513440533,
        "ci95_hi": 24212.666640031413,
        "min": 23600.768607139587,
        "max": 24170.891151368618,
        "n": 3
      },
      "test": {
        "t": 11.065117603473572,
        "p": 0.008068758590030046,
        "d": 6.388448626980334,
        "significant": "True"
      },
      "direction": "N400_EFFECT"
    },
    "n400_cat_vs_gram": {
      "violation": {
        "mean": 15338.26389682293,
        "std": 85.92732640516542,
        "sem": 49.61016503076709,
        "ci95_lo": 15241.027973362627,
        "ci95_hi": 15435.499820283232,
        "min": 15240.95892906189,
        "max": 15403.718549013138,
        "n": 3
      },
      "grammatical": {
        "mean": 23889.986576735973,
        "std": 285.1521756210412,
        "sem": 164.63268535481558,
        "ci95_lo": 23567.306513440533,
        "ci95_hi": 24212.666640031413,
        "min": 23600.768607139587,
        "max": 24170.891151368618,
        "n": 3
      },
      "test": {
        "t": -52.2609187541948,
        "p": 0.0003659379754392919,
        "d": -30.17285551083153,
        "significant": "True"
      },
      "direction": "NO_N400"
    },
    "core_inst_sem_vs_gram": {
      "violation": {
        "mean": 3.7466080068356136,
        "std": 0.1878211145605872,
        "sem": 0.10843857105105056,
        "ci95_lo": 3.5340684075755546,
        "ci95_hi": 3.9591476060956725,
        "min": 3.6265531729717466,
        "max": 3.963054408306575,
        "n": 3
      },
      "grammatical": {
        "mean": 1.3060229678055972,
        "std": 0.04618383307345789,
        "sem": 0.026664248457169658,
        "ci95_lo": 1.2537610408295448,
        "ci95_hi": 1.3582848947816497,
        "min": 1.2764108793216165,
        "max": 1.3592385108606377,
        "n": 3
      },
      "test": {
        "t": 29.740138236309438,
        "p": 0.0011286993318369342,
        "d": 17.17047681646994,
        "significant": "True"
      },
      "direction": "HIGHER_INSTAB"
    },
    "core_inst_cat_vs_gram": {
      "violation": {
        "mean": 2.109004945545751,
        "std": 0.18303262366799902,
        "sem": 0.10567393454520271,
        "ci95_lo": 1.9018840338371539,
        "ci95_hi": 2.3161258572543484,
        "min": 1.9331201241216744,
        "max": 2.298433012984525,
        "n": 3
      },
      "grammatical": {
        "mean": 1.3060229678055972,
        "std": 0.04618383307345789,
        "sem": 0.026664248457169658,
        "ci95_lo": 1.2537610408295448,
        "ci95_hi": 1.3582848947816497,
        "min": 1.2764108793216165,
        "max": 1.3592385108606377,
        "n": 3
      },
      "test": {
        "t": 6.2023198985469845,
        "p": 0.025023498951342836,
        "d": 3.580911063026274,
        "significant": "True"
      },
      "direction": "HIGHER_INSTAB"
    },
    "p600_inst_cat_vs_gram": {
      "a": {
        "mean": 1.6691077154204532,
        "std": 0.11317501520726463,
        "sem": 0.06534162549545422,
        "ci95_lo": 1.541038129449363,
        "ci95_hi": 1.7971773013915435,
        "min": 1.5399758839826585,
        "max": 1.7510607427253875,
        "n": 3
      },
      "b": {
        "mean": 1.1586538112119313,
        "std": 0.043498063523839184,
        "sem": 0.025113618684715996,
        "ci95_lo": 1.109431118589888,
        "ci95_hi": 1.2078765038339747,
        "min": 1.1328693028353236,
        "max": 1.2088750203301073,
        "n": 3
      },
      "test": {
        "t": 9.508549413869913,
        "p": 0.010880235296354098,
        "d": 5.489763563700651,
        "significant": "True"
      },
      "direction": "P600_EFFECT"
    },
    "p600_inst_sem_vs_gram": {
      "a": {
        "mean": 1.178681691026541,
        "std": 0.0355035100623383,
        "sem": 0.020497961091667606,
        "ci95_lo": 1.1385056872868724,
        "ci95_hi": 1.2188576947662095,
        "min": 1.1381633755925318,
        "max": 1.2043444413021267,
        "n": 3
      },
      "b": {
        "mean": 1.1586538112119313,
        "std": 0.043498063523839184,
        "sem": 0.025113618684715996,
        "ci95_lo": 1.109431118589888,
        "ci95_hi": 1.2078765038339747,
        "min": 1.1328693028353236,
        "max": 1.2088750203301073,
        "n": 3
      },
      "test": {
        "t": 0.44063934587583753,
        "p": 0.7025261276213728,
        "d": 0.25440324495695543,
        "significant": "False"
      },
      "direction": "P600_EFFECT"
    },
    "p600_inst_cat_vs_sem": {
      "a": {
        "mean": 1.6691077154204532,
        "std": 0.11317501520726463,
        "sem": 0.06534162549545422,
        "ci95_lo": 1.541038129449363,
        "ci95_hi": 1.7971773013915435,
        "min": 1.5399758839826585,
        "max": 1.7510607427253875,
        "n": 3
      },
      "b": {
        "mean": 1.178681691026541,
        "std": 0.0355035100623383,
        "sem": 0.020497961091667606,
        "ci95_lo": 1.1385056872868724,
        "ci95_hi": 1.2188576947662095,
        "min": 1.1381633755925318,
        "max": 1.2043444413021267,
        "n": 3
      },
      "test": {
        "t": 6.006063379919991,
        "p": 0.026619778512439306,
        "d": 3.46760230916676,
        "significant": "True"
      },
      "direction": "P600_EFFECT"
    },
    "p600_cum_cat_vs_gram": {
      "a": {
        "mean": 271865.0420544426,
        "std": 15098.374971896032,
        "sem": 8717.050854350082,
        "ci95_lo": 254779.6223799164,
        "ci95_hi": 288950.4617289687,
        "min": 262828.2456875086,
        "max": 289295.1852926612,
        "n": 3
      },
      "b": {
        "mean": 358488.86497992073,
        "std": 17109.929778657955,
        "sem": 9878.422563523765,
        "ci95_lo": 339127.15675541415,
        "ci95_hi": 377850.5732044273,
        "min": 343348.6821141541,
        "max": 377051.26482022996,
        "n": 3
      },
      "test": {
        "t": -26.68076509447691,
        "p": 0.0014018111042575646,
        "d": -15.404146909481414,
        "significant": "True"
      },
      "direction": "NO_P600"
    },
    "p600_cum_sem_vs_gram": {
      "a": {
        "mean": 287883.27790021297,
        "std": 17036.982674235674,
        "sem": 9836.306533148958,
        "ci95_lo": 268604.11709524103,
        "ci95_hi": 307162.4387051849,
        "min": 273273.91818400624,
        "max": 306597.76648388506,
        "n": 3
      },
      "b": {
        "mean": 358488.86497992073,
        "std": 17109.929778657955,
        "sem": 9878.422563523765,
        "ci95_lo": 339127.15675541415,
        "ci95_hi": 377850.5732044273,
        "min": 343348.6821141541,
        "max": 377051.26482022996,
        "n": 3
      },
      "test": {
        "t": -196.9294510367466,
        "p": 2.578468688899566e-05,
        "d": -113.69727156743086,
        "significant": "True"
      },
      "direction": "NO_P600"
    },
    "p600_cum_cat_vs_sem": {
      "a": {
        "mean": 271865.0420544426,
        "std": 15098.374971896032,
        "sem": 8717.050854350082,
        "ci95_lo": 254779.6223799164,
        "ci95_hi": 288950.4617289687,
        "min": 262828.2456875086,
        "max": 289295.1852926612,
        "n": 3
      },