{
  "experiment_name": "semantic_priming",
  "timestamp": "2026-02-10T23:54:02.891008",
  "parameters": {
    "n": 10000,
    "k": 100,
    "p": 0.05,
    "beta": 0.1,
    "rounds": 10,
    "n_seeds": 3,
    "n_training": 15
  },
  "metrics": {
    "h1_sentential": {
      "related": {
        "mean": 0.7622222222222222,
        "std": 0.0117062819476142,
        "sem": 0.006758625033664715,
        "ci95_lo": 0.7489753171562394,
        "ci95_hi": 0.775469127288205,
        "min": 0.75,
        "max": 0.7733333333333334,
        "n": 3
      },
      "unrelated": {
        "mean": 0.9244444444444445,
        "std": 0.00962250448649373,
        "sem": 0.005555555555555537,
        "ci95_lo": 0.9135555555555557,
        "ci95_hi": 0.9353333333333333,
        "min": 0.9133333333333334,
        "max": 0.93,
        "n": 3
      },
      "test": {
        "t": -55.18281305934644,
        "p": 0.0003282301450574372,
        "d": -31.859811974454466,
        "significant": "True"
      }
    },
    "h2_feature": {
      "same_category": {
        "mean": 0.7544444444444444,
        "std": 0.024570382652773396,
        "sem": 0.014185717038670833,
        "ci95_lo": 0.7266404390486495,
        "ci95_hi": 0.7822484498402392,
        "min": 0.7266666666666666,
        "max": 0.7733333333333334,
        "n": 3
      },
      "diff_category": {
        "mean": 0.9222222222222222,
        "std": 0.0050917507721732124,
        "sem": 0.0029397236789606893,
        "ci95_lo": 0.9164603638114592,
        "ci95_hi": 0.9279840806329851,
        "min": 0.9166666666666666,
        "max": 0.9266666666666667,
        "n": 3
      },
      "test": {
        "t": -9.978360866871805,
        "p": 0.009894602727359257,
        "d": -5.761009332559665,
        "significant": "True"
      }
    },
    "h3_cumulative": {
      "1": {
        "mean": 0.7366666666666667,
        "std": 0.01527525231651948,
        "sem": 0.008819171036881977,
        "ci95_lo": 0.719381091434378,
        "ci95_hi": 0.7539522418989554,
        "min": 0.72,
        "max": 0.75,
        "n": 3
      },
      "2": {
        "mean": 0.7366666666666667,
        "std": 0.01527525231651948,
        "sem": 0.008819171036881977,
        "ci95_lo": 0.719381091434378,
        "ci95_hi": 0.7539522418989554,
        "min": 0.72,
        "max": 0.75,
        "n": 3
      },
      "3": {
        "mean": 0.7366666666666667,
        "std": 0.01527525231651948,
        "sem": 0.008819171036881977,
        "ci95_lo": 0.719381091434378,
        "ci95_hi": 0.7539522418989554,
        "min": 0.72,
        "max": 0.75,
        "n": 3
      },
      "test": {
        "t": 0.0,
        "p": 1.0,
        "d": 0.0,
        "significant": false
      }
    },
    "h4_decay": {
      "0": {
        "mean": 0.7866666666666667,
        "std": 0.01527525231651948,
        "sem": 0.008819171036881977,
        "ci95_lo": 0.769381091434378,
        "ci95_hi": 0.8039522418989554,
        "min": 0.77,
        "max": 0.8,
        "n": 3
      },
      "1": {
        "mean": 0.7866666666666667,
        "std": 0.01527525231651948,
        "sem": 0.008819171036881977,
        "ci95_lo": 0.769381091434378,
        "ci95_hi": 0.8039522418989554,
        "min": 0.77,
        "max": 0.8,
        "n": 3
      },
      "3": {
        "mean": 0.7866666666666667,
        "std": 0.01527525231651948,
        "sem": 0.008819171036881977,
        "ci95_lo": 0.769381091434378,
        "ci95_hi": 0.8039522418989554,
        "min": 0.77,
        "max": 0.8,
        "n": 3
      },
      "test": {
        "t": 0.0,
        "p": 1.0,
        "d": 0.0,
        "significant": false
      }
    }
  },
  "raw_data": {},
  "success": true,
  "error_message": null,
  "duration_seconds": 29.489649799999825
}