path	sha256	structural_check	lines	semantic_scope
.github/workflows/publish.yml	be0488b3b88e68e1cfbfaf04b88eb0ab591b427fd92ba4dbcec37271cc3ef87b	bytes hashed	85	selected source inspected
.gitignore	9bc3f6c1a3e84590a80caa78f7a9cb003a51a7476c081f21a7dfc738c7816d05	bytes hashed	103	structural inventory only
.python-version	8dfda54ba2f66ab3a8ebab460f4338bbeea1fb1e0f85ce06fe3530aa3c64679b	bytes hashed	1	structural inventory only
.reference/AssemblyCalculus.jl.README	dd62cc030554035467d6d87a6fa1743cf3b0b838b506c2b63c7d57445388bf42	bytes hashed	13	structural inventory only
.reference/README.md	015e91f6bfd5a9ab37aa091c2dad3e2a14549afb7f5cee0f91543b7749a63ce8	bytes hashed	73	structural inventory only
CITATION.cff	ecf7ea3f2199defe22b379eab6b45a48c107ca4149a9afc02106294dd138d588	bytes hashed	83	structural inventory only
LICENSE	640725c2158217868bb99cd9feabae3f068afd3307f79afef9fa7bab67124c61	bytes hashed	22	structural inventory only
MANIFEST.in	272d6c03418c86e2b50329196245ebd065de8f4360877aaf33e16c0447750c81	bytes hashed	13	structural inventory only
README.md	d1844625e14852df92f5f6e43fbd521780cad46d11ee6244b41d0f95fd1bebf6	bytes hashed	330	structural inventory only
cpp/README.md	9865eb7724f6902cae998d97ddf3e92248dd4f3af86dc3471b61696db799107c	bytes hashed	60	structural inventory only
cpp/build_scripts/README_BUILD.md	1bb56d89d70bea48b457ee9683ffdd61915776bfb54810cc536b5c9d595730ff	bytes hashed	179	structural inventory only
cpp/build_scripts/build.bat	5013f17bb9bd3da6dbdfc93d7c4be3f623f270e4082a73035570328ec7c55fc3	bytes hashed	549	structural inventory only
cpp/build_scripts/build.env.example	6e3165a751ea3e162bf2589fff03960ed6c0f16e790adc4c053caa97e7f79303	bytes hashed	74	structural inventory only
cpp/core_cpp/brain.cc	042818c95af511907e6a263e03c9b9543667f45e4b1ec2da30531b69bed115b1	bytes hashed	553	structural inventory only
cpp/core_cpp/brain.h	7e8e318ff352690304063a89a44ad23692bd58ebcc2a79017eaa7828d5a886ee	bytes hashed	107	structural inventory only
cpp/core_cpp/brain_test.cc	1f880f5604b895832cf868e1400c88fc0d356ac5c21a6a1a9bd38a5dc8d8912e	bytes hashed	191	structural inventory only
cpp/core_cpp/brain_util.h	aed47588ae92a57044b4353343347ac282e42464882559310a21a2fe8bb86f92	bytes hashed	26	structural inventory only
cpp/core_cpp/pybind11_wrapper.cpp	6018581dc9abce36476f2ea97554adb2454bbbad19ba4f3960c2b9c87a0422e7	bytes hashed	133	structural inventory only
cpp/cuda_kernels/assemblies_cuda_brain.cu	9ad52c232d32be17e1fb649501a890581125769c4d4f5c46e08cde0cf470e7d5	bytes hashed	343	structural inventory only
cpp/cuda_kernels/assemblies_cuda_brain_optimized.cu	6765d4e8540d05cf5fe606d7c80dbeb0d903810428c55ea6aee2897edf9f21eb	bytes hashed	863	structural inventory only
cpp/cuda_kernels/assemblies_cuda_kernels.cu	ec98e7800d5f58302fcee15186acf52aa640602815431850b1248788e2d9ef52	bytes hashed	281	structural inventory only
cpp/cuda_kernels/assemblies_cuda_kernels_optimized.cu	f862cfed0af06fc7eee42606b984908d2f27ff8f63a704b1b16173387f25baee	bytes hashed	452	structural inventory only
cpp/cuda_kernels/assemblies_cuda_memory.cu	6da6e16315d7d73614462a36974b9e4597a786ad26a3d5ec097d07215b887a66	bytes hashed	222	structural inventory only
cpp/cuda_kernels/assemblies_cuda_memory_optimized.cu	7b717cbd823b4870880f528924af2d7db77cd01cd306669bd8c583295f401cb4	bytes hashed	495	structural inventory only
cpp/cuda_kernels/assemblies_cuda_optimized.h	0d2b78b02072439d2b8217040c5d0bcdf6afc4b66cd357fd8eeeca8b10536970	bytes hashed	175	structural inventory only
cpp/cuda_kernels/assemblies_cuda_wrapper.cu	0e35195f2bbeda3c9752a2610e8cff898cc392f8f8b9582ac62379564ce54724	bytes hashed	172	structural inventory only
cpp/cuda_kernels/assembly_projection_kernel.cu	871ae9c3b635d821c2280f9b2dbc8ec0cc4047f8d2eeb05b654d3e042c85e28c	bytes hashed	373	structural inventory only
cpp/cuda_kernels/build_all.bat	1850f82c8da8c340d50e52ba01451985d05f044fcacaa759c495477363b0eba0	bytes hashed	102	structural inventory only
cpp/cuda_kernels/build_dense_kernels.bat	c5c788a85584495a795b4747abc6bd43a807dfcf7ed5fbfe1849f641fe88505e	bytes hashed	21	structural inventory only
cpp/cuda_kernels/build_nemo_kernels.bat	742a67f4345e49c08955d828ff3cf333d60089bf0e6a89051e42ced43dbc91c1	bytes hashed	53	structural inventory only
cpp/cuda_kernels/build_projection_kernel.bat	0d869205e6b1542004a0cc13cd56966ee291e92991f768dd47a9ed804cd386ca	bytes hashed	18	structural inventory only
cpp/cuda_kernels/cuda_brain.h	c6709e05d0caba75029bb1e7da4c145dd66f14317485126ea344e6a849eec8da	bytes hashed	188	structural inventory only
cpp/cuda_kernels/cuda_kernels.cu	f612705bfb707a9097dd4902661aa214098af4cc3192c2a9932a035087f1c61a	bytes hashed	204	structural inventory only
cpp/cuda_kernels/dense_assembly_kernels.cu	afad79d8509c201c62859cc6234be2e6e861896c9301ee032f8c48377548bdb5	bytes hashed	408	structural inventory only
cpp/cuda_kernels/nemo_implicit_kernels.cu	ce932a80bacb2368e05b55d54d493428adee047b2fdab6d495fcd2b2efca7ab6	bytes hashed	536	structural inventory only
cpp/cuda_kernels/simple_cuda_brain.cu	d7177df25e8f775277d161edb8b53e728f5c3f8c6be6f7efe4534362aaf3c05a	bytes hashed	130	selected source inspected
cpp/cuda_kernels/sparse_assembly_kernels.cu	c2a628c9fe2e63ef8dd495a61bca451102b9dcf4ecbd3d34ddbf7882bc045f11	bytes hashed	437	structural inventory only
cpp/cuda_kernels/sparse_assembly_kernels_v2.cu	c199bfb46b1ea5943ef77faa5da7534f01e110a291ceb1e64759c70f5af0ae30	bytes hashed	309	structural inventory only
cpp/cuda_kernels/tests/README.md	002a369feaf0c3d29e2bc228c5fb556e6084b4599a383100a4ef5688409c4a13	bytes hashed	154	structural inventory only
cpp/cuda_kernels/tests/algorithmic_improvements_test_20250923_113504.json	1e591f1d977df0b87ef568409d9acb57b2af10789e50f5421d03e4bd8b281c97	bytes hashed	179	structural inventory only
cpp/cuda_kernels/tests/build_tests.bat	2fcc59e65791cb0efd548bc5458adf52ced64bd857642b69375e5a4e1ba9290c	bytes hashed	151	structural inventory only
cpp/cuda_kernels/tests/build_tests_simple.bat	0454b171c4193d836ff04508ed9f839f915944892a59cc5ce57c53e90d145f3f	bytes hashed	83	structural inventory only
cpp/cuda_kernels/tests/run_tests.bat	89bec8a4acce9c17a4c077185464fdb89ea363359672c7600830bade97929e20	bytes hashed	176	structural inventory only
cpp/cuda_kernels/tests/test_algorithmic_improvements.py	4f2cda6339cc2b7bf8d14196d685774c52b2776c2c8829b50003fe5b0c98de9c	Python AST parsed	360	structural inventory only
cpp/cuda_kernels/tests/test_benchmark_suite.cu	251f0ed3a3633a7df105bdcca7011a5fd6473d3f7179ec7254a7987e459db119	bytes hashed	383	structural inventory only
cpp/cuda_kernels/tests/test_consolidated_kernels.cu	2362bc6e9b6a6f0ebf380f9ec1ae616919efab9d31c6af9abf3bd5e767214040	bytes hashed	500	structural inventory only
cpp/cuda_kernels/tests/test_memory_coalescing.cu	960cd1025831c51634ca09b0d41c3f9d6cf9a1b64d283d4fec4acda191137c81	bytes hashed	395	structural inventory only
cpp/cuda_kernels/tests/test_radix_selection.cu	f15948996da1f5d4119d6f07d952903300cb4e940f2ed7447976a486edb2b501	bytes hashed	417	structural inventory only
cpp/cuda_kernels/tests/test_warp_reduction.cu	d4f1449466625181eb4d3deb446e7fb37c07f3b43b23a9c8325c8989cbaf2988	bytes hashed	398	structural inventory only
cpp/documentation/assembly_calculus_implications_summary.md	24f5ca8a728936ffc4d13b6f2bb6c53611d13172cab682fc41373cefb7854898	bytes hashed	213	structural inventory only
cpp/documentation/gpu_acceleration_analysis.md	cd304c786714bb089fcb05288c2cd3cbfbb9585989692d08683289daeab0fbb3	bytes hashed	219	structural inventory only
cpp/documentation/key_papers_draft.md	7346a12430e96cebb066eab642b568fb7ad902fcc2f52c06523a9cca29fbc5ed	bytes hashed	226	structural inventory only
cpp/documentation/paper_ecosystem_draft.md	9b42b2a3268895d9027f00aeeebd6cb595e589b0e3bf54bd26b2acabb2d7157c	bytes hashed	290	structural inventory only
cpp/documentation/research_questions_detailed.md	39f317fa58144d680c5117adf1886d41f9d43ee9fd98759958ef331c7209430f	bytes hashed	229	structural inventory only
cpp/documentation/research_roadmap_scientific.md	79c8936fcf15d9f5c78eee4276276d7ec75c350393afe284175f63f36cd890f9	bytes hashed	344	structural inventory only
cpp/documentation/scientific_critique_and_reframe.md	68afde44c14699512fa7d1e5f727bd877be4e879a77a506ce97d9f55f2735adf	bytes hashed	264	structural inventory only
cpp/python_implementations/README_ORGANIZATION.md	6cdf0a793675c40856f31b07b2cea6b773f8a4ebfa606ff793759a76567aa63c	bytes hashed	192	structural inventory only
cpp/python_implementations/analysis_tools/assembly_calculus_implications.py	3d5d2da7569d7af7560d1001c08c92dc4b2b7572915e36b1e753e4b860079b3a	Python AST parsed	403	structural inventory only
cpp/python_implementations/analysis_tools/comprehensive_dynamics_analyzer.py	a1979c44cd859918af4b97e603b52435f3c695a97dffccc49216a7a174c24378	Python AST parsed	367	structural inventory only
cpp/python_implementations/analysis_tools/fixed_hodgkin_huxley_analyzer.py	cb8496a76ed6e5745abcff8cb58adfdc39739ec174b038f0f08a168b415ec5af	Python AST parsed	415	structural inventory only
cpp/python_implementations/analysis_tools/realistic_brain_simulation.py	59853da5647c768f8e01cfd83efa796a575ce99e534da4450acdb831e176c6c8	Python AST parsed	297	structural inventory only
cpp/python_implementations/analysis_tools/simple_working_hh_analyzer.py	f81b238984e6aa9a6481ce1fcf93d480d59c3ec403c749e13dcbca0d7a8d90d5	Python AST parsed	378	structural inventory only
cpp/python_implementations/analysis_tools/ultra_granular_timestep_analyzer.py	9c3e26fa1d3a89f6e125c191427c49fd4a086c4a4751e0553f03930a15ed6243	Python AST parsed	332	structural inventory only
cpp/python_implementations/analysis_tools/ultra_realistic_purkinje_brain.py	36e8024803a059b1d3f70fb1d6d4b21895f82e464f9079eed58519da6013bacb	Python AST parsed	368	structural inventory only
cpp/python_implementations/analysis_tools/universal_analysis_suite.py	3943c3be5fe1d4ddb3b1e91cc640cb97576febbadedf9c31e192f7cc406988e6	Python AST parsed	605	structural inventory only
cpp/python_implementations/analysis_tools/working_purkinje_brain.py	f4737766ac9f7c2b3340cb9a1725087a2de3a2d8efc1323704fb7942a24d01a3	Python AST parsed	316	structural inventory only
cpp/python_implementations/benchmarks/billion_scale_benchmark.py	a6293c35a969bd90e5f911123a59ef6527768c597b5f262707f07ebcf2178435	Python AST parsed	283	structural inventory only
cpp/python_implementations/benchmarks/custom_cuda_kernels.py	5cb4cde91033ff0f3b280167c92a093baffe890c2be4ab10a13e37407acbbf7f	Python AST parsed	247	structural inventory only
cpp/python_implementations/benchmarks/custom_cuda_wrapper.py	849a9f8fe5d935ec4a199f93cb8bca5e5080d5c24689b2506a9c3e502441c692	Python AST parsed	179	structural inventory only
cpp/python_implementations/benchmarks/dense_pattern_completion_benchmark.py	44793cefc3f52793239b00648ec996b7356da8e4f3f3973119a4a917e4a08d81	Python AST parsed	348	structural inventory only
cpp/python_implementations/benchmarks/full_benchmark.py	cf291aaabb64afe5fb397e1a6bcd2f28ebb98fc2322b62f27ea1e453495f7eeb	Python AST parsed	263	structural inventory only
cpp/python_implementations/billion_scale/billion_scale_cuda_brain.py	2472186449c9f1c74c5619fea4570859da2bad8e976907d572c216b288a811c6	Python AST parsed	294	selected source inspected
cpp/python_implementations/billion_scale/compare_hybrid_performance.py	5b25f6c116f66693da678e0ad545ea32902502a9aaa97e5c940c9c8ab0a6c230	Python AST parsed	191	structural inventory only
cpp/python_implementations/billion_scale/enhanced_gpu_billion_scale.py	0b0bb38bdd2d339c0a5cb212e71a9ede51701777174cbb66438a064649e4bf8f	Python AST parsed	505	structural inventory only
cpp/python_implementations/billion_scale/gpu_only_billion_scale.py	c931d19f39aaffe09af0dd7523a3c309846436283af0682dcebeb1feea79bdb3	Python AST parsed	327	structural inventory only
cpp/python_implementations/billion_scale/hybrid_billion_scale_cuda.py	23a13e7de26722dcf9ad02958850af800d6eace290cb066d9dbb4c0164762b42	Python AST parsed	433	structural inventory only
cpp/python_implementations/billion_scale/optimized_billion_scale_cupy.py	5adb996b85a62aac993e5be1ae4573b1ad714a8269251e58e94b3d61592dfac5	Python AST parsed	247	structural inventory only
cpp/python_implementations/billion_scale/ultimate_billion_scale_brain.py	db0778b950c7bd48733c48b30a615a7f16f6eade3b25d0de74b9de5aaae4fc40	Python AST parsed	640	structural inventory only
cpp/python_implementations/billion_scale/working_billion_scale_brain.py	f8ac74b604bb28179966bbd4021d6127f83263bed8fc3c7d13c3673b233f28c5	Python AST parsed	368	structural inventory only
cpp/python_implementations/billion_scale/working_gpu_billion_scale.py	c3e25d40a0d8e7179e198d4ff63ed751b2342f0bd4df458a9095ba4a8c656411	Python AST parsed	360	structural inventory only
cpp/python_implementations/core_implementations/README.md	0d1dd6160433358226af99227b52308edb736f3a27da28c72095d4cc65d2d016	bytes hashed	159	structural inventory only
cpp/python_implementations/core_implementations/analysis/README.md	678009b00db4a0a2e2a86752499a05ac91fc5f989febc47d2e6f0437ae67d52c	bytes hashed	24	structural inventory only
cpp/python_implementations/core_implementations/analysis/cuda_manager_refactor_example.md	4a4a2a1805a6215c8996530c8a19cc66e670d011bbb6f3a7b8f90053a257f335	bytes hashed	434	structural inventory only
cpp/python_implementations/core_implementations/analysis/ideal_architecture_analysis.md	3cf3e333dfb64fafdf62a4764d5bf3563c21a66eb470945e7400bbf9e0b03453	bytes hashed	203	structural inventory only
cpp/python_implementations/core_implementations/analysis/implementation_plan.md	72d03039f05e209b3331c0e301a9ec651a9e7150cba4280d16547a6a1ded4403	bytes hashed	421	structural inventory only
cpp/python_implementations/core_implementations/analysis/memory_access_analysis.md	fa394229c09b1488f68acc877a4dad0a6500130ea7dbc5b7f7e3c0de30ad32c9	bytes hashed	246	structural inventory only
cpp/python_implementations/core_implementations/analysis/modularization_analysis.md	7eeb0d68e8986236e50678ccac10597ba0b5d3a4992b9ef4ff27a62a056f42c3	bytes hashed	223	structural inventory only
cpp/python_implementations/core_implementations/analysis/neural_oscillations_analysis.md	8e0df12fc8489c9bd9ecaf541423454b133aeb80e99d473736beae832b96c27d	bytes hashed	423	structural inventory only
cpp/python_implementations/core_implementations/analysis/neural_oscillations_summary.md	9af4a26cf0dfb56e7444305b787fcfbf82c6f60573dce62de9de6190771a9200	bytes hashed	237	structural inventory only
cpp/python_implementations/core_implementations/analysis/quantization_analysis.md	055614ecb276f5c48d84b2a76741d9e259f4733f4c814dfd9a10de17da48794a	bytes hashed	297	structural inventory only
cpp/python_implementations/core_implementations/analysis/quantization_implementation_plan.md	4b362d4997558df3dd0ac7b0800cd4bf0eb17faa811dd821fc70c26e218063b8	bytes hashed	453	structural inventory only
cpp/python_implementations/core_implementations/analysis/quantization_summary.md	63882d5f96c248fe38c2275ed6c5d00dfd09e5845be826458f501e13b9e72dbe	bytes hashed	202	structural inventory only
cpp/python_implementations/core_implementations/analysis/refactoring_summary.md	702b2336373e29c13c00faa02dafbbc13cedce7efc72814ba862d63c7aa0bec2	bytes hashed	131	structural inventory only
cpp/python_implementations/core_implementations/analysis/smarter_refactoring_analysis.md	ff0d8458b849f898a564005405a50faae155d13e2ae7b621534c03b753c5f0e0	bytes hashed	273	structural inventory only
cpp/python_implementations/core_implementations/experiments/README.md	ebd83ec51013d37e3731a1a84de4e5b36a67f9dbd26480385a76e0943038ac4b	bytes hashed	24	structural inventory only
cpp/python_implementations/core_implementations/experiments/bottleneck_analysis.py	81e7cfa4604c3b043c6d7ff149f0be889d12435f2b3230d6b03bd4d595047daa	Python AST parsed	489	structural inventory only
cpp/python_implementations/core_implementations/experiments/extreme_scale_sweep.py	61eb0d6446d8859963f1f3b5be94a616a865f61fbec4dd8debcf518e6114ad3d	Python AST parsed	437	structural inventory only
cpp/python_implementations/core_implementations/experiments/fix_errors.py	3fff761a04577831ee8b03716bc38c3c9bfa16a3ede6a429921d7877b45a1968	Python AST parsed	180	structural inventory only
cpp/python_implementations/core_implementations/experiments/oscillation_demo.py	8e2886b79823a5ed967dcd770832729ba0cebabfcd0d6d771b6ba1db0096a51a	Python AST parsed	411	structural inventory only
cpp/python_implementations/core_implementations/experiments/quantization_baseline_test.py	970f9d341c7054fd4c6e40b85f5e308c81d63f9c2123df693edfed3a7ec4976b	Python AST parsed	426	structural inventory only
cpp/python_implementations/core_implementations/optimized_implementations/README.md	9d8d50c6291945766b12bfe99d7253f878a46b8dac8a58db0373550e9bc4481b	bytes hashed	101	structural inventory only
cpp/python_implementations/core_implementations/optimized_implementations/billion_scale_comparison_20250924_015357.json	60f1c6c6e9c2900f9913627ff0d955fe7dba06951e63c01c5c194e33f735891f	bytes hashed	164	structural inventory only
cpp/python_implementations/core_implementations/optimized_implementations/billion_scale_comparison_test.py	35ea5f877dfa35c4de00bca186fd11f28a36686e11490e2da13f397ea6c0c33a	Python AST parsed	333	structural inventory only
cpp/python_implementations/core_implementations/optimized_implementations/billion_scale_demo.py	04960616ea07393e6efb2a6d9ad6cf9745e1f6b16216367d066cf5c816a274f8	Python AST parsed	190	structural inventory only
cpp/python_implementations/core_implementations/optimized_implementations/billion_scale_demo_20250923_130803.json	b2afcadf25930b9458261bd01716d353c7c87fcf558bda190b6f05118f265d01	bytes hashed	52	structural inventory only
cpp/python_implementations/core_implementations/optimized_implementations/billion_scale_optimization_test.py	0345636450211ae37c51dd85991758d1a21f5af01c391a59e54107a97e70f8cd	Python AST parsed	344	structural inventory only
cpp/python_implementations/core_implementations/optimized_implementations/billion_scale_test_20250923_130707.json	a28ca8a048d2eed0d31aa6e6832fb3d5ea20f84c58443c3478c2da38075e2a38	bytes hashed	72	structural inventory only
cpp/python_implementations/core_implementations/optimized_implementations/optimized_brain_simulator.py	8fb3edae324fc8afaade3f48152f550f55b385c6e5dc6ef0c0866fb976145973	Python AST parsed	461	structural inventory only
cpp/python_implementations/core_implementations/optimized_implementations/optimized_implementations_test_20250924_015740.json	fda02126347d3624effa21938342b52f017b4a126064aec866df2cb0078f8efe	bytes hashed	62	structural inventory only
cpp/python_implementations/core_implementations/optimized_implementations/simple_billion_scale_test.py	485ec276fffa4b69e6bc2ddb94b02a619340be79d23b8a5a687ca9a871fb5f87	Python AST parsed	265	structural inventory only
cpp/python_implementations/core_implementations/optimized_implementations/test_all_optimized_implementations.py	1281c32ecb70115fab651be3981c843d585e1f886b57a973b6dfbe933d0c7fff	Python AST parsed	434	structural inventory only
cpp/python_implementations/core_implementations/optimized_implementations/test_optimized_vs_original.py	1a4aa53e4b60d2dbfe31cb7efef06ae67bbda17a40329d3b7e2b599c056bfe48	Python AST parsed	243	structural inventory only
cpp/python_implementations/core_implementations/optimized_implementations/universal_brain_simulator_optimized.py	b439af5c3268501de482e0e509f35396121f2decc73b2d2677ce927945d4f6d9	Python AST parsed	661	structural inventory only
cpp/python_implementations/core_implementations/results/README.md	c21b3bf8bdf4d5fa3ff202a78fa7db4daf03a25c0d92021fb61862d33cb249c2	bytes hashed	53	structural inventory only
cpp/python_implementations/core_implementations/results/bottleneck_analysis_20250924_033324.json	7c24ec2bdaa467dca4cc3e09e8ef32eb39ce5e833b6886ff43292f80e495aa53	bytes hashed	327	structural inventory only
cpp/python_implementations/core_implementations/results/large_scale_test_results_20250924_034444.json	8ca30f33a403cef3bcb359f9b6f1c932d8ad07aff39ee20fba7e301abb1e2fea	bytes hashed	271	structural inventory only
cpp/python_implementations/core_implementations/results/oscillation_demo_results_20250924_043523.json	0d28c9002e897d1e806b74c6aa6dbd1ffd9b059f125e71613888f1e17ebd35da	bytes hashed	297	structural inventory only
cpp/python_implementations/core_implementations/results/quantization_baseline_20250924_042907.json	d8ce55728bcdd978143f2ba2af96ac71fa35ae1b271975d74e1cde9b0e552088	bytes hashed	70	structural inventory only
cpp/python_implementations/core_implementations/results/test_profile.json	ef03183af90f529450cc74a0ae14d53b3be395008804f792650dd1c03e4523f2	bytes hashed	80	structural inventory only
cpp/python_implementations/core_implementations/tests/README.md	5cc980a27ef1dfd609f2f2932241b737a47a5ad89304e9477bdbf6b4d9645595	bytes hashed	36	structural inventory only
cpp/python_implementations/core_implementations/tests/compare_implementations.py	9ea7833b4d6612bcc2b25ad17db949f3584e756b5aa610f0aa082030f2f46c11	Python AST parsed	253	structural inventory only
cpp/python_implementations/core_implementations/tests/test_all_optimized_implementations.py	1281c32ecb70115fab651be3981c843d585e1f886b57a973b6dfbe933d0c7fff	Python AST parsed	434	structural inventory only
cpp/python_implementations/core_implementations/tests/test_cleanup_fixes.py	831affb790d88670b2deb2cc5929457b64f5f4bb2a4de8148f4c7152fe8c2465	Python AST parsed	64	structural inventory only
cpp/python_implementations/core_implementations/tests/test_client.py	f4aec6d24e6100be929b6bcde26ba238cd83a1c6cab3761769e22bd5fe15b00a	Python AST parsed	213	structural inventory only
cpp/python_implementations/core_implementations/tests/test_comprehensive_cuda_kernels.py	ab8be4e8f016d463c37493681364c701175dadaadcfbc2f122db1c8b139397e3	Python AST parsed	450	structural inventory only
cpp/python_implementations/core_implementations/tests/test_conservative_scales.py	810e2f8494be78ca6871edccaba140012aedbe56cefd483b042df5255ec97d89	Python AST parsed	215	structural inventory only
cpp/python_implementations/core_implementations/tests/test_core_operations.py	282fa1a9d60652db248d734f756cd9226b502abe6ca12e35027fdfbf695377b7	Python AST parsed	490	structural inventory only
cpp/python_implementations/core_implementations/tests/test_cuda_kernels.py	5fd7e393f9d3cfa0294c7e479349326243325951d31c64dd74a8d68a83ce0a6b	Python AST parsed	175	structural inventory only
cpp/python_implementations/core_implementations/tests/test_extreme_limits.py	e89c8c832854cc8c2aa536022ca040a79f1540c86a96a7619a4c39a9aed823b0	Python AST parsed	60	structural inventory only
cpp/python_implementations/core_implementations/tests/test_extreme_scales.py	79f07a15062bf6cb39ae9bba4c9f393d829996c4c355b1882d09c74c74ceed15	Python AST parsed	234	structural inventory only
cpp/python_implementations/core_implementations/tests/test_large_active_percentages.py	463be9283217778636c1965d017fb08f84ffb6292bc22f83bbe1596f69efebed	Python AST parsed	263	structural inventory only
cpp/python_implementations/core_implementations/tests/test_large_scale.py	96972e9300735ed53b291f1e961655d1613f14714aacd59274e14fad955ff704	Python AST parsed	178	structural inventory only
cpp/python_implementations/core_implementations/tests/test_large_scale_cleanup.py	e3dd47d874329852c40baa5b4d6f72073712aa7b768e9bae674a32d32a5d41f3	Python AST parsed	65	structural inventory only
cpp/python_implementations/core_implementations/tests/test_large_scale_fixed.py	2acf9b3715291ea6638142302f4d2703a7b46febad2ccc1388f95e0cfd3b6d30	Python AST parsed	414	structural inventory only
cpp/python_implementations/core_implementations/tests/test_large_scale_new.py	5f272b3554ea5523ed0dc3b0c0128e2d478601104bb0c4fcb167a2fd81660d8e	Python AST parsed	106	structural inventory only
cpp/python_implementations/core_implementations/tests/test_modular_simulator.py	5ddb0172ead2bb65e36ebf7bb00cc8ad01ca05dad97a899e6c6b982d47406595	Python AST parsed	183	structural inventory only
cpp/python_implementations/core_implementations/universal_brain_simulator/README.md	c68e2e3eb3e2a740fa9f655e49adb1ef140a54023e3c575f222f3c8aa2b9e5d9	bytes hashed	257	structural inventory only
cpp/python_implementations/core_implementations/universal_brain_simulator/__init__.py	f138333f28ce25606748e1e2ac1afba6a31f48f12ebc218300df3a1350cd302c	Python AST parsed	107	structural inventory only
cpp/python_implementations/core_implementations/universal_brain_simulator/algorithms.py	551400917253fc552fc8e79e3e9697fe62abcb2cc1adca644c529af2c21a37f5	Python AST parsed	362	structural inventory only
cpp/python_implementations/core_implementations/universal_brain_simulator/area_manager.py	31decdf2409a9e73c7e0b772a79f4b32955c2321bb985e610fed49900ee3aaa3	Python AST parsed	200	structural inventory only
cpp/python_implementations/core_implementations/universal_brain_simulator/client.py	2fcf442e992637796d036c03c4949cdcbee1312d11e80cf566323e0be4db5611	Python AST parsed	408	structural inventory only
cpp/python_implementations/core_implementations/universal_brain_simulator/config.py	ef6ed5a67ab45e9d14c0eb502244b57fe7b8c9a95f42e157e239d686a5b905d8	Python AST parsed	139	structural inventory only
cpp/python_implementations/core_implementations/universal_brain_simulator/cuda_manager.py	5be58378d63ca3602010d130562e6982d7b390f9aed517ae27e8372f6f971605	Python AST parsed	237	structural inventory only
cpp/python_implementations/core_implementations/universal_brain_simulator/cuda_signatures.py	d64eb6187bdde94fd248220f4308016c04507b7ce959d53d7a62780018695bde	Python AST parsed	299	structural inventory only
cpp/python_implementations/core_implementations/universal_brain_simulator/examples/README.md	2a103b27a93e835170df8c50f10c6e8e28119ca40329706911b489dee5d1ec40	bytes hashed	169	structural inventory only
cpp/python_implementations/core_implementations/universal_brain_simulator/examples/advanced_example.py	0685c96c35e9c306fb45fac1c8ddff40e3b49027a0b87e2d08320d85784d992b	Python AST parsed	155	structural inventory only
cpp/python_implementations/core_implementations/universal_brain_simulator/examples/benchmark_example.py	b00c72137d09998915176f0a966f6b7434e311aac86530ae383ff795503b6c5d	Python AST parsed	75	structural inventory only
cpp/python_implementations/core_implementations/universal_brain_simulator/examples/performance_comparison.py	a2a48a151efcbe748841b67180ae06e938cc26d5e7f7f9569149daa7decb4dea	Python AST parsed	222	structural inventory only
cpp/python_implementations/core_implementations/universal_brain_simulator/examples/profiling_example.py	f935085ba5ea8b445a290bca672fec6cc6c07b4928361b6c15e43ea5eba97fa7	Python AST parsed	67	structural inventory only
cpp/python_implementations/core_implementations/universal_brain_simulator/examples/quick_start.py	78bc94ef1aa715c0b73457310f799a8d6e6cd7a7ffcbda4ed651fe4564dcff6d	Python AST parsed	43	structural inventory only
cpp/python_implementations/core_implementations/universal_brain_simulator/examples/scaling_example.py	4213b642e01710ae640d71ede75f761d6a76b7e82cb77e0e60439fefad83917c	Python AST parsed	141	structural inventory only
cpp/python_implementations/core_implementations/universal_brain_simulator/memory_manager.py	830dc650fb49011497b3d38755a04a5da7a746b4a6284a431385da2a6fcdeaf0	Python AST parsed	270	structural inventory only
cpp/python_implementations/core_implementations/universal_brain_simulator/metrics.py	e71c981213406a646815026c6334f93f5251b3a6a23a4b90ce11bc4824b53ad4	Python AST parsed	210	structural inventory only
cpp/python_implementations/core_implementations/universal_brain_simulator/monolithic_old/universal_brain_simulator.py	23945e0a376cc102ff226f30b2898e51f1eb7f7c933b998dbcec86fa5b4bdc80	Python AST parsed	767	structural inventory only
cpp/python_implementations/core_implementations/universal_brain_simulator/simulation_commands.py	678f2fa1cc33eff2fe7763fb52be0655888e781b2d97dddbc9bf36cc567ac0bd	Python AST parsed	387	structural inventory only
cpp/python_implementations/core_implementations/universal_brain_simulator/simulation_engine.py	56e6726137512da1cbe51bc66459a375b0ea837e0598e78ea05c6869ffc72243	Python AST parsed	228	structural inventory only
cpp/python_implementations/core_implementations/universal_brain_simulator/universal_brain_simulator.py	f4d10d173149d7b09e6d6122e173ead3ab4642c2ae19832ed94dfd54feaef425	Python AST parsed	273	structural inventory only
cpp/python_implementations/core_implementations/universal_brain_simulator/utils.py	ae80a4375e68b8745f024ec45d0584a59d5bc35fb28fd470dde48643ceb6f390	Python AST parsed	226	structural inventory only
cpp/python_implementations/optimizations/final_performance_comparison.py	b065e22e8f4ac7aee227c63ec2423fcaa57f2ab4ecd376655c90be9a4f773114	Python AST parsed	256	structural inventory only
cpp/python_implementations/optimizations/ultimate_optimization_suite.py	d960ef57ef005897e14329a7dbcafd5b7d0bd8a8f977535d011a74227278788b	Python AST parsed	621	structural inventory only
cpp/python_implementations/profilers/README.md	b8de2ceecfa2061dc6ec190eb895c21d8aa670e228ea2713a7d8c58bcd6da7a6	bytes hashed	21	structural inventory only
cpp/python_implementations/profilers/__generated__/area_impact_analysis.png	512191661f426133b25fa28c4543fe0f3d220710e9c51b1449d7b3152f04c1c4	bytes hashed	0	structural inventory only
cpp/python_implementations/profilers/__generated__/efficiency_analysis.png	7216b915e4b2384c3cee922db79e55da2b85725424f3849204f4a240e81042f1	bytes hashed	0	structural inventory only
cpp/python_implementations/profilers/__generated__/efficient_profiler_results_20250923_032907.json	a1b11e4c8c69811a0ebffdfd3ac29f272d03ea9591172b15c6719a9c190097db	bytes hashed	53	structural inventory only
cpp/python_implementations/profilers/__generated__/fixed_memory_profiles.json	3a3bdb0deb9d0971f4e667b3a39eb9c1618c8360e2a010ab344e05191c4ec06d	bytes hashed	102	structural inventory only
cpp/python_implementations/profilers/__generated__/memory_efficiency_analysis.png	693ff201d9359bb7bed1dc1107d96c85228f63ad5a943d5cccc943b05101a7b5	bytes hashed	0	structural inventory only
cpp/python_implementations/profilers/__generated__/performance_heatmap.png	0daaa30d9620a024629a2ca38c8059df8f99fa5ecb5ecc1202c6735d49dd4bc8	bytes hashed	0	structural inventory only
cpp/python_implementations/profilers/__generated__/scaling_laws_active_percentage.png	3ae1727c1852d437c23446ab6af1dc647f179788982f516fccdab44eccf1cf55	bytes hashed	0	structural inventory only
cpp/python_implementations/profilers/__generated__/scaling_laws_memory.png	7f4758818ac4647f5bb8949265964456a02c0e500dbbb25ee611f93b5f93fa32	bytes hashed	0	structural inventory only
cpp/python_implementations/profilers/__generated__/scaling_laws_performance.png	17b1b8d7da6ca6c6afb91a9b35162723d1fcd87b52e59499c67fff93655cb4c4	bytes hashed	0	structural inventory only
cpp/python_implementations/profilers/__generated__/scaling_laws_report_20250923_033342.json	c7ace2e7bf41181af9c57b722bea2810d577f78c7f6b51a5cdbdd4bcaad743b1	bytes hashed	465	structural inventory only
cpp/python_implementations/profilers/__generated__/scaling_laws_report_20250923_033741.json	03e28caa2f4b3ea5a529a257defbbc7841c01710c2d6b2bf04f6459f84adc166	bytes hashed	686	structural inventory only
cpp/python_implementations/profilers/__generated__/scaling_summary.png	488ab338de5cb01cfd2ea6f34778964ea8f25a7473607291e380037f04deed4b	bytes hashed	0	structural inventory only
cpp/python_implementations/profilers/__generated__/systematic_scaling_results_20250923_033647.json	ad16100ea8e5f8e931feb46eec0f9c637f87f684b8a13416df978384d356e909	bytes hashed	439	structural inventory only
cpp/python_implementations/profilers/__generated__/throughput_analysis.png	0225c5aa704567edd5aace02725771bc15ddb1dccea9b5099082a764ffbe3508	bytes hashed	0	structural inventory only
cpp/python_implementations/profilers/__generated__/universal_profiler_profiles_20250923_032740.json	132f5a6fd4d1815427a98fe67399640ef3a8a6a966f8b6a6b2bba4b21ba1ca7a	bytes hashed	90	structural inventory only
cpp/python_implementations/profilers/__generated__/universal_profiler_profiles_20250923_034609.json	fcb6c21643e9161461930f0f6ff52aee46c20e57f6b8fc1421c867ec0a420bfa	bytes hashed	7350	structural inventory only
cpp/python_implementations/profilers/__generated__/universal_profiler_profiles_20250923_035144.json	d5559e895d1c648c8323e5ebb9694b846af36b2189fc69b28b4cee1ca1fab727	bytes hashed	90	structural inventory only
cpp/python_implementations/profilers/__generated__/universal_profiler_profiles_20250923_035308.json	e15d8440707fd1de71c4c712eba13026309d990210cb6e166e03bb53494b80e3	bytes hashed	7350	structural inventory only
cpp/python_implementations/profilers/__generated__/universal_profiler_profiles_20250923_035458.json	1c276b00e67ac7d6623aec5c4921f997dc5e7bea133aa5b90d3c25dd1efa5536	bytes hashed	90	structural inventory only
cpp/python_implementations/profilers/__generated__/universal_profiler_profiles_20250923_035550.json	7dac8dd51a8971f55d0c78e968ac770aed7c809148ba7f2fee4abb2491c48856	bytes hashed	7350	structural inventory only
cpp/python_implementations/profilers/__generated__/universal_profiler_profiles_20250923_044607.json	dcc0920be9eba93d4fa084de1bf3273181585453f129f72d888fa04a77fcac60	bytes hashed	28998	structural inventory only
cpp/python_implementations/profilers/detailed_performance_analyzer.py	0c6bf982340960fa270b593c3ab93594f200e98f28781087cc130f488b45084d	Python AST parsed	338	structural inventory only
cpp/python_implementations/profilers/efficient_profiler_architecture.py	4263e57559f2353a87d37be7232cdddf776360dca89c403ae022c03c1c5bad4b	Python AST parsed	327	structural inventory only
cpp/python_implementations/profilers/improved_scaling_laws_analyzer.py	b155cf79704b357656900b0882d5a31fb0edc03fae36039c74ac3e419956bf37	Python AST parsed	470	structural inventory only
cpp/python_implementations/profilers/scaling_laws_analyzer.py	8db2f253cf96590cc2acdda92b04366e2f91a042333118004c4e4af5573a42ba	Python AST parsed	348	structural inventory only
cpp/python_implementations/profilers/test_improved_analyzer.py	adcad40d9f3ab093a3101db04f22a51c4df1688c7aa45b81094d2913d9e5a64e	Python AST parsed	287	structural inventory only
cpp/python_implementations/profilers/theoretical_memory_analysis.py	37bea4b2d4ce9d83be3804293dc322d9c150d9569086180c336296837af86c0e	Python AST parsed	179	structural inventory only
cpp/python_implementations/profilers/universal_profiler.py	41f80fdb646310a7fb3312592fd2959958728aeadd47a3f56cf30c5b945814f6	Python AST parsed	1232	structural inventory only
cpp/tests/debug_memory_test.py	b594a81793e4df780665e56bc3242c58aba6348343370e33fc604787b789a01c	Python AST parsed	210	structural inventory only
cpp/tests/debug_scipy_sparse.py	28275333af123f8d8d4486473534350e6147eed07f8441d52c9c4e55eaf36cc1	Python AST parsed	267	structural inventory only
cpp/tests/test_cupy_simple.py	a72aad735fe633545aea7130beeac97af7f8db67baea023be062fa2651743a47	Python AST parsed	140	structural inventory only
cpp/tests/test_extreme_scale_cuda.py	03e5e2ad9639d2db8ca994958168fe99a51709ca595dd9b38a13994ab3812cdc	Python AST parsed	284	structural inventory only
cpp/tests/test_gpu_memory_cuda_brain.py	4fc609572cd6c6277060514a26a6214a0ad05085ae79c6e6fa320dd24694d1f8	Python AST parsed	188	structural inventory only
cpp/tests/test_ms_per_step.py	b95de75889dff4c0eb9255d148eeb3ab868a50b89b79c4e0423fd8eca677cf24	Python AST parsed	113	structural inventory only
crates/Cargo.lock	b51676bbbbf38554d364f5f2ba1828c54223e4cbdb43dd57c81384e3a6f48749	bytes hashed	390	structural inventory only
crates/Cargo.toml	27d9765ddfed679e95b20cd2bb3944325121745540f578ea3cc08989c6fdd208	bytes hashed	12	structural inventory only
crates/assembly-ir/Cargo.toml	27f737d46e10a529bbb62fa69ed7fbc1d0d6162219c79459c79a1b351d9b862b	bytes hashed	10	structural inventory only
crates/assembly-ir/src/lib.rs	4e49aef919acf600f8d92779f940e8c163d1f35002c9171ef8df0fd8f6cd4916	bytes hashed	66	selected source inspected
crates/na-kernels/Cargo.toml	9ac515cc242f24d34eaf5391709dc284927b4ee5307767556355b2ad4c261248	bytes hashed	15	structural inventory only
crates/na-kernels/src/lib.rs	d8c6f8509413f69515c381f31c31df653980fabffb7191e2c3f205268701d35e	bytes hashed	865	selected source inspected
docs/README.md	c31e843d8159c3744e65866d1e41c11e8af9c786a4179e78f50c868cd015ea1b	bytes hashed	47	structural inventory only
docs/RUST_KERNELS.md	7d26df3a8babd8ebd6ecfb288a78c0b0c48cafc46c3a11eba3d5e922c0f5a36c	bytes hashed	94	structural inventory only
docs/api.md	78dad604599be9d5e451dd11d6fd7e97dc322170ee01c876d5458f269cdb0a18	bytes hashed	260	structural inventory only
docs/architecture.md	7bec76891e345f5c21f030a6a21004c4889253dc7e15161740c6c824bbc7834d	bytes hashed	172	structural inventory only
docs/claim_audit.md	d0b8d5451794061a7a34a12953bd79bde6a9a23622048a1ce65b4a79ebbdc721	bytes hashed	315	structural inventory only
docs/contributing.md	31e5a095aa2a3ba3fe66480a218d3f1035d3f09f10daab586e237d63da6d73d9	bytes hashed	27	structural inventory only
docs/documentation_style.md	50e82d4ea5b56f01d91734f4f56d9d1bbe60bfb334432a0f3f494dcfcc6d276a	bytes hashed	114	structural inventory only
docs/gpu_scale_design.md	84e82d1d5009ac92e987eadfe0ab4581700a7020fd1cd3e445d146b0072a159f	bytes hashed	346	structural inventory only
docs/literature.md	02f5171ef32ea6ad280ad9303503bbebff26d6696c28d21d5de39065a555a885	bytes hashed	236	structural inventory only
docs/onboarding.md	e51b323f686154398ba533b3bfda4e13e8950009c7b4d08412e550814ec8c0cc	bytes hashed	130	structural inventory only
docs/packaging.md	63ee3d02d3172264d39766d1ec9d531e117009f3177b916ebcd0a69a16fa85b3	bytes hashed	146	structural inventory only
docs/project_context.md	084088adf5189724664da338ea96ab7a5ce770c329f36e2400deee5666ea42ec	bytes hashed	121	structural inventory only
docs/references.md	113a2b5e89f54fdab951507c44ec2fa7975a8bc021113e235ad6973de3b43c90	bytes hashed	112	structural inventory only
docs/register.md	7d1af35fb6ffea1c0a450741a49b57891a421bcb094771cd4d1245df2a387a1b	bytes hashed	414	structural inventory only
docs/reviews/2026-09-09-codebase-and-research-organization.md	591fb539aa1bb01d19a3ee98c170b372661f7b3a41c6de00fd778345059d5e3a	bytes hashed	208	structural inventory only
docs/reviews/whole-codebase/audit.py	c5d3bb194ddacfe9e4425606452fbc2bedf406c1e390254c0a1fba3aa04af9d4	Python AST parsed	153	structural inventory only
docs/reviews/whole-codebase/inventory.json	b7bb22b8e4975a2a1973bd4e5b3d8877fd15e8d7e7b81e916b62ba8f6028d08a	bytes hashed	270673	structural inventory only
docs/scientific_status.md	076966f41026ea9699691c58c877b0785ada692d5bb37e17a64fa98364fe15be	bytes hashed	96	structural inventory only
docs/supported_surfaces.md	081c20d46bb87ec8ea7c3a7ca6a31f3106591a39b9479878152c3b565756f488	bytes hashed	66	selected source inspected
examples/01_basic_assembly_calculus.py	8078f317cb2d7c78e89f8182876d006b28cec6bd3ec547385a1467a46aee0f8c	Python AST parsed	30	structural inventory only
examples/README.md	787fe6842139b6100b047c5918b54f7110e26472ed29f8f38f472d0f74def03f	bytes hashed	57	structural inventory only
examples/chat_emergent.py	6f45092d8ba07c4862fef52c84cb926a4430e0dfb331c21ad08b4dcb78b538f5	Python AST parsed	129	structural inventory only
examples/notebooks/NOTEBOOK_PEDAGOGY_ROADMAP.md	b698590381c9c02c274c63b0db6c8e75e2625109e625edb301140ce1dd601b54	bytes hashed	319	structural inventory only
examples/notebooks/README.md	ff969b5157af3d2f8121cd22a24e906abe0ea14a1757bfa216a78aa9b8cdf007	bytes hashed	103	structural inventory only
examples/notebooks/volume-01-foundations/01_basic_assembly_calculus.ipynb	b6131981bb2a8f599cda98e21bea4bec7605d5a7759efc5a86f1f5b9c21d11dc	notebook JSON parsed; code not executed	150	structural inventory only
examples/notebooks/volume-01-foundations/02_lexicon_and_readout.ipynb	6d88c97a48c38806433f87a654a08e0bff18c26b54816ac3b13cb04d6bccb304	notebook JSON parsed; code not executed	111	structural inventory only
examples/notebooks/volume-01-foundations/03_projection_parameter_lab.ipynb	d49efa061ab061a42108efd20b7ef610ca4e7fe9be382c5c57318855c7f0d333	notebook JSON parsed; code not executed	79	structural inventory only
examples/notebooks/volume-01-foundations/04_operations_side_by_side.ipynb	fb8f0bb0348b9c17d1442a1e0b77516af7e97b801bcf283c3434720c43ce3672	notebook JSON parsed; code not executed	79	structural inventory only
examples/notebooks/volume-01-foundations/05_noise_and_pattern_completion.ipynb	51777e74859c0e7a6b45064537750e9224d67ecca32b06401721abc2567b1cdf	notebook JSON parsed; code not executed	93	structural inventory only
examples/notebooks/volume-01-foundations/README.md	b1175e60b5ce2b959d7e0e20bba2a66cdd80cdf9979eb432fdea3ec3ecfdc4fd	bytes hashed	39	structural inventory only
examples/notebooks/volume-02-memory-and-computation/01_sequence_memory_lri.ipynb	7d7acb150cd3ed2e0179fc2535ab1b54d91049c56a8671e6a5df0f4f6251e0af	notebook JSON parsed; code not executed	100	structural inventory only
examples/notebooks/volume-02-memory-and-computation/02_fsm_and_pfa.ipynb	e807d4e57220392494390bf58a08373bf0dcc0e4ff842cbafc590b7970e31182	notebook JSON parsed; code not executed	91	structural inventory only
examples/notebooks/volume-02-memory-and-computation/03_lri_parameter_lab.ipynb	8a90088e7ad88fef8ebca5d927f6b4599ae6185e8a0ea5eb05e7bb1e6f3e52c5	notebook JSON parsed; code not executed	81	structural inventory only
examples/notebooks/volume-02-memory-and-computation/README.md	a19ae584a4610cce7711d8d023e6416c2da6a8e108720f231f65c8a926617c56	bytes hashed	29	structural inventory only
examples/notebooks/volume-03-language/01_nemo_parser_toy_sentence.ipynb	b51396f50bc182207246702496ba112e1dda5da28a9de13dd7671b2f396db920	notebook JSON parsed; code not executed	103	structural inventory only
examples/notebooks/volume-03-language/02_parser_failure_cases.ipynb	41fc027b11c5cd32d99c274c7fa8fca131717d24b07dd1183feb26cc2732e6b3	notebook JSON parsed; code not executed	67	structural inventory only
examples/notebooks/volume-03-language/README.md	01bcb07032f8ae55202015aac927dd21d8b96abdf5832e6642060dff3f3ead76	bytes hashed	30	structural inventory only
examples/notebooks/volume-04-research-workflow/01_claims_and_experiments.ipynb	de969f54552dd38b77835ae3d0b5937b7a068dfb76998c2277c38e8d92873f81	notebook JSON parsed; code not executed	91	structural inventory only
examples/notebooks/volume-04-research-workflow/02_from_demo_to_claim.ipynb	24029c5ba9e8f2fc1afd55ccd9d24b121a0c4692a96f16b1da1c57f2100ace8c	notebook JSON parsed; code not executed	79	structural inventory only
examples/notebooks/volume-04-research-workflow/README.md	c9f7c893e0cfc978d2214ca8dc8defd68fc7083ba37d266427075f336e52e5fd	bytes hashed	25	structural inventory only
examples/notebooks/volume-05-dynamics-and-statistical-mechanics/01_order_parameters_and_regimes.ipynb	1391a3bdd19a6f12c4950e2466b66c8d40e2864090fec4254c4cdb0c578615a7	notebook JSON parsed; code not executed	58	structural inventory only
examples/notebooks/volume-05-dynamics-and-statistical-mechanics/README.md	896226810aa891c2f0de6c799345e7842775525c84cefa0019e06c97291bdcbb	bytes hashed	23	structural inventory only
examples/notebooks/volume-06-binding-composition-and-interference/01_binding_diagnostics.ipynb	5f0490b20e3a1a83c6f14f4c099528cdec47be502e711d4dd7c6dea7aae66d4c	notebook JSON parsed; code not executed	55	structural inventory only
examples/notebooks/volume-06-binding-composition-and-interference/README.md	fb4dd3dea3ca13a5ea239c3663b3aea462894d7931fe06ba4edc8ca037c4447b	bytes hashed	24	structural inventory only
examples/notebooks/volume-07-control-circuits-and-runtime/01_fiber_circuit_gating.ipynb	5d345ddb5c3a0e6e1872f2aef740a79a303b652c87ce1d131877f7db07d3241e	notebook JSON parsed; code not executed	48	structural inventory only
examples/notebooks/volume-07-control-circuits-and-runtime/README.md	6a30bdd2e3fc85677fe1deb9bb9d8e38561f5bc7cddaa21b3976b8749f3acd94	bytes hashed	21	structural inventory only
examples/notebooks/volume-08-prediction-and-erp-signals/01_toy_next_token_and_signal_map.ipynb	80acec1fecc27b8fe3f5a29769da2becf0e63211a505adf320c7bd395b6c6b72	notebook JSON parsed; code not executed	50	structural inventory only
examples/notebooks/volume-08-prediction-and-erp-signals/README.md	92b6a91231cdf8683ff509148541f16bb35e872b458a2644e70e18aecc229a29	bytes hashed	22	structural inventory only
examples/notebooks/volume-09-embodiment-and-grounding/01_grounding_interface_map.ipynb	7a91d9d35729dc237d03cd598468724ea1f8c5c8983dc55767987fc57ec2f842	notebook JSON parsed; code not executed	50	structural inventory only
examples/notebooks/volume-09-embodiment-and-grounding/README.md	394ddca5d655a6000e84c7691dcc2cd009217c9c5029e1033de6d92cbce6198c	bytes hashed	25	structural inventory only
examples/notebooks/volume-10-biological-validation-and-connectomes/01_biological_validation_map.ipynb	14250cc4c3939a20733663007345400f25c06d1cc1e2138d57e9585114e9aba7	notebook JSON parsed; code not executed	50	structural inventory only
examples/notebooks/volume-10-biological-validation-and-connectomes/README.md	baae0b19f58df0d9ae9631146dd826bb99851153d66bec3675bf852b7fb07f48	bytes hashed	23	structural inventory only
examples/notebooks/volume-11-scaling-engines-and-performance/01_engine_and_policy_map.ipynb	26fbdfd3d6dbe078724fa4c63438d8a90ecebeee0e08c7cd9f7dd40d96aaa15c	notebook JSON parsed; code not executed	43	structural inventory only
examples/notebooks/volume-11-scaling-engines-and-performance/README.md	13c32c151a28b082e009b0549656a17f6a5afe88d8861581efcbade143583922	bytes hashed	21	structural inventory only
examples/notebooks/volume-12-systems-paper-and-theory/01_paper_claim_map.ipynb	c95548266280750e215d9f78bff2a0fe568428d049da8ce3f52589a153033831	notebook JSON parsed; code not executed	43	structural inventory only
examples/notebooks/volume-12-systems-paper-and-theory/README.md	2645d1689ce6900d3fc7e1afca6833602809116728739c2350329127a4cf2ac3	bytes hashed	23	structural inventory only
examples/notebooks/volume-13-programming-assemblies/01_transition_objects_and_programs.ipynb	c57f21d072549e3aa456a4df82e07e52f86e88abeda3ce6b210f861d53da3024	notebook JSON parsed; code not executed	43	structural inventory only
examples/notebooks/volume-13-programming-assemblies/README.md	cf796a4f982a6012fb1f05c4d1e26f4dcfffbeb3020c3bdae5c2646b770e38c3	bytes hashed	25	structural inventory only
examples/notebooks/volume-14-frontiers-and-open-problems/01_frontier_map.ipynb	add741bf7cd5da9dd640fea3f52510bd00744986628bd0aa5aa6cde96154f112	notebook JSON parsed; code not executed	43	structural inventory only
examples/notebooks/volume-14-frontiers-and-open-problems/README.md	5985ff0df1c6c743c28e1c8231ad5d6bfc468523d1369f3df0e3a9f7898d6dbb	bytes hashed	23	structural inventory only
examples/train_developmental.py	43c50f2d178ee8262d3e6417878e2f44d5892156100f07d25a8f514403f66042	Python AST parsed	127	structural inventory only
legacy/README.md	6cd48b44f07869b842f42bca7ddfee51ea2c597a73256b97430656a032128d51	bytes hashed	29	structural inventory only
legacy/__init__.py	d46f796a56c531d3e6db8412dc01dee1b799e4e9a3271715aa9f98ddfedd526d	Python AST parsed	1	structural inventory only
legacy/artifacts/image_learning/animations/HIGH_LEVEL to CLASS_AREA.gif	99dc683406d0d76aa699ad29fe4b8c6b3943aa325cf108f9535c85c0af40d152	bytes hashed	0	structural inventory only
legacy/artifacts/image_learning/animations/LOW_LEVEL to MID_LEVEL.gif	37f3db22bfd8deffc05658914d8c455e23374202a96f670ecd7eb0d4f3bd05bd	bytes hashed	0	structural inventory only
legacy/artifacts/image_learning/animations/MID_LEVEL to HIGH_LEVEL.gif	ba263456e2e89dac48e559d995b37fb43a3330a3b561937dadb6b54d96f381f1	bytes hashed	0	structural inventory only
legacy/artifacts/image_learning/animations/archived experiments/experiment 10 (500 samples) - reinforce rules modified/HIGH_LEVEL to CLASS_AREA.gif	28c7d594ab29616b7018087788aff4bd58e1926bc404e6d1562abb5ef8713f57	bytes hashed	0	structural inventory only
legacy/artifacts/image_learning/animations/archived experiments/experiment 10 (500 samples) - reinforce rules modified/LOW_LEVEL to MID_LEVEL.gif	22a6db5c1e803cbf0e4adfc21e6388516efa622b437e48ef68a8db18438b13c2	bytes hashed	0	structural inventory only
legacy/artifacts/image_learning/animations/archived experiments/experiment 10 (500 samples) - reinforce rules modified/MID_LEVEL to HIGH_LEVEL.gif	6c83361e2ceab86c2a49b6f2bedc7370ee7329932589576f97a84bd29870fb9d	bytes hashed	0	structural inventory only
legacy/artifacts/image_learning/animations/archived experiments/experiment 10 (500 samples) - reinforce rules modified/results.txt	03825ecf75fa0d6b6dacc0290dbb0d11d3c5baa83ae38838e9966619c015f1b4	bytes hashed	24	structural inventory only
legacy/artifacts/image_learning/animations/archived experiments/experiment 2/HIGH_LEVEL to CLASS_AREA.gif	726af19ac128470f9c32eb1e8f5ef21853080bf66db640b1b1f69300c59bd13f	bytes hashed	0	structural inventory only
legacy/artifacts/image_learning/animations/archived experiments/experiment 2/LOW_LEVEL to MID_LEVEL.gif	fec1b06257456f9a0ed041842cbde7e1a2a13c8ddd74a7eb77fcad299546fbe7	bytes hashed	0	structural inventory only
legacy/artifacts/image_learning/animations/archived experiments/experiment 2/MID_LEVEL to HIGH_LEVEL.gif	1f05919037e40f337f025b7e89e49d50b1e4b4ed222e506611250f3ab657b3fa	bytes hashed	0	structural inventory only
legacy/artifacts/image_learning/animations/archived experiments/experiment 3/HIGH_LEVEL to CLASS_AREA.gif	3e8f17f07c5d955f1a44449f9bb7704f03076a2b20057654fea6cee9ea3162c3	bytes hashed	0	structural inventory only
legacy/artifacts/image_learning/animations/archived experiments/experiment 3/LOW_LEVEL to MID_LEVEL.gif	a716618f04c9f966bf4d8472e29ea28453a017cd5f86bd4c0f8c27d1b9eda97d	bytes hashed	0	structural inventory only
legacy/artifacts/image_learning/animations/archived experiments/experiment 3/MID_LEVEL to HIGH_LEVEL.gif	4b839c8d7235b995418a95f8503814ae2e070fce368d7376274fad662f6ac430	bytes hashed	0	structural inventory only
legacy/artifacts/image_learning/animations/archived experiments/experiment 4/HIGH_LEVEL to CLASS_AREA.gif	e7ecef1a85e89a2ec15c3e88f29464de00143f6205358d174044f9c3098c583b	bytes hashed	0	structural inventory only
legacy/artifacts/image_learning/animations/archived experiments/experiment 4/LOW_LEVEL to MID_LEVEL.gif	18d81919ae178a14389aee48b5e6c9fa90588b83de7e612f8d3f939720bd01a3	bytes hashed	0	structural inventory only
legacy/artifacts/image_learning/animations/archived experiments/experiment 4/MID_LEVEL to HIGH_LEVEL.gif	a648750feae446bfdae81aa9c0c403596ce0bfb030450dab6ef82d042b4dfac8	bytes hashed	0	structural inventory only
legacy/artifacts/image_learning/animations/archived experiments/experiment 5/HIGH_LEVEL to CLASS_AREA.gif	34ba8c4f1d7fc8256e0de9963e1523719696e24439790c4694c39b76b09379ec	bytes hashed	0	structural inventory only
legacy/artifacts/image_learning/animations/archived experiments/experiment 5/LOW_LEVEL to MID_LEVEL.gif	5b2b3c338777433b5e192d3318f21e423495b9a5b9d459852ac5f6cf3206f0ef	bytes hashed	0	structural inventory only
legacy/artifacts/image_learning/animations/archived experiments/experiment 5/MID_LEVEL to HIGH_LEVEL.gif	0f93913f1f29d28a2155a8fccbcfc83afc9a07ef44a8cd9f36823df0a1806761	bytes hashed	0	structural inventory only
legacy/artifacts/image_learning/animations/archived experiments/experiment 6/HIGH_LEVEL to CLASS_AREA.gif	15492779b4d31af47e7dc4e95fe3f84e06063f3d5d73817bc3a268bf31d8d5b8	bytes hashed	0	structural inventory only
legacy/artifacts/image_learning/animations/archived experiments/experiment 6/LOW_LEVEL to MID_LEVEL.gif	62fd26417923236f819500b2d329144c74902f4f1e9ffc77f601da889e6995a7	bytes hashed	0	structural inventory only
legacy/artifacts/image_learning/animations/archived experiments/experiment 6/MID_LEVEL to HIGH_LEVEL.gif	e8ebb44ad92d3fb50d184ba118262ab368fa903f054fe1bbbea9faaacc6a4c25	bytes hashed	0	structural inventory only
legacy/artifacts/image_learning/animations/archived experiments/experiment 7 (500 samples) CIFAR10/HIGH_LEVEL to CLASS_AREA.gif	547ccfaefd59391c946a27ce7802b3ad7107072593ba1b650f4e81472617601b	bytes hashed	0	structural inventory only
legacy/artifacts/image_learning/animations/archived experiments/experiment 7 (500 samples) CIFAR10/LOW_LEVEL to MID_LEVEL.gif	30735ea86d3aa1a2aada03318bd4a27ba63f8a7878e23d33e2e0cd07471a59a8	bytes hashed	0	structural inventory only
legacy/artifacts/image_learning/animations/archived experiments/experiment 7 (500 samples) CIFAR10/MID_LEVEL to HIGH_LEVEL.gif	8509c435f13e34963ad87ec245236f4c226b63e85c5d38cb22a867f7208578a7	bytes hashed	0	structural inventory only
legacy/artifacts/image_learning/animations/archived experiments/experiment 7 (500 samples) CIFAR10/results.txt	8080302963100dacfa7a2716b88e68cd5bf6a1943fb1db584af351b567506f84	bytes hashed	28	structural inventory only
legacy/artifacts/image_learning/animations/archived experiments/experiment 8 (500 samples) CIFAR10/HIGH_LEVEL to CLASS_AREA.gif	c635b46c5e321d7e77758bb54dc16bfd5b28ebb7f731ada8853dbcb8304b1c25	bytes hashed	0	structural inventory only
legacy/artifacts/image_learning/animations/archived experiments/experiment 8 (500 samples) CIFAR10/LOW_LEVEL to MID_LEVEL.gif	360d6027df504b196f32b8172de412b455d7dbd69ca642ff966d2eb8682a0d30	bytes hashed	0	structural inventory only
legacy/artifacts/image_learning/animations/archived experiments/experiment 8 (500 samples) CIFAR10/MID_LEVEL to HIGH_LEVEL.gif	1d25b1e9db9913395f6074577aa2b39e7efefd0d8c3e1269fc55532588e1ea12	bytes hashed	0	structural inventory only
legacy/artifacts/image_learning/animations/archived experiments/experiment 8 (500 samples) CIFAR10/results.txt	9b8cfbb6ec82ab00611d3a7537e8eb535ff73365918ca9522346a2da700f3506	bytes hashed	26	structural inventory only
legacy/artifacts/image_learning/animations/archived experiments/experiment 9 (500 samples) CIFAR10/HIGH_LEVEL to CLASS_AREA.gif	b555659f13822a1981ea553cc315eae3acb0582b3fc724155fafc5ace338e095	bytes hashed	0	structural inventory only
legacy/artifacts/image_learning/animations/archived experiments/experiment 9 (500 samples) CIFAR10/LOW_LEVEL to MID_LEVEL.gif	ce36ad7680f3015af7506aa9082b72f76b66987a47c44cfa93a3cf89ff44e9d8	bytes hashed	0	structural inventory only
legacy/artifacts/image_learning/animations/archived experiments/experiment 9 (500 samples) CIFAR10/MID_LEVEL to HIGH_LEVEL.gif	42da94199fd12379b32f330bcf4afd85edd7a90033b57f006b51436c2653cf9c	bytes hashed	0	structural inventory only
legacy/artifacts/image_learning/animations/archived experiments/experiment 9 (500 samples) CIFAR10/results.txt	1ab71f3890ae38da74a55e1083da42f734d19b796869980ac420dd2468f09371	bytes hashed	31	structural inventory only
legacy/artifacts/image_learning/experiment_data/archive/CLASS_AREA -_ CLASS_AREA Connectome.gif	5e5916a8b93216c3974bb419ab11cf56f35f500360bc3ea80727af1753bf4ed7	bytes hashed	0	structural inventory only
legacy/artifacts/image_learning/experiment_data/archive/CLASS_AREA -_ HIGH_LEVEL Connectome.gif	a2ea34b693ada2b14517234c7b0ea8b6a6f420a4121dc4b93a779ca3a1b109f3	bytes hashed	0	structural inventory only
legacy/artifacts/image_learning/experiment_data/archive/CLASS_AREA -_ LOW_LEVEL Connectome.gif	c1b0b9ce25e8c0a01a072f84c345be69dfa400af221e873394b4a06497ee64a6	bytes hashed	0	structural inventory only
legacy/artifacts/image_learning/experiment_data/archive/CLASS_AREA -_ MID_LEVEL Connectome.gif	e0cc56c03eed2a53b07f9e494868c94ff726f5641fa3ff6a14abcc15f2c81e5b	bytes hashed	0	structural inventory only
legacy/artifacts/image_learning/experiment_data/archive/HIGH_LEVEL -_ CLASS_AREA Connectome.gif	2ce99977f878f0cca512bcc72b806f325e5b117a095dcd2427aab3a142167d6f	bytes hashed	0	structural inventory only
legacy/artifacts/image_learning/experiment_data/archive/HIGH_LEVEL -_ HIGH_LEVEL Connectome.gif	2aba1c1afcbc6cf539f49b2b523373d8f3efd72deda5daabae5fa107fc97f323	bytes hashed	0	structural inventory only
legacy/artifacts/image_learning/experiment_data/archive/HIGH_LEVEL -_ LOW_LEVEL Connectome.gif	3e0f7a1a79233dc0f604417ff0dbabd6bc22c154261e0d28b734ba33592639dd	bytes hashed	0	structural inventory only
legacy/artifacts/image_learning/experiment_data/archive/HIGH_LEVEL -_ MID_LEVEL Connectome.gif	84842807163ba44de7351f90b6b681aba11525a1c732078be35a9a50d6554316	bytes hashed	0	structural inventory only
legacy/artifacts/image_learning/experiment_data/archive/LOW_LEVEL -_ CLASS_AREA Connectome.gif	18c4dcdfde1aba3b97ccfd6ad275ef7be803cedfb3559264ec9dac0ad622cc3c	bytes hashed	0	structural inventory only
legacy/artifacts/image_learning/experiment_data/archive/LOW_LEVEL -_ HIGH_LEVEL Connectome.gif	211a3d7645bca1a31ac51e3612f0f357bb6a6832558fd6a30c6e45f43afd5afe	bytes hashed	0	structural inventory only
legacy/artifacts/image_learning/experiment_data/archive/LOW_LEVEL -_ LOW_LEVEL Connectome.gif	bb54cd9ae179aabdc4fe30fec65374571372ae9dcfaff4feb0fa1d30c3fbe78a	bytes hashed	0	structural inventory only
legacy/artifacts/image_learning/experiment_data/archive/LOW_LEVEL -_ MID_LEVEL Connectome.gif	7315b66c5811762885280b04d8bfcba6e8753d06de558caa454cc3e4089e7237	bytes hashed	0	structural inventory only
legacy/artifacts/image_learning/experiment_data/archive/MID_LEVEL -_ CLASS_AREA Connectome.gif	1594f4967c56beb9128b98fa5986e617139d4b8e6b7c19911839e0d6c6082117	bytes hashed	0	structural inventory only
legacy/artifacts/image_learning/experiment_data/archive/MID_LEVEL -_ HIGH_LEVEL Connectome.gif	0f4daeb74ee2487f013374cee76fd31f9a5697e6b607f1b656effc98040a6ead	bytes hashed	0	structural inventory only
legacy/artifacts/image_learning/experiment_data/archive/MID_LEVEL -_ LOW_LEVEL Connectome.gif	c52b3f04d59cd706a44f8c518263b36ed9e81c795268d4987d667c79cdd5309f	bytes hashed	0	structural inventory only
legacy/artifacts/image_learning/experiment_data/archive/MID_LEVEL -_ MID_LEVEL Connectome.gif	64e9e6014848dda157f9f535ed78be0e85ae91600b860b27dbbd0fe44e537930	bytes hashed	0	structural inventory only
legacy/artifacts/image_learning/experiment_data/experiment 1/experiment items/CLASS_AREA -_ CLASS_AREA Connectome.gif	89616c5faf09bf336f2e2c9df71def226f9dd47655c4aed9376b43e841168b73	bytes hashed	0	structural inventory only
legacy/artifacts/image_learning/experiment_data/experiment 1/experiment items/CLASS_AREA -_ HIGH_LEVEL Connectome.gif	c94136ebb06e8d35db344d32639091a080b16f73219a3224764e0e86b4ff8aca	bytes hashed	0	structural inventory only
legacy/artifacts/image_learning/experiment_data/experiment 1/experiment items/CLASS_AREA -_ LOW_LEVEL Connectome.gif	0b6498fbea49e6dd1fa87b4744a95cd8f3ad004d273c7906856e12da5dced71a	bytes hashed	0	structural inventory only
legacy/artifacts/image_learning/experiment_data/experiment 1/experiment items/CLASS_AREA -_ MID_LEVEL Connectome.gif	58a41ab732860512e1fd87476558b312704219796d20d5987d9035af552c3ecc	bytes hashed	0	structural inventory only
legacy/artifacts/image_learning/experiment_data/experiment 1/experiment items/HIGH_LEVEL -_ CLASS_AREA Connectome.gif	dcf107be57ab397b7865b0b36a9376dac8927b034f3737e782d4d5e599d2f86d	bytes hashed	0	structural inventory only
legacy/artifacts/image_learning/experiment_data/experiment 1/experiment items/HIGH_LEVEL -_ HIGH_LEVEL Connectome.gif	5bba00bbc2833ea25de007a0be13994db218af04338c50a19934ea2b529ba748	bytes hashed	0	structural inventory only
legacy/artifacts/image_learning/experiment_data/experiment 1/experiment items/HIGH_LEVEL -_ LOW_LEVEL Connectome.gif	455442b5aeb90125aeccf164b006b6d1a0569c36cadfa8d123fb794ea0668dd4	bytes hashed	0	structural inventory only
legacy/artifacts/image_learning/experiment_data/experiment 1/experiment items/HIGH_LEVEL -_ MID_LEVEL Connectome.gif	7a12aeaeed1a8ab63e7e0c89cd67a6b07f1878aaa036268fc893f5ebd1da52fa	bytes hashed	0	structural inventory only
legacy/artifacts/image_learning/experiment_data/experiment 1/experiment items/LOW_LEVEL -_ CLASS_AREA Connectome.gif	cd34254ae983ae4482efa6a5f4127333bf5f58d678ce262021e72590412f9bad	bytes hashed	0	structural inventory only
legacy/artifacts/image_learning/experiment_data/experiment 1/experiment items/LOW_LEVEL -_ HIGH_LEVEL Connectome.gif	d2873f3da68e6b24c11bd0a5225dca00548384729ac043abf2e31187aac2371b	bytes hashed	0	structural inventory only
legacy/artifacts/image_learning/experiment_data/experiment 1/experiment items/LOW_LEVEL -_ LOW_LEVEL Connectome.gif	bb54cd9ae179aabdc4fe30fec65374571372ae9dcfaff4feb0fa1d30c3fbe78a	bytes hashed	0	structural inventory only
legacy/artifacts/image_learning/experiment_data/experiment 1/experiment items/LOW_LEVEL -_ MID_LEVEL Connectome.gif	8bcaa528d19e3b5384c6c7027d90531bb715d070d592690a79effede4bafdac4	bytes hashed	0	structural inventory only
legacy/artifacts/image_learning/experiment_data/experiment 1/experiment items/MID_LEVEL -_ CLASS_AREA Connectome.gif	f47c9493643315e41d2222a36dac868e3b805074f7e7337df02ea397a40c5811	bytes hashed	0	structural inventory only
legacy/artifacts/image_learning/experiment_data/experiment 1/experiment items/MID_LEVEL -_ HIGH_LEVEL Connectome.gif	be196d6d06c92b528cadaff81e0881ca3b875195b64cf7f18daddfe6b4b3e4da	bytes hashed	0	structural inventory only
legacy/artifacts/image_learning/experiment_data/experiment 1/experiment items/MID_LEVEL -_ LOW_LEVEL Connectome.gif	c52b3f04d59cd706a44f8c518263b36ed9e81c795268d4987d667c79cdd5309f	bytes hashed	0	structural inventory only
legacy/artifacts/image_learning/experiment_data/experiment 1/experiment items/MID_LEVEL -_ MID_LEVEL Connectome.gif	64e9e6014848dda157f9f535ed78be0e85ae91600b860b27dbbd0fe44e537930	bytes hashed	0	structural inventory only
legacy/artifacts/image_learning/experiment_data/experiment 1/speedup/high to class.gif	90c0ed8aa3eb53000f1bfed53465c7d7ebad667a25de0481629d7f11f1495602	bytes hashed	0	structural inventory only
legacy/artifacts/image_learning/experiment_data/experiment 1/speedup/low to mid.gif	af36967c1ff07190c46cbb036a7db6dba82660ac9aab4ccb9b4b33868968da84	bytes hashed	0	structural inventory only
legacy/artifacts/image_learning/experiment_data/experiment 1/speedup/mid to high.gif	c52533784610c67aec44b28ffb1df686be42fd36233680c3c72499eaa6f21f2b	bytes hashed	0	structural inventory only
legacy/artifacts/image_learning/experiment_data/output.gif	54abf044c72075706aacfcae3d58b1342ee3ecb90c2fc3d355aacce4928701e8	bytes hashed	0	structural inventory only
legacy/experiments/README.md	cc10d83b3bad9ea4df1a0fe80d68699afd857b7f821c78d3e4e822f96e14d035	bytes hashed	46	structural inventory only
legacy/matlab/assembly_sim.m	6d16431091eadf7db76e6f34263ef2ee451271a190d52b6ee2d91642e12a9c37	bytes hashed	125	structural inventory only
legacy/matlab/assembly_sim_step.m	6de20c613210cd493bb69d95ac84f03d9506221cf3dea8f6944e9d8155f274c6	bytes hashed	95	structural inventory only
legacy/matlab/kernel.m	e1061a894176ff1cad350e6ce9425b94c5b06d09467a1d3e2a5ab16d67076969	bytes hashed	15	structural inventory only
legacy/matlab/merge.m	66a7e244709ae151b47d0e7142d0263e073fa4565f78d15c53f90a8296697a53	bytes hashed	405	structural inventory only
legacy/matlab/randomized_project.m	f5d1cbdaf6e0f16b9a933090ada784050131ff8856b45cfa9c25317d5d6cfd78	bytes hashed	129	structural inventory only
legacy/matlab/randomized_project_normal.m	ffdebf43fbd2bba157d50433c78d0284a1bda18cf3c5084c7fe6c16d5c963e7b	bytes hashed	116	structural inventory only
legacy/matlab/reciprocal_project.m	31227a75c5e2c6604048441ac9fac1b9b0a76b641f30db408b43f0d863ca166c	bytes hashed	405	structural inventory only
legacy/root_modules/__init__.py	a41acbc2539ead23f7098a3ffef62ca23377b14ccee94245b1ff2d2ea5cb47ec	Python AST parsed	1	structural inventory only
legacy/root_modules/brain_util.py	f3277bf8b16916aecfb707258070d0a5a9926002fe08e4f76f1b132d86f9ad17	Python AST parsed	34	structural inventory only
legacy/root_modules/image_learner.py	3057362e3c44c17c72ee6685f8c5a19db3807194e0a2c6ac1a0a1f53cb776ddc	Python AST parsed	946	structural inventory only
legacy/root_modules/learner.py	9a1b8cb4dbd67488e84b01af6350837baa5e5f96c5a27b39d4ff48b6e0c495e1	Python AST parsed	1045	structural inventory only
legacy/root_modules/parser.py	fcbc8db2bd8bc6b695e789269402a6b6eb5c08e88e6ee1d978503b853f8cb07c	Python AST parsed	831	structural inventory only
legacy/root_modules/recursive_parser.py	461bb5e4fe140f9001db4755ad8da0b9731953ac1e58e68e11946e54a552853d	Python AST parsed	987	structural inventory only
legacy/root_modules/simulations.py	b1d893e45bd1fde9a5a000814b765d189d188efc1fd2491089edd7709572f3dd	Python AST parsed	799	structural inventory only
legacy/root_shims/README.md	8c4eefc97f28c2dedc30ce0b411b5b061efce68df4512725427c801faefbc888	bytes hashed	21	structural inventory only
legacy/root_shims/brain.py	a05c9aab874e3b1dd9569bec0114d9dca9fcb2735e2e30bfa9c007dd143b1dcd	Python AST parsed	17	structural inventory only
legacy/root_shims/brain_util.py	b3c786f8a53fee93130573a8766eaadafd483a2205561436fc35309dbb9b5536	Python AST parsed	3	structural inventory only
legacy/root_shims/image_learner.py	aa121c77e5fe5d80a99c4c8cb66bb27f1179ea713af01cd36c266ea81386e78d	Python AST parsed	3	structural inventory only
legacy/root_shims/learner.py	831c9a5b01d693a533b17a14ccb19d5232dd018a3ff5f18a2f6e651abfdc1492	Python AST parsed	3	structural inventory only
legacy/root_shims/parser.py	8621ad6a748ff6e48a6b11ac8691ca2f8a1d59b1a39ed533a8422c3f1116c699	Python AST parsed	3	structural inventory only
legacy/root_shims/recursive_parser.py	f57c1bb7b5676ad77f982ae1673be25fa726f0d33159291eb5911765b8096cf1	Python AST parsed	3	structural inventory only
legacy/root_shims/simulations.py	edc440c01ffa74696970b88f4891051335c7a4b5765c008e84f77e70bdd4b119	Python AST parsed	3	structural inventory only
legacy/scripts/README.md	f5182e374305338ad4decf74d8c4d77061f466dc766c024906f2a47dd35796dd	bytes hashed	25	structural inventory only
legacy/scripts/__init__.py	7f1c75c743c6967afa43fa7c7da92840d761a63928b79eb0891479171d613317	Python AST parsed	1	structural inventory only
legacy/scripts/simulations/__init__.py	009a0d22b2c94ad2f091c3cd01f5a4c6efc3c75a2fbfac8cc74fc81a08e1a9be	Python AST parsed	1	structural inventory only
legacy/scripts/simulations/overlap_sim.py	d839cbd3e24de0b18522f2492584b851d8a39d0ec3753acf89129f7ab85fe0d4	Python AST parsed	128	structural inventory only
legacy/scripts/simulations/project.py	a5976fa9525b30a01a1e4ff66c8f0843402bee7fca8b0baf5c45ad4479e3225b	Python AST parsed	43	structural inventory only
legacy/scripts/simulations/run_turing_sim.py	c3a9edff4bec6590650881e3355f55fac5163011d60e2cdfe4922a444c9e1778	Python AST parsed	17	structural inventory only
legacy/scripts/simulations/test_brain_core.py	ecf233c39479058d16b10a4617a2d6e328e6b6a25c523b0dab84eb9b775b9fe6	Python AST parsed	128	structural inventory only
legacy/scripts/simulations/turing_sim.py	1331fc2859ef0fe1e5ae29fff37bf4f1a3c54f7d40769c686d42e7fe7569bfa2	Python AST parsed	145	structural inventory only
legacy/scripts/tooling/__init__.py	132e01406ab73baa8487f6027e2d4a41b2aa397f73d04a8ed072282979b4b3df	Python AST parsed	1	structural inventory only
legacy/scripts/tooling/build_cuda_simple.py	325c987c61aa3706054ece8388b60f623796606792c95dea8f9378d8d7ea989f	Python AST parsed	109	structural inventory only
legacy/scripts/visualization/__init__.py	5c2a386b87a4708faca6f45e2bfc8709dae5fe2a35ad387bd56c8a8e0b5e0f50	Python AST parsed	1	structural inventory only
legacy/scripts/visualization/animator.py	49f8d7571376c57884d8687d4ee9de14d6a8046616af9d46d3693ab00bba37ad	Python AST parsed	191	structural inventory only
neural_assemblies/ARCHITECTURE.md	8c5f175b62d3821242b8fbc2e8b52cabe2f9c9e0fa290ce5dde65f6730b08f5d	bytes hashed	78	structural inventory only
neural_assemblies/ENGINE.md	950edcdb5fcdc88d4400ba03470c0a7a50bc7367ef6846011ddf0cd5350523bd	bytes hashed	196	structural inventory only
neural_assemblies/__init__.py	ef606e3e52ef0a4b332976ad93764e793b1624347396d2fc31b7a617a082b153	Python AST parsed	179	structural inventory only
neural_assemblies/assembly_calculus/__init__.py	e6d6b15ffaac47d6fa5dca451d0dcb3d2f13de6025d976a3b02ebe325b997f13	Python AST parsed	198	structural inventory only
neural_assemblies/assembly_calculus/assembly.py	687fec349337259e294d9c490200ab547dc26655a6696660c80934ce14b6d456	Python AST parsed	187	selected source inspected
neural_assemblies/assembly_calculus/batched_next_token.py	0ca966fd2b6e77f1269b62bdacbe21c4e4e981d8d96d3e787ff315e21466b28f	Python AST parsed	185	structural inventory only
neural_assemblies/assembly_calculus/batched_trainer.py	9828431224d83432319c3473da06d7370df41006dd9c5ee793a93aa501cc82e1	Python AST parsed	301	selected source inspected
neural_assemblies/assembly_calculus/binding.py	3ec9afacce10a5b446ee88887c709c30a3f7f7487227cb9ed9b315cac84a21df	Python AST parsed	364	structural inventory only
neural_assemblies/assembly_calculus/consolidation.py	5190b94ace6b5d7db70ad8c2a6777a57466f46594108d8e28c5e8c2b45e16651	Python AST parsed	478	structural inventory only
neural_assemblies/assembly_calculus/emergent/ROADMAP.md	11db42ba9e33985fc34c4128b3f4f590bfcc22b0418f7cc3c7fbb5379b6ea2c8	bytes hashed	86	structural inventory only
neural_assemblies/assembly_calculus/emergent/__init__.py	d59fd7bff3da9888f2cfb12815d46c90a14a813bab73c910caf4219e1d1eb331	Python AST parsed	157	structural inventory only
neural_assemblies/assembly_calculus/emergent/_compat.py	e3cf3726da68c5868e086908ab47966aec9647444ac70991867d2d73ea7c149c	Python AST parsed	14	structural inventory only
neural_assemblies/assembly_calculus/emergent/acquisition/__init__.py	e5fb04075321ec27272a667faa4558c1f6b416c74a4484201f5b7be8935d7db9	Python AST parsed	141	structural inventory only
neural_assemblies/assembly_calculus/emergent/acquisition/adaptive.py	83232ea42f8a6f6324aaaabaa0b8a5cfa72c8ecccaa3f1b3032a7e39d3eb4433	Python AST parsed	384	structural inventory only
neural_assemblies/assembly_calculus/emergent/acquisition/babble.py	2e740068b1d085af9ba267a343f6466b16e2240374fb6665640a08247add537c	Python AST parsed	140	structural inventory only
neural_assemblies/assembly_calculus/emergent/acquisition/continual.py	e26fb7c4df73a4431c90ba131504c315d60a1fc3d084f7a693b9d0aa48517b9d	Python AST parsed	144	structural inventory only
neural_assemblies/assembly_calculus/emergent/acquisition/orchestrator.py	89fe372e834ad5a9368c6851d21f94bd607075c4b7f2a16fc93f299c329efd32	Python AST parsed	484	structural inventory only
neural_assemblies/assembly_calculus/emergent/acquisition/phonology.py	63609caf5fec5848b3afd57d857741ebdd3ceb92bbc3eec1885049eb1b34a9c9	Python AST parsed	89	structural inventory only
neural_assemblies/assembly_calculus/emergent/acquisition/pos_inference.py	d566c039a3ec17d741335796a9059d2fc549ab73764f97395fd7393c454deeb9	Python AST parsed	693	structural inventory only
neural_assemblies/assembly_calculus/emergent/acquisition/stage_gates.py	42e49450347ae0dca22b89c0b95990ed23b3ba27743ab0cfb874f3fb9d1f05cd	Python AST parsed	195	structural inventory only
neural_assemblies/assembly_calculus/emergent/acquisition/wobbly/__init__.py	411163e599f112836bac3bf03b29524e9a30fe8579e92bbb1f43daef0f9aa1f0	Python AST parsed	89	structural inventory only
neural_assemblies/assembly_calculus/emergent/acquisition/wobbly/hypotheses.py	6adf9a10343754e30674033cfc5f18b1c5aef5d41b5dbe4bcb87f1fa9add572b	Python AST parsed	212	structural inventory only
neural_assemblies/assembly_calculus/emergent/acquisition/wobbly/memory.py	24e1efccd7af0f20c558b63f244f041dca78fe6ffcefef18a369e1908cbb5cf9	Python AST parsed	77	structural inventory only
neural_assemblies/assembly_calculus/emergent/acquisition/wobbly/mining.py	32c438b0076d9b193d2b5404416fac33ca051440618c0cf44fca541945db972d	Python AST parsed	111	structural inventory only
neural_assemblies/assembly_calculus/emergent/acquisition/wobbly/replay.py	771c1ef0e93541184fff59295d30186d27acfd25eebf44548af5c8a03671d31a	Python AST parsed	277	structural inventory only
neural_assemblies/assembly_calculus/emergent/areas.py	36febe830a2ef3170394255674e1c4373cbead93d42d11a978ef1c6bf563d279	Python AST parsed	4	structural inventory only
neural_assemblies/assembly_calculus/emergent/blocks_bridge.py	2f51f2f4d0430fc40ffbe2c4ad96b929744f1e4ea172667f292ff02f7e9a6920	Python AST parsed	190	structural inventory only
neural_assemblies/assembly_calculus/emergent/consolidation.py	4c06ccf19271510fbd67a52d7f129abf0befe8423db55fda0623ae371b9599bc	Python AST parsed	4	structural inventory only
neural_assemblies/assembly_calculus/emergent/core/__init__.py	d700055f3ee1b83236a6422ae4db2404cafbe54d9c9857caa63ac55293ea6477	Python AST parsed	54	structural inventory only
neural_assemblies/assembly_calculus/emergent/core/areas.py	3ce7c3002a2902542cbcec76b3fa560085fbf6e96899f377eecaec4321689499	Python AST parsed	272	structural inventory only
neural_assemblies/assembly_calculus/emergent/core/corpus_index.py	deea12c98097b2d9a17cd3d5532fe498f6705b42888ca72a1310688945bc2503	Python AST parsed	455	structural inventory only
neural_assemblies/assembly_calculus/emergent/core/grounding.py	e67756786349c9e040d4b81c126cbddb868ee71d0ea1ed0e2a499a38faa01c51	Python AST parsed	144	structural inventory only
neural_assemblies/assembly_calculus/emergent/core/scene.py	e4a40144de3934e1be22d8b629c05afffec3104555e55f31ea6b40d3af8e5353	Python AST parsed	188	structural inventory only
neural_assemblies/assembly_calculus/emergent/core/sentence.py	34d745fbeddd393e14c9787d2c31f58849b55607596c18bbee56c9cc87919f26	Python AST parsed	108	structural inventory only
neural_assemblies/assembly_calculus/emergent/core/word_order.py	dd103946eb737fc40c24a5de0569f7fa762c8b6f99884c208125a80693b47dea	Python AST parsed	143	structural inventory only
neural_assemblies/assembly_calculus/emergent/corpus_index.py	6e8282279c6fc66926ae3234d0ccea924cbbd4e079728211c6056307c2d83362	Python AST parsed	4	structural inventory only
neural_assemblies/assembly_calculus/emergent/curriculum/__init__.py	0cac3dbd9c9814b460e65a0f56a4d164eded76c851ef844bff1257cc45119859	Python AST parsed	37	structural inventory only
neural_assemblies/assembly_calculus/emergent/curriculum/blocks.py	03a0f0b5b282caed4a2f0778b559580f54d4a6c8b75619bcbc53d21546562e31	Python AST parsed	70	structural inventory only
neural_assemblies/assembly_calculus/emergent/curriculum/childes.py	20632e5f8ea8e9ca79f9de05d1479fc9a074287802b397ab9dadf0ab93b900b7	Python AST parsed	223	structural inventory only
neural_assemblies/assembly_calculus/emergent/curriculum/conversation.py	8dee061028d7513d45910ad1f9f65640c455882ca5b0b7e7f98d020d21b9e3af	Python AST parsed	285	structural inventory only
neural_assemblies/assembly_calculus/emergent/curriculum/data.py	d2094e2ecdf5bc15a12e90569d58e4ac9d0462de583b519ba51669868fbfbd9a	Python AST parsed	448	structural inventory only
neural_assemblies/assembly_calculus/emergent/curriculum/dialogue.py	cc3c75cfffae9cbdd2db9cb9c9ffa03dd9c22cbeb4c4d0e5c4d6432fed34489a	Python AST parsed	109	structural inventory only
neural_assemblies/assembly_calculus/emergent/curriculum/generation.py	0e4005b43e382efde7503b92c6bdc8ecff9ae79d0b4820eb6bb86fff76eb0dd0	Python AST parsed	780	structural inventory only
neural_assemblies/assembly_calculus/emergent/curriculum/holdout_bridges.py	0304b1d50ca1341ebb018a02d24559c413f26b2ca60acc21f7ebf0e87b3e96bb	Python AST parsed	176	structural inventory only
neural_assemblies/assembly_calculus/emergent/curriculum/trainer.py	4d1de410ca01b70fca458d28a6039b7b4042f1ac6b279fe53dfaffbed5d96c2c	Python AST parsed	648	structural inventory only
neural_assemblies/assembly_calculus/emergent/dialogue_state.py	64d882be01a34ac9daa980ca0a96690e4380c9047762cefc768afeac85ece49e	Python AST parsed	4	structural inventory only
neural_assemblies/assembly_calculus/emergent/evaluation/__init__.py	8f62fec25fde4205218788054eeeebc538203d7fc795137140fb2aacd0090029	Python AST parsed	121	structural inventory only
neural_assemblies/assembly_calculus/emergent/evaluation/checkpoint.py	0eb33dffbc4ab1780b5f2c9141137554c473d286bf446e8481e11df567df7bcf	Python AST parsed	397	structural inventory only
neural_assemblies/assembly_calculus/emergent/evaluation/composition_battery.py	dea13fed657d73da6b2aaea522da7ef4e38389a86a48ac847e72fb89fee6fe2b	Python AST parsed	203	structural inventory only
neural_assemblies/assembly_calculus/emergent/evaluation/erp/__init__.py	2401ebf11ebee42b7605aeb217e1ab0bf01fef2504ea7ffa7b7480a32c96000b	Python AST parsed	142	structural inventory only
neural_assemblies/assembly_calculus/emergent/evaluation/erp/adapters.py	191de56156895a22626a3e5bd27c13d28090613910de42d1377acdb59665b358	Python AST parsed	1094	structural inventory only
neural_assemblies/assembly_calculus/emergent/evaluation/erp/calibration.py	ac0c7fdef7e29885e8f05b43357d5f290dd58af58db717b850916e51b6faf89b	Python AST parsed	488	structural inventory only
neural_assemblies/assembly_calculus/emergent/evaluation/erp/frames.py	26646dec96b800a84123a7d107fffb7027dce4245573ad9a24e956b797d75e4c	Python AST parsed	639	structural inventory only
neural_assemblies/assembly_calculus/emergent/evaluation/erp/gates.py	77a18ada6b70d8280b0fa02178db4e52c444e09177061886ad7e69993fa1e290	Python AST parsed	294	structural inventory only
neural_assemblies/assembly_calculus/emergent/evaluation/erp/probe_util.py	f18ca1567aecf8fafdf7f3e87cb97d5703ae6742bc87d2f402bffa8cbc8d9342	Python AST parsed	57	structural inventory only
neural_assemblies/assembly_calculus/emergent/evaluation/erp/protocol.py	62bce5ddb0b1ebdba33ddcae3169fd42be26f4cbf67af18b56dc07539ca13ae8	Python AST parsed	209	selected source inspected
neural_assemblies/assembly_calculus/emergent/evaluation/erp/runner.py	fc82cb2260e94a75481facefafa7351b4109192e4ab26fd299e55319df94dc38	Python AST parsed	250	structural inventory only
neural_assemblies/assembly_calculus/emergent/evaluation/generalization.py	cd6fb305eca7fc4e58df0d51395c03efb2ec7d44d7d6796a5db9aa38e16843f7	Python AST parsed	620	structural inventory only
neural_assemblies/assembly_calculus/emergent/evaluation/morph_features.py	8cfcc1a91a1300b77e62935d80065f79714bce8cea32f6034782118762686157	Python AST parsed	232	structural inventory only
neural_assemblies/assembly_calculus/emergent/evaluation/parity.py	bb270703bd25f4e984d822f12917f4f1da8d244ca4a21e0c75762c188be02d13	Python AST parsed	439	structural inventory only
neural_assemblies/assembly_calculus/emergent/evaluation/suite.py	26ecca1b068417e89bc2c29990f850e60b030bc7ba9b0e5e0bca2e542f16d7ca	Python AST parsed	704	structural inventory only
neural_assemblies/assembly_calculus/emergent/evaluation/sweep.py	ea6464d99f6eabf4be31451c7bc5da23b83d7b67b4a55d1cdf152d10f20b4ee7	Python AST parsed	692	selected source inspected
neural_assemblies/assembly_calculus/emergent/grounding.py	3fab86de3bea97031411329a3d02f3bea2d0972a397b81e40a8e7c4d9a731e67	Python AST parsed	4	structural inventory only
neural_assemblies/assembly_calculus/emergent/interactive.py	af5f1e5c17fe22f5fd77a640993c2243851044186aa65966297ee069b8c4f03a	Python AST parsed	4	structural inventory only
neural_assemblies/assembly_calculus/emergent/json_schemas.py	7ed49daa33d983121d8e9a11cadb7a773a1bd9aee4894e9340aa6feb00fed21b	Python AST parsed	51	structural inventory only
neural_assemblies/assembly_calculus/emergent/nemo_parse.py	e4cf69a8168b6b6072697352c020d3e2cfa6155f3f1bba496d93ef5bb734654d	Python AST parsed	534	structural inventory only
neural_assemblies/assembly_calculus/emergent/nemo_rules.py	acf63e4c796c165770163b75e7926667c66dd7176a75ea5c7e63e429758134b1	Python AST parsed	395	structural inventory only
neural_assemblies/assembly_calculus/emergent/parser.py	12baa1e86544aeed145b3d60355a08d8b2430dff1735c419eb5614cac8046d21	Python AST parsed	121	selected source inspected
neural_assemblies/assembly_calculus/emergent/parser_mixins/__init__.py	5bf5157317e3dc235d3cc75607eb3637772cb23676f017cc7f9da8d9acbb07be	Python AST parsed	34	structural inventory only
neural_assemblies/assembly_calculus/emergent/parser_mixins/_shared.py	662d3a1945d94b2da1fcccddf2f4caa5a75654d6541b68845fbc31d1a1cd2b48	Python AST parsed	137	structural inventory only
neural_assemblies/assembly_calculus/emergent/parser_mixins/blocks.py	55e95c6ded0425436d95f947e078a3dd6f7a13b83de4d324a883904b00a64842	Python AST parsed	85	selected source inspected
neural_assemblies/assembly_calculus/emergent/parser_mixins/classify.py	2af2513f8609bdad0f344217578bb0de02427a669f9b5aaade7976b32f4fdb01	Python AST parsed	186	structural inventory only
neural_assemblies/assembly_calculus/emergent/parser_mixins/constituent_order.py	2b80f1fe2fa545ddaced61b48f36e50455497b2b1deef796c0a6841dd8a8b956	Python AST parsed	624	structural inventory only
neural_assemblies/assembly_calculus/emergent/parser_mixins/core.py	ae3b1a7915b0a1d7c9500fcacc92a36ecd47ee51251970e3d9bc9639e896ba49	Python AST parsed	673	structural inventory only
neural_assemblies/assembly_calculus/emergent/parser_mixins/dialogue.py	7e7e402c4b86163d345a0c2df67d55fe3078e077e2e94fe73b567ce488368ccb	Python AST parsed	145	structural inventory only
neural_assemblies/assembly_calculus/emergent/parser_mixins/distributional.py	144c76a6fd260bcf552fe780fc7ea990869bac718b53ffdb3a03c5d67666d889	Python AST parsed	1092	structural inventory only
neural_assemblies/assembly_calculus/emergent/parser_mixins/gating.py	161736cbeb4f93bbd1b605af4b0c0dabb04e906a9c87e3a2acf32edd807d2a16	Python AST parsed	323	structural inventory only
neural_assemblies/assembly_calculus/emergent/parser_mixins/generation.py	02113b27d9a7595222858f0bc4cf85eb3f1341902d27a234371b908f8f173c45	Python AST parsed	331	structural inventory only
neural_assemblies/assembly_calculus/emergent/parser_mixins/incremental.py	d482b95086367a181de137c4792c2a051ab6275ce57800a7b9c3b6a0622c58c4	Python AST parsed	1101	structural inventory only
neural_assemblies/assembly_calculus/emergent/parser_mixins/instructions.py	bbce021772c055d474f2b9f17f2ed287b4fcba10218027e50ca2669b4f525240	Python AST parsed	101	selected source inspected
neural_assemblies/assembly_calculus/emergent/parser_mixins/lexicon.py	ffe89d43567417afe6cc42bc3cc6684d4aef6217c638c493ab48d5e561c2427a	Python AST parsed	199	structural inventory only
neural_assemblies/assembly_calculus/emergent/parser_mixins/morphosyntax.py	364c9ea8785560a5ae7a259f8fdc2b65271d5423b5747944e28a1b7a88ddc61e	Python AST parsed	923	structural inventory only
neural_assemblies/assembly_calculus/emergent/parser_mixins/phrases.py	62ae41bd8a36c2969fcf85ddd5e122a52ec8d6f92cf1f07d29c46060072c7222	Python AST parsed	218	structural inventory only
neural_assemblies/assembly_calculus/emergent/parser_mixins/plans.py	4e5627f52c0b0055259c5eca680069ac3ca7733cb3506dca5abdf33bc38dd04f	Python AST parsed	63	structural inventory only
neural_assemblies/assembly_calculus/emergent/parser_mixins/prediction.py	53cbd3abbbf6f422bbf889e6fed5fc46c5400a24442a1469eb270c16c953b785	Python AST parsed	321	structural inventory only
neural_assemblies/assembly_calculus/emergent/parser_mixins/roles.py	197fdec20d26820f2915511bb3f740b2470bc39c1dbd0d8981b7870ead1d4819	Python AST parsed	534	structural inventory only
neural_assemblies/assembly_calculus/emergent/parser_mixins/state_prediction.py	ed8584db59c9567592681e662b727d4d59883e04c18a2666cf5ad42f1ee8b061	Python AST parsed	287	structural inventory only
neural_assemblies/assembly_calculus/emergent/parser_mixins/structured.py	2493600f27f820941a66561e17a710b300942da29c53b8dc99242b6c3dff2003	Python AST parsed	92	structural inventory only
neural_assemblies/assembly_calculus/emergent/parser_mixins/unsupervised.py	f8924a16237378d57de3400f9e06bb9c7dfd9ab038a0f6501b97e1abf29a11c1	Python AST parsed	304	structural inventory only
neural_assemblies/assembly_calculus/emergent/phonology.py	082086e45aa5145342db4697db5c19d5e6c86778a90aa1ffdc4ed0e4fbbfbf20	Python AST parsed	4	structural inventory only
neural_assemblies/assembly_calculus/emergent/session/__init__.py	684ee4a3ad9e734c70ceeff5858b506d9b6f14d05cb4a26bedd8b6d5b6804483	Python AST parsed	12	structural inventory only
neural_assemblies/assembly_calculus/emergent/session/dialogue_state.py	30521d0808509c8d87245562b64363a0d9bd18d7314328dd0fdb3b0a5b362a17	Python AST parsed	86	structural inventory only
neural_assemblies/assembly_calculus/emergent/session/interactive.py	3a0dbe97ad037e09c46b14abd54b096a7cc5574f192c8ab0b234314a9259fcca	Python AST parsed	396	structural inventory only
neural_assemblies/assembly_calculus/emergent/session/novel_chat.py	491b9538c53e3d7dcfe4fa7f421280af001fd62837f8af73e34f5fcf2733a327	Python AST parsed	134	structural inventory only
neural_assemblies/assembly_calculus/emergent/structured_io.py	ed76afcb403537efb83803880e3e5cd6ffd06bc4a551d9673a8c19d7ce1ebf5b	Python AST parsed	83	structural inventory only
neural_assemblies/assembly_calculus/emergent/structured_json.py	3f46266419b34b810a52cf01daa316b764bc9deb6d6ea47146b6e2e32161c7c4	Python AST parsed	134	structural inventory only
neural_assemblies/assembly_calculus/emergent/tool_plan.py	8673a0c41ce79379c51e88d94053dd57150f0bde9b8827652492e72a9a2850c2	Python AST parsed	211	structural inventory only
neural_assemblies/assembly_calculus/emergent/tools.py	bf7987a12ec0897fb804b9f3c72836752ebfca210c5d2d6180ef956502d4436d	Python AST parsed	126	structural inventory only
neural_assemblies/assembly_calculus/emergent/train_progress.py	265352d410a4377d8cbebf15b552f8f6704729b05c3edaf2675c82e2068a04f2	Python AST parsed	160	structural inventory only
neural_assemblies/assembly_calculus/emergent/training/__init__.py	4975ed9761f7348e935749b4e210729891297ad7616016684aab2e5eec46ae18	Python AST parsed	124	structural inventory only
neural_assemblies/assembly_calculus/emergent/training/batch.py	b994806100bcad4e7640a5525f3aa5de1247aee4e43cc6fc6e98742a42d46581	Python AST parsed	154	structural inventory only
neural_assemblies/assembly_calculus/emergent/training/compiled.py	bb9f5de6549596acf544d7743ab82bbe88b052cf08581611e64ac083a9367af8	Python AST parsed	160	structural inventory only
neural_assemblies/assembly_calculus/emergent/training/compiler.py	92734a406c233775de2f1564238f192b2ff55d5459544b247f116f0ab77492ef	Python AST parsed	329	structural inventory only
neural_assemblies/assembly_calculus/emergent/training/consolidation.py	709a85f5e759960cb83dd28564abc69e62726e3d2a05f80170a0eee6bca6fe03	Python AST parsed	321	structural inventory only
neural_assemblies/assembly_calculus/emergent/training/linker.py	d756ee955978b034640050a3ef6a6af7825170347dca9ed2cccab35dee6f652e	Python AST parsed	339	structural inventory only
neural_assemblies/assembly_calculus/emergent/training/perf.py	b58fc98199a3e4e2e2b22f202ac410f36750a7ffc46810c58b6cd8496d815679	Python AST parsed	347	selected source inspected
neural_assemblies/assembly_calculus/emergent/training/schedule.py	274e599cf54e826fdba02b5dc640dd95ae8824cdb84692a2c32bfd37393c187c	Python AST parsed	286	selected source inspected
neural_assemblies/assembly_calculus/emergent/training_data.py	a57a9d3346d4ac066af326f1785bdecb4ef6e7951e639889bde8f899bdd80b5c	Python AST parsed	4	structural inventory only
neural_assemblies/assembly_calculus/emergent/vocabulary_builder.py	bfe589ea6e02229362d6a4eea2bd50c284b0f7d88337d437711fb2357898930b	Python AST parsed	421	structural inventory only
neural_assemblies/assembly_calculus/epwta.py	c0143d51b1facc848bbbc3caa5e859b897c001c8db6706fa48362d0225ba32e9	Python AST parsed	288	structural inventory only
neural_assemblies/assembly_calculus/fiber.py	383f8b6da0bc3ecc1a01099711f3f536db8779fae3e9c3e0065a21a4d248d45d	Python AST parsed	181	structural inventory only
neural_assemblies/assembly_calculus/fsm.py	095a7ca2fdb6307d364cfaac45cfc1ed6d797ab31acd59ac76dd4efbc0da5c27	Python AST parsed	226	selected source inspected
neural_assemblies/assembly_calculus/metrics/__init__.py	501681fdc27dab80738e7081c469e796b7f797c2498674665a62ad397c9759ba	Python AST parsed	20	structural inventory only
neural_assemblies/assembly_calculus/metrics/instability.py	7ec50cd2e2d5b4b9181fab62e7aabeba5e4b093a63c1baea29e0e2f9e9bc6e70	Python AST parsed	130	structural inventory only
neural_assemblies/assembly_calculus/metrics/prediction.py	44c4cf1e3c6216a4295861f0446a05127982b7f1941b0c569161b513846f8383	Python AST parsed	58	structural inventory only
neural_assemblies/assembly_calculus/next_token.py	453db61141ca5ea875f358e5bf19e09cbf581841e93381d53b7e599b084eb4fd	Python AST parsed	237	structural inventory only
neural_assemblies/assembly_calculus/ops.py	507fcc40d0d8fb5c8aed6c79553344b5b86203e80e1ac0af700a6c6aecb281c6	Python AST parsed	1418	selected source inspected
neural_assemblies/assembly_calculus/parse_errors.py	9f06ee07816917882db275bcc380de604bf5309b508073498bfb9a43912b7f13	Python AST parsed	395	structural inventory only
neural_assemblies/assembly_calculus/parser.py	6b36d1b5a7cdc748ecea713515d8c9f382b0e7a396bb11ef6a68dc7af290c583	Python AST parsed	429	structural inventory only
neural_assemblies/assembly_calculus/pfa.py	0afcd6b1a3700cf639c5c809f0c0308ff15fd0e840040fd90501d010fe6bc882	Python AST parsed	736	structural inventory only
neural_assemblies/assembly_calculus/readout.py	eba1c0121b8f88a1bcc3346f1b37de4c2f2e7f5ab99db6d191364654281b6e7b	Python AST parsed	129	structural inventory only
neural_assemblies/assembly_calculus/scaffold.py	e11e7d6d806ed23da7ff2bc9da32bda2a60ad319edf7994df57a916004951a23	Python AST parsed	214	structural inventory only
neural_assemblies/assembly_calculus/sequence.py	53c4c683a2a1427f79b19fe9a5e8cb054459f1353a0466a43582016978f3193c	Python AST parsed	82	structural inventory only
neural_assemblies/assembly_calculus/trace.py	897b8f7dc8056004e1a7c4d65fdac7d05d06845a70438cb0fe62955085c0e46d	Python AST parsed	44	structural inventory only
neural_assemblies/assembly_calculus/tracing/__init__.py	2b622639062e760111515eea4631966ce8fb8d0fa584d99d50fbd2916135c946	Python AST parsed	74	structural inventory only
neural_assemblies/assembly_calculus/tracing/diagnostics.py	6e2642da1a7a08c33ea5fb35fabf83cd44aaec372795cbbfe0583967424269b5	Python AST parsed	71	structural inventory only
neural_assemblies/assembly_calculus/tracing/models.py	dac12c770f9209291ad64a6a4fffb9c1cc8807a2083af77de40acdb4176c7734	Python AST parsed	200	structural inventory only
neural_assemblies/assembly_calculus/tracing/operations.py	f42d6273fb374ff17d191fe209e0578051701ad5250a8280bb7f8e7242b15a34	Python AST parsed	419	structural inventory only
neural_assemblies/assembly_calculus/tracing/sweeps.py	d9b09793d0196d4048b56ded36390f26ae7b238a3261c1c09df9c61e4daba28f	Python AST parsed	127	structural inventory only
neural_assemblies/assembly_calculus/transitions.py	b97152f5ceb5844ea1a9e4f4a64fe81957bdefbd4026a836da9d39d8b22d8dbe	Python AST parsed	157	structural inventory only
neural_assemblies/benchmarks/__init__.py	2f4b2ad6d9ca62319259b75f053b2c95fda67863af412236d57e9d557e62ada0	Python AST parsed	9	structural inventory only
neural_assemblies/benchmarks/profile_operations.py	d2747ec16ac74ee10f9c4cdd22f5e0c32a8f9cbbfc9e33b9e860d252e2850997	Python AST parsed	479	structural inventory only
neural_assemblies/compute/README.md	4c91320a93aae09190284de5f7c4722e3de3e2b9fc4fc72d9854d471c2659d0e	bytes hashed	38	structural inventory only
neural_assemblies/compute/__init__.py	68873a562ecf8b43728f4f4e5834e26fa28f4c6209ca2fe53565db5497b329d6	Python AST parsed	21	structural inventory only
neural_assemblies/compute/explicit_projection.py	2a05971d25e831170f08a7af56a41ed07cb7c4c8c3f37e414e2f119029b72cbb	Python AST parsed	140	structural inventory only
neural_assemblies/compute/hyperdimensional.py	cc252f154e64eeef27ecca48808016d58d2a91141e16516d2ac34762b79d7ffd	Python AST parsed	326	selected source inspected
neural_assemblies/compute/image_activation.py	ba48193eafc4623475e97d5e0b6e358c2dab724e6c536cc8fcc066431c52d549	Python AST parsed	116	structural inventory only
neural_assemblies/compute/neural_computation.py	189c115bb18c8568a1b777650ca6e3a9e91c9432c6a18520b3fd23abe2a531c8	Python AST parsed	60	structural inventory only
neural_assemblies/compute/plasticity.py	169229572719258065ee6f8a61ea621285e911706f90a2e43afa1e8d7469fe5e	Python AST parsed	138	structural inventory only
neural_assemblies/compute/sparse_simulation.py	4126cde3b01b25525c6baae53566bd2708af842937f1f2e7097d92335822ebe4	Python AST parsed	747	structural inventory only
neural_assemblies/compute/statistics.py	9c7d7d55d81b25078b0f509d8d03d35391094aa50483c93ccf182d0d0b46d4e3	Python AST parsed	354	structural inventory only
neural_assemblies/compute/utils.py	d0e4677656c5b7304129937d49284a3009609aea1acc3338699e8c9cf35609fe	Python AST parsed	44	structural inventory only
neural_assemblies/compute/winner_policies.py	029544b7907b5ff963ab3e2a94f9905079c135dae71bb574ce3d10b2c530a115	Python AST parsed	107	structural inventory only
neural_assemblies/compute/winner_selection.py	e779da645b047c702e07b598be9a83d504dfa4865f6a89ee0d73f1e36d08fd61	Python AST parsed	338	structural inventory only
neural_assemblies/constants/__init__.py	063b1c0e77fdb443e71aa05d182058cf2679443aad672f899d39be9f51c7d729	Python AST parsed	10	structural inventory only
neural_assemblies/constants/default_params.py	9783fcc87c985fa1e8e8334c623fa9b2c7c7da1837d372e3cbae323fe472f87e	Python AST parsed	14	structural inventory only
neural_assemblies/core/README.md	a47dddf82730b8a4d6a352983215df538c9ff480ea0795474d180bf304c5aacc	bytes hashed	44	structural inventory only
neural_assemblies/core/__init__.py	aede1086daaef578f32988a9f97eff94e276e3f08728c9a64a67c60485ced290	Python AST parsed	21	structural inventory only
neural_assemblies/core/_homeostasis.py	c02b5b842a9430f49329e30f22512ceec03eb1d6c86064015e14cd7211fd9942	Python AST parsed	241	selected source inspected
neural_assemblies/core/_pricing.py	7b94bbfe20385c8ac4a83b1f32005f7ae8f2d2d11af27057874bc2eeb55f84c6	Python AST parsed	262	structural inventory only
neural_assemblies/core/area.py	d017b76d4bce1326aba075f066f09c0ba8fbc9f1796bb31a22bc8077105ff0ad	Python AST parsed	282	selected source inspected
neural_assemblies/core/backend.py	90dc6ee6ac4048a4aa3132928220ba9fce3a9115d7a30f066f24cc167eedd772	Python AST parsed	179	structural inventory only
neural_assemblies/core/brain.py	6a0cb4acc5e2ea6373c16f043e2ce7f95673a0130fb8378a68d6918d6d3fd7b9	Python AST parsed	1735	selected source inspected
neural_assemblies/core/brain_cpp.py	11f87a73771841aaebbcafd7d8ab8e6d0275582134c34ab866630eb5f5a52df2	Python AST parsed	193	structural inventory only
neural_assemblies/core/connectome.py	278ed03e7773903bd2cb73d4fa1b7a179dc161418f0bc77ebf1c34cde3b657a5	Python AST parsed	227	selected source inspected
neural_assemblies/core/cuda_engine.py	976be69949c7150216e7db00845a41aecc0fb802ba2d714952645a0e36c6a1a5	Python AST parsed	742	structural inventory only
neural_assemblies/core/cupy_engine.py	14d831094d5c7fcbae81139debe68ccaf8b87ac49ac60ce6f64a1816c1fa8718	Python AST parsed	368	structural inventory only
neural_assemblies/core/engine.py	be7eb2ecc9db9c5af0e917c26f60ffa27a6c0d4bbee90dabd3b721708bedbe83	Python AST parsed	461	selected source inspected
neural_assemblies/core/index_spaces.py	71f01bcba5896371397982265027ab492e33c53b49cccfa00d0b32864da579b1	Python AST parsed	86	structural inventory only
neural_assemblies/core/inhibition.py	8b163c3775a4b1727557627ed08ed1b51601df2084e6a8e4ca3cc1fe40ca2220	Python AST parsed	269	structural inventory only
neural_assemblies/core/kernels/__init__.py	8e21d9945cf7e62552b68eb35c6c75295d27f645af0fb135691b3a0722758f90	Python AST parsed	11	structural inventory only
neural_assemblies/core/kernels/implicit.py	4d11d469311686865d04372ff7529576cd6adda2c9f2d6ef52c234f10fcb4d99	Python AST parsed	620	structural inventory only
neural_assemblies/core/kernels/sparse_ops.py	a91b8467d3045bf80b9edc63aba7f1e7346307c86bbf46c29d8fb13a84d8b446	Python AST parsed	259	structural inventory only
neural_assemblies/core/measurement.py	93ed19a5a632dfbce7e0841c96072c9bb0224b3aa45d9989bfa538a9c363b3d7	Python AST parsed	144	structural inventory only
neural_assemblies/core/metric.py	2f95c250d995e3c2c16ba33c839e64156e20db4935b6e2f392b67a25d53f0f1b	Python AST parsed	161	structural inventory only
neural_assemblies/core/numpy_engine/__init__.py	494cef4761f2d67a280bc5f92e2283537c965219e0befc28370a1d6cab2dd127	Python AST parsed	33	structural inventory only
neural_assemblies/core/numpy_engine/_csr_weights.py	0589e1beb80af0efa02a6e0d34f509cad7614775da31cdb8fe1a99a886c31999	Python AST parsed	257	structural inventory only
neural_assemblies/core/numpy_engine/_degree_norm.py	9bad03484f1ea3ac49ab4c8fd7596697da552cfa5c82ed5cd5555f4f59b61146	Python AST parsed	353	structural inventory only
neural_assemblies/core/numpy_engine/_drive_cache.py	00ad0d637472181807b099c8ffb1fb6e544e73f6b9434d2ecee881699cc1e3cc	Python AST parsed	136	structural inventory only
neural_assemblies/core/numpy_engine/_exact.py	c421864bbd261a1808b1531399efe7f4b978eceb9ee44260cd592b7673dbfa20	Python AST parsed	1076	structural inventory only
neural_assemblies/core/numpy_engine/_explicit.py	85a39126dab3fc08a3f240c0736752e59a425f8bc5f048f28e4744e31ff64491	Python AST parsed	333	structural inventory only
neural_assemblies/core/numpy_engine/_growth.py	8a347bf4bf8ae767103e34444090d81cce8ca56b022dc6c2a07232da2b83cfa0	Python AST parsed	810	structural inventory only
neural_assemblies/core/numpy_engine/_kwta_prune.py	26101a5c4d5fdf4608fe4b8598e81c0b841142aa545db0e5d4e44326e7a92279	Python AST parsed	315	structural inventory only
neural_assemblies/core/numpy_engine/_seeding.py	bb0a7a4b09f482e7566ef6353175767dbb3ca3b98a79df786e7254ee13023fd4	Python AST parsed	467	structural inventory only
neural_assemblies/core/numpy_engine/_sparse.py	f3b86db1b0fbef0c50fb9f46be710813ca6bdc8f8daa3486e390d95cfaf0d5da	Python AST parsed	2705	structural inventory only
neural_assemblies/core/numpy_engine/_state.py	6fdcf62d22a205ee8b8002a258d5ed57c5150ef70b1a49f4a149bfadd04bb23f	Python AST parsed	86	structural inventory only
neural_assemblies/core/numpy_engine/_virtual_weights.py	649e629309810765849c2a278cb9eb726a441d85000e9ea95b5154390f92e401	Python AST parsed	677	structural inventory only
neural_assemblies/core/projection_fidelity.py	28a2667b2057a5079f4d866e2044aa9bea06d4ac9600f4791d7b6f6a024ac395	Python AST parsed	44	structural inventory only
neural_assemblies/core/stimulus.py	b8b79753eb6a1c8a350c9ed859bdd9b5610c11a2ad8e148f5db1338ccfc1225e	Python AST parsed	20	structural inventory only
neural_assemblies/core/torch_engine/__init__.py	2f2c964e9d757c6a93103f436f4dde40a7f7fc870e02ce9eef1322366a60df14	Python AST parsed	36	structural inventory only
neural_assemblies/core/torch_engine/_arc_core.py	bd09a0103b484dfa2343895a5534b0237010b6502d5fefd215804bc54093f65a	Python AST parsed	90	structural inventory only
neural_assemblies/core/torch_engine/_batched.py	941c516362d35689ed5e24eb25aaadcae7cdd82d71d946527160ebe369feb26c	Python AST parsed	283	structural inventory only
neural_assemblies/core/torch_engine/_csr.py	16323ee6a05741613156df1977a1d6a7a4f40734c2c1341d18766ff8a1fcfde4	Python AST parsed	525	structural inventory only
neural_assemblies/core/torch_engine/_engine.py	e9f2376e7b4ce54ae5f7660001b3c94fef2c28c9cd9a57699cdf216ac5578867	Python AST parsed	1519	structural inventory only
neural_assemblies/core/torch_engine/_fused_cuda.py	fbc2fe3022ada6669220193735a0b61295fefd2bb40e1a57399917af56c6a679	Python AST parsed	1937	structural inventory only
neural_assemblies/core/torch_engine/_hash.py	81d817b5be58603bac6418bcccd470380a89428c5a437ca259f7a22a2897f659	Python AST parsed	229	structural inventory only
neural_assemblies/core/torch_engine/_hashed.py	5f973b898f1b247dbef13c6d223d527c8eabcd0e3808590c668c46c8b7bf16df	Python AST parsed	1087	structural inventory only
neural_assemblies/core/torch_engine/_hashed_aligner.py	14ea3f594af4f56cf26bc7d2817416e6f12cbbb2da07b359211e28a7fd60ac36	Python AST parsed	257	structural inventory only
neural_assemblies/core/torch_engine/_hashed_fsm.py	e0687a6b5a8b97cfb52e09b284b38c9618943a26b154a207aff8b986b98717eb	Python AST parsed	134	structural inventory only
neural_assemblies/core/torch_engine/_hashed_transducer.py	341679e0f17e91bd4b7f9d78ffb1390b9f9ae9cee69a33d9df0829d8ac02467f	Python AST parsed	408	structural inventory only
neural_assemblies/core/torch_engine/_memory.py	1d7e495997c776260555f292ab7f0a381021be200f0cf0e02b37e895c07e1fe3	Python AST parsed	146	structural inventory only
neural_assemblies/core/torch_engine/_scheduled_aligner.py	a5ecddc9e0649745470acf328ecadfe6f3c342ee5d3c3a23da0c09de81fc8299	Python AST parsed	268	structural inventory only
neural_assemblies/core/torch_engine/_state.py	9d814d2a2325c8a9918692c309d590ebf56f1d88f63824767983d77e21e19c74	Python AST parsed	89	structural inventory only
neural_assemblies/diagnostics.py	550030377c58319508602a68ea2859b7b5b3ede79832902cfcb69639b84324f5	Python AST parsed	1974	selected source inspected
neural_assemblies/ir/README.md	5f7d3b25b6136329abac35e1f607e2f5dc5ffbd17e895919363c686d252c61cb	bytes hashed	55	structural inventory only
neural_assemblies/ir/__init__.py	12e0ba8a4b0c926a866340601529c4c83e99c1f0cca68c01c1079ac949c39614	Python AST parsed	15	structural inventory only
neural_assemblies/ir/protocol.py	d958d321c46a920c80fcb49ec06934c36ff5b5ed8c1c85ba45b4129e8cd0d9da	Python AST parsed	85	selected source inspected
neural_assemblies/ir/v1/brain.schema.json	21132a4b14b5d00f8f353b16907ea35e0d6f9d9e9750c72a28bb2797dc02cb4e	bytes hashed	55	structural inventory only
neural_assemblies/ir/v1/projection.schema.json	312f2228b18f2fd18452cc74e8d6285a79b142861e625648baf514eac585958c	bytes hashed	45	structural inventory only
neural_assemblies/ir/v1/protocol.schema.json	a7828e6c9cd5ebbe4d8da6cc0d98b97dd65adaeb1b8221a39a935fe4ce2dfc80	bytes hashed	31	structural inventory only
neural_assemblies/language/README.md	35d63123220fd99c5bee690ac5ca821fed0ad2482da50d5a28eb3ce947ccac6e	bytes hashed	37	structural inventory only
neural_assemblies/language/__init__.py	721099af25ee23fcc856528983a240bc1568e19983c1abff04dab1153bcfa861	Python AST parsed	219	structural inventory only
neural_assemblies/language/debugger.py	0d6521d9361f2fd82fd8f3fe3870e06c9a65603b45733f1a74af0132427c23f5	Python AST parsed	92	structural inventory only
neural_assemblies/language/grammar_rules.py	9ae8f7c5f729ed240db40d22a039e15a471f84571bc2946ea1c02ddec93bdcae	Python AST parsed	301	structural inventory only
neural_assemblies/language/language_areas.py	b8e721b152d43aa7d9b1427c557fafb62c1dd0ab67d41976ff83e41dae70c952	Python AST parsed	63	structural inventory only
neural_assemblies/language/parser.py	49032bc92cf66cb80994cd79450b42440ae365004c25e7880877fa5726b1ed96	Python AST parsed	393	structural inventory only
neural_assemblies/language/readout_methods.py	2a8b237d3a2a89fac3e0fe15b402c5c6c81581d32a51154aae43d2416a608497	Python AST parsed	143	structural inventory only
neural_assemblies/lexicon/README.md	dbfba635ef919e27d8894fd29830c022b8b65d11e491c723a8a931fc87d1fe1b	bytes hashed	34	structural inventory only
neural_assemblies/lexicon/__init__.py	161074401bf01b3945dbd6f80dcbc505de0ce2135b54873175ab35867a173aca	Python AST parsed	26	structural inventory only
neural_assemblies/lexicon/assembly_language_learner.py	6c5d0eec1ccd0f0cb3a2fdb078593784c9a6d6b9f62ffbda4139a5671df128e4	Python AST parsed	291	structural inventory only
neural_assemblies/lexicon/build_lexicon.py	46e80e9f88efddd9c5178ceb1102e6ddc70e7aff800053a15dbb13f308bfcbdc	Python AST parsed	234	structural inventory only
neural_assemblies/lexicon/curriculum.py	3d16986abba1df62e62bca6d73c5cad8691fc8443ca4650212eee988e2ed62bb	Python AST parsed	409	structural inventory only
neural_assemblies/lexicon/curriculum/__init__.py	c87c70fbfc2359be688b805a5f2df23b14e6b8a435140d7923a30ad9c5823bbc	Python AST parsed	14	structural inventory only
neural_assemblies/lexicon/curriculum/grounded_training.py	541e51710fc50197b92de9806f6d6e016e009ae049d018f881805fa8156c05eb	Python AST parsed	504	structural inventory only
neural_assemblies/lexicon/curriculum/holdout_bridge_corpus.py	57a2f3b63be71284c1870515b864987609f3c095d95c129753dd3f41b8176a86	Python AST parsed	68	structural inventory only
neural_assemblies/lexicon/curriculum/stage1_first_words.py	04bf314a18b498c76be5a54341a4cd27830d74318e928ac073c81f7417df643d	Python AST parsed	117	structural inventory only
neural_assemblies/lexicon/curriculum/stage2_vocabulary_spurt.py	1eb23f1dcccf86aaf68c0b9c7723ba7c167ad52f22dde2dc76de40fa9a6d284b	Python AST parsed	132	structural inventory only
neural_assemblies/lexicon/curriculum/stage3_two_word.py	c287eb2dc9a53a7665ddfe6d8d7addae6361bc969227a2dca2476d79def1e1ec	Python AST parsed	121	structural inventory only
neural_assemblies/lexicon/curriculum/stage4_sentences.py	d9cb6687c8a5b1c51e04890b9c73ba6c63dc5f26c53c055e03fc435fead7992f	Python AST parsed	155	structural inventory only
neural_assemblies/lexicon/data/__init__.py	2123927e7a3333b5042783a944fabf7f0b259c22f1659991d7ddeade1aab2cdf	Python AST parsed	23	structural inventory only
neural_assemblies/lexicon/data/adjectives.py	8043b68d9c04bbfce697e43e26de56fe17751a0748a45813dc2595af82583464	Python AST parsed	185	structural inventory only
neural_assemblies/lexicon/data/adverbs.py	efa8ab2b78f6d5b696369744e69dac41a20f8f8a08c131846d6177831a312b23	Python AST parsed	126	structural inventory only
neural_assemblies/lexicon/data/auxiliaries.py	83b19ca5b7fd143f63c6a1d5e2d2615458270252bdd1ba8ccef3ffe25aae7239	Python AST parsed	37	structural inventory only
neural_assemblies/lexicon/data/conjunctions.py	e57167623817126ccd246410f7e3a3e89007ee4a92ce333910c08af9c6ec7283	Python AST parsed	76	structural inventory only
neural_assemblies/lexicon/data/determiners.py	d0330ca68d7ea1d1a48114ed4a89ede64ab26bb265d835641506d2d4efd7972e	Python AST parsed	46	structural inventory only
neural_assemblies/lexicon/data/nouns.py	a75d2e825381b6575c074519435b8e304cd72b4c7e024475e55b30fafe7ae98f	Python AST parsed	197	structural inventory only
neural_assemblies/lexicon/data/prepositions.py	8e8d820779834d67bc0e1800ec7967a8c98142c4b4cc1a3e508832164e1439cd	Python AST parsed	73	structural inventory only
neural_assemblies/lexicon/data/pronouns.py	38421a318ccbb9f0140ff41b1ee7294454659508583b4459d0340b57d95882ae	Python AST parsed	72	structural inventory only
neural_assemblies/lexicon/data/verbs.py	b0ca336f25d58f300299780f79efbb61adccab6739e9b702c2bfe026fd2e923a	Python AST parsed	178	structural inventory only
neural_assemblies/lexicon/gpu_assembly_learner.py	ce36bba12567f5f18bdb30d2022d41842555fd9306e2a0b4197a663a19544a79	Python AST parsed	306	structural inventory only
neural_assemblies/lexicon/gpu_language_learner.py	ae108ae0258fca7f890296f7918f984a5a45ff84b8ca473ea7bd15f879bf8c7a	Python AST parsed	811	structural inventory only
neural_assemblies/lexicon/lexicon_manager.py	0dd282c0b988d64473e3f68bfd359234ab888936064be3e61ed46b1a681375b6	Python AST parsed	237	structural inventory only
neural_assemblies/lexicon/statistics.py	6ada4201c30e0e63ff3e3df5f32d6fd99fc77dc63156766c32d18bf89991a86f	Python AST parsed	184	structural inventory only
neural_assemblies/lexicon/test_lexicon_and_curriculum.py	f7b6acf3f376d1c9a70a6f8fef0fa858ef4f8028e90c7c4e1cccebe5073d33d1	Python AST parsed	265	structural inventory only
neural_assemblies/lexicon/true_assembly_learner.py	a135bc2248318c0444570719dc7ccc41587509df111ac8cf758e0d1ca44d2e5a	Python AST parsed	561	structural inventory only
neural_assemblies/models/__init__.py	8e252aa085b186084d47f0fe90518626d7e674bc201881430b7e93592e46a070	Python AST parsed	12	structural inventory only
neural_assemblies/nemo/README.md	f5485fdf7f24fdb2d974fbcf938131834dfcd7f9c7ddb08f8b4a160c9010b579	bytes hashed	93	structural inventory only
neural_assemblies/nemo/__init__.py	88fda1dc0c45d1754c17c5d011a37f8abe743ca102f076e3576b829ad44ef7f9	Python AST parsed	54	structural inventory only
neural_assemblies/nemo/archive/__init__.py	93c3c4792cfb23caa30feb7468c88c76a74bc44f735505c534c5efa7378a86f8	Python AST parsed	47	structural inventory only
neural_assemblies/nemo/archive/brain_v1.py	ba7c52e2544234021c3dbf95fbeba3762904bf7864253a18e39904978c43c623	Python AST parsed	373	structural inventory only
neural_assemblies/nemo/archive/hierarchical_fast_v1.py	448a29cf97f6ac429e59a27b2520137558321d278fad19fb979eefb038d88ba6	Python AST parsed	316	structural inventory only
neural_assemblies/nemo/archive/hierarchical_full_v1.py	940595b3715367d6ef2f8adc73dcfdfc8257bb019157219f840fecfeb3944d67	Python AST parsed	501	structural inventory only
neural_assemblies/nemo/archive/hierarchical_v1.py	48a1fa943b3cf305d0517c2bd9b4683d9a3523cd45ce932c5014a09838eafc2b	Python AST parsed	535	structural inventory only
neural_assemblies/nemo/archive/kernels_v1.py	6e603bcdb2a180627c66b343b06e5b604ff7659b18a0ea9e93f72080f2b353e9	Python AST parsed	287	structural inventory only
neural_assemblies/nemo/archive/linguistic_extensions_v1.py	b3b36a9688d7f8dfc1244c58fac12a50b80de0a2300864fc8131ff785157d5cf	Python AST parsed	820	structural inventory only
neural_assemblies/nemo/archive/scaling_study_v1.py	2d40e3a388b3209233b84f5ee2a9ee8344a437b19c8a267592b9efb63d315f9c	Python AST parsed	381	structural inventory only
neural_assemblies/nemo/archive/test_generation_v1.py	9387da8f04b2600a0bfc5fae0b45ce25554e509cfff4e184ad5ce7211f3865b0	Python AST parsed	78	structural inventory only
neural_assemblies/nemo/core/__init__.py	16cb4806f074504194f134e80875b5d71b5c6d67d9c316982db91e61f6adcfc5	Python AST parsed	24	structural inventory only
neural_assemblies/nemo/core/area.py	0b76eba38628b39b1d8ed530d00711c441793980808ee821121b32b21f046323	Python AST parsed	106	selected source inspected
neural_assemblies/nemo/core/brain.py	05ecafa6ac53d7f9ba2ad7c7db147ca338e45f3d8bcd00a14cd28b56299ef59c	Python AST parsed	108	selected source inspected
neural_assemblies/nemo/core/kernel.py	cd2e1c72043203e160f76772c0284caeb53316cd82b35ea767bf5d87f228e3aa	Python AST parsed	169	structural inventory only
neural_assemblies/nemo/language/__init__.py	e562b15af28ea903a3cb61cc345e2a7cf9df9614e0154f8af034468604ca1f25	Python AST parsed	60	structural inventory only
neural_assemblies/nemo/language/curriculum.py	5c6bab973aa0f058a29d2bc40929f396dee65ba652d6fd7d59f7c91550119f9a	Python AST parsed	441	structural inventory only
neural_assemblies/nemo/language/emergent/__init__.py	98a74727172e485db5073d7c76ea94faa4a13d799ccc0ed3214d1c4f60d06113	Python AST parsed	84	structural inventory only
neural_assemblies/nemo/language/emergent/areas.py	027f50cd989c3043bb922faa18f9d833931ace38d9641e0bfec100db00e1be5a	Python AST parsed	151	structural inventory only
neural_assemblies/nemo/language/emergent/brain.py	b270ca8eb24761a58cf9df68771657df4ca3eb31c06df1c1813ba9d9f46cad5f	Python AST parsed	605	structural inventory only
neural_assemblies/nemo/language/emergent/cuda_backend.py	11f2ab9ce2c9d88b4660e78e9cf8a57165698a7b1f1d13f40059b7aa9e1630db	Python AST parsed	310	structural inventory only
neural_assemblies/nemo/language/emergent/curriculum/__init__.py	aebcafa045b535e3af6ad675cedb41f40d76820f984527301e6f772860e5bf4b	Python AST parsed	136	structural inventory only
neural_assemblies/nemo/language/emergent/curriculum/dialogue/__init__.py	f7d4baa7598f91b58b4343d99e8acd8cd7788e69d16fb25094429f4e97cf15ae	Python AST parsed	298	structural inventory only
neural_assemblies/nemo/language/emergent/curriculum/generators/__init__.py	ecd2bdd83d8b1905fba7292465b843840bb967bc2438e395b3644473c7252408	Python AST parsed	203	structural inventory only
neural_assemblies/nemo/language/emergent/curriculum/generators/base.py	eb543cbbfdc019d9a726ddef56f01498da6e554cf20286238a17da29dc7ef941	Python AST parsed	171	structural inventory only
neural_assemblies/nemo/language/emergent/curriculum/generators/declarative.py	8cf79332d871ff6871871d96a514da38041c1b67c8559679a17f0a767e445590	Python AST parsed	145	structural inventory only
neural_assemblies/nemo/language/emergent/curriculum/generators/interrogative.py	269c59eb5d33b3f7d59ebcd91ffa7f8e113193b24a1493c74ffdf4d66d25be96	Python AST parsed	140	structural inventory only
neural_assemblies/nemo/language/emergent/curriculum/generators/self_referential.py	dc6aa77368a8b769a89f294952918c75807124cc150c84e754a314fa45464292	Python AST parsed	199	structural inventory only
neural_assemblies/nemo/language/emergent/curriculum/stages/__init__.py	ff5697fdb470a7b23aca5888d851696fe20476fd8d62f194d66e8b8396eb05c5	Python AST parsed	143	structural inventory only
neural_assemblies/nemo/language/emergent/curriculum/vocabulary/__init__.py	446194f75f9ff0c3192a530cdada8701c8695d00bf5b10747b5df75728445661	Python AST parsed	119	structural inventory only
neural_assemblies/nemo/language/emergent/curriculum/vocabulary/grounding.py	19f9855b95e0130891afc02e8dee32447f0c0f557cb239ebea741d094f4f8abb	Python AST parsed	169	structural inventory only
neural_assemblies/nemo/language/emergent/curriculum/vocabulary/loader.py	cc48534cf9c0a05bbf8b52871c61d84c1a0febbfe282b298c95a571a4f40cee1	Python AST parsed	252	structural inventory only
neural_assemblies/nemo/language/emergent/curriculum/vocabulary/types.py	d364c58de4b865a2b588149530bea5244361792b83546a72f5684069ef26cdb7	Python AST parsed	69	structural inventory only
neural_assemblies/nemo/language/emergent/demo.py	efc328dd3d7a80ee5e681d0e9323c776ffe0c50a33f420794c1f7fa4b7356256	Python AST parsed	134	structural inventory only
neural_assemblies/nemo/language/emergent/generation/__init__.py	3211bf643013dd4133fc007e084dacefd139396ff620bceb631438d952c2ff72	Python AST parsed	52	structural inventory only
neural_assemblies/nemo/language/emergent/generation/activation.py	99709f8ed2402bfdcefbbfdef408a7fb151f9005a1ccd5b95c95cf656aedf678	Python AST parsed	281	structural inventory only
neural_assemblies/nemo/language/emergent/generation/emergent_gen.py	9ea1291fcb7700153ea393dca921f86cf01b7c8cd4530297c72cd201fbda52f7	Python AST parsed	263	structural inventory only
neural_assemblies/nemo/language/emergent/generation/emergent_retriever.py	2581a30b7ce0768dc4d07838aa5897a4e8168a05786221f1d91046f9234965e6	Python AST parsed	501	structural inventory only
neural_assemblies/nemo/language/emergent/generation/generator.py	76b0874d838b60f9b05ce2f1b7be46c6ece1a495bc6fd30e6cccf05aa26f76d1	Python AST parsed	389	structural inventory only
neural_assemblies/nemo/language/emergent/generation/hopfield_memory.py	3209317c81c8fa5668d4a5b7bf13365b42b6142534dd1fc8d34b37081052ed7a	Python AST parsed	476	structural inventory only
neural_assemblies/nemo/language/emergent/generation/hybrid_gen.py	fb28fcdc53c9e4fb633116141f701699be029577893a388ce5230c95a370d088	Python AST parsed	307	structural inventory only
neural_assemblies/nemo/language/emergent/generation/neural_decoder.py	1526391969fdf4f5d0aaf955a847554c6757e75a9a0d049c650dd6417c0228bc	Python AST parsed	388	structural inventory only
neural_assemblies/nemo/language/emergent/generation/vp_decoder.py	fc55eab7dcf5361e2362cb87338fd95639538cee6098289f01cb289be115806c	Python AST parsed	281	structural inventory only
neural_assemblies/nemo/language/emergent/generator.py	8ca9b3be99f8468045645d81508ba58fa9f80035c1cbb233ebf64a16eb9cc768	Python AST parsed	336	structural inventory only
neural_assemblies/nemo/language/emergent/interactive/__init__.py	e7fb21b9ceef77c9fb865dda35104ebb22a27a4840d9ae53bf23ead7c220e638	Python AST parsed	27	structural inventory only
neural_assemblies/nemo/language/emergent/interactive/dialogue.py	ee0c2189679ec838ed6690b5ac832a34394318bd711b2bfb70b4154a815971a9	Python AST parsed	112	structural inventory only
neural_assemblies/nemo/language/emergent/interactive/grounding.py	e7645f1e9cf35712414ece223dfece22cfb198a5871a3622f27a5b401378cb50	Python AST parsed	150	structural inventory only
neural_assemblies/nemo/language/emergent/interactive/interactive_learner.py	e7b7495a336692e561235134e32ea740130d98a70561fd1f58c5ec826373b211	Python AST parsed	400	structural inventory only
neural_assemblies/nemo/language/emergent/interactive/response.py	514165d72d9cd0787184e4f0182cf541d642e4917952f7d6202c87c7ffa51ce4	Python AST parsed	342	structural inventory only
neural_assemblies/nemo/language/emergent/interactive/run_session.py	2c164c88643316a4ad38e5e0f1ba900a602f5d20a77e88635c956c2bab02e4d7	Python AST parsed	85	structural inventory only
neural_assemblies/nemo/language/emergent/learner.py	b39889f7e2cdfb0111b248cca7bdffa64496807656a81408d5a52ca4d2f211ee	Python AST parsed	539	structural inventory only
neural_assemblies/nemo/language/emergent/params.py	cdee2ca7efc7ae4acdb2c46572e7a89c585864c4e0c945d0ff93434441e392a8	Python AST parsed	96	structural inventory only
neural_assemblies/nemo/language/emergent/parser/__init__.py	ddda197252894b0714a1db130317fe4d804e11be3b88764e7c9329081304bd0f	Python AST parsed	27	structural inventory only
neural_assemblies/nemo/language/emergent/parser/comprehension.py	25b6d37c4f8e1110a0591bc3cc2b3f93e1a241eef723adef7edfa3a19fcb71bc	Python AST parsed	324	structural inventory only
neural_assemblies/nemo/language/emergent/parser/core.py	cb35ce453e97ab1b32bce10663e0b7e9aec6bd9e75d6de170e862dfb32ea6d46	Python AST parsed	359	structural inventory only
neural_assemblies/nemo/language/emergent/profiler.py	6dd03242fa052753ace32b2db01a0c39ddd4aef256a8bf17cd28e0ccc1f8a0de	Python AST parsed	595	structural inventory only
neural_assemblies/nemo/language/emergent/tests/__init__.py	56399cfd6c2059867d86ebc1d0d43d844cd047072c89b6f8ce2f1eb725f124f1	Python AST parsed	25	structural inventory only
neural_assemblies/nemo/language/emergent/tests/benchmark.py	b28621a4b253e80de095ca498aaa2b704b30a08f0615712b2a9e3b62a48ef89c	Python AST parsed	453	structural inventory only
neural_assemblies/nemo/language/emergent/tests/generation/hippocampal_realism_study.py	9fdf05a3e4b7f83652c1e373baa696e9d668596ad9b9ddfd60b8a7fa33d6a2e2	Python AST parsed	512	structural inventory only
neural_assemblies/nemo/language/emergent/tests/generation/test_best_params.py	1d7a6e32f1e3e351fac30b2965f9afb88e5864d8eee66d9cb2973991d1033bbe	Python AST parsed	139	structural inventory only
neural_assemblies/nemo/language/emergent/tests/generation/test_cortex_mediated_memory.py	9ce71282f51ba07c084f746e2e29462feffc6c34a89124f3a01e00f032d7663e	Python AST parsed	336	structural inventory only
neural_assemblies/nemo/language/emergent/tests/generation/test_emergent_retrieval.py	d26112235de1460e01a7df8145392f549b4885eaa75e59d84fa7d82c72ae123d	Python AST parsed	182	structural inventory only
neural_assemblies/nemo/language/emergent/tests/generation/test_nemo_primitives_for_hippocampus.py	d094fcad0fb86debf25bdbb4788d68cb461e18cfa4f7b38f8a99b21d8b3d08e4	Python AST parsed	524	structural inventory only
neural_assemblies/nemo/language/emergent/tests/generation/test_original_pattern_completion.py	bd34e349db13749f3d201291119beee639a2d1d4016eeb5cade359c295e04034	Python AST parsed	262	structural inventory only
neural_assemblies/nemo/language/emergent/tests/generation/test_parameter_sweep_stability.py	6a5eaa20634c59269ba271547f37eed657a9f22fc7852228cce7607dea018ea4	Python AST parsed	269	structural inventory only
neural_assemblies/nemo/language/emergent/tests/generation/test_pattern_completion_properly.py	e2bf9741ea1d24caeb87486f14731fd7bc33b35247d992e9cc25f3b7ca9c49d0	Python AST parsed	377	structural inventory only
neural_assemblies/nemo/language/emergent/tests/generation/test_single_vs_multiple.py	1e18a7fa20908dcc6f11615e4ea65e44bf7ee157f279b2e163a72073f95cd8c2	Python AST parsed	268	structural inventory only
neural_assemblies/nemo/language/emergent/tests/generation/test_threshold_dynamics.py	b911fb77b877416501dafdffdec78cd3fa62d040b510eb7999c7c72ef75f864c	Python AST parsed	300	structural inventory only
neural_assemblies/nemo/language/emergent/tests/generation/test_weight_learning.py	b85d2d4f4b7a6697a767a4b6d370d7e66220bf85a36115df077b30ef7bfee482	Python AST parsed	399	structural inventory only
neural_assemblies/nemo/language/emergent/tests/generation/why_recurrent_fails.py	54f97cd1bf8ed611ad76af9eacb6dd6be92f2e732f4e055ab8529b350ce59b26	Python AST parsed	408	structural inventory only
neural_assemblies/nemo/language/emergent/tests/run_all.py	25c36677c24c9f8d1924e4c3afb5c26323a71d72e89ff6b466c39c72f90c139c	Python AST parsed	105	structural inventory only
neural_assemblies/nemo/language/emergent/tests/shared_model.py	d6ab80d965e64a6d9fff795928d3abeddaecb6459092d2966db36abbdd12a814	Python AST parsed	88	structural inventory only
neural_assemblies/nemo/language/emergent/tests/test_comprehension.py	8609733fe5414853fd01dd87593356d2f7079ddbe889aefc7164cfe7757d8a83	Python AST parsed	321	structural inventory only
neural_assemblies/nemo/language/emergent/tests/test_cuda_backend.py	d362df752d0602daa30e3ea7b3e0170b62bf2baec3d3e7bfc6446b523c16535f	Python AST parsed	134	structural inventory only
neural_assemblies/nemo/language/emergent/tests/test_generation.py	74de76b13b8e5914d63ce3e012a6238f699a8b8ca95db6c266f205bb950e722d	Python AST parsed	211	structural inventory only
neural_assemblies/nemo/language/emergent/tests/test_interactive.py	5f070428abd4e757bba4fb88a3fe0bc7c94377a00ce2e774395a5bbf036c3163	Python AST parsed	224	structural inventory only
neural_assemblies/nemo/language/emergent/tests/test_parser.py	3eb553983e7479bdfaefbbfb425fb4e5146efc8ee6e5de0b3f1fad1a6d34cf09	Python AST parsed	332	structural inventory only
neural_assemblies/nemo/language/emergent/tests/test_stability_definedness.py	b7eb7d5c83943a9072c2aaa4d6acf8e5ae745e236f2c6a6a384f3a821c619717	Python AST parsed	69	structural inventory only
neural_assemblies/nemo/language/emergent/tests/test_training.py	3fe09faa01cd5aee5e7e7603c7abfcf1dc722c55c6e084357c714a33cd91b3fc	Python AST parsed	307	structural inventory only
neural_assemblies/nemo/language/emergent/training_data.py	30a282f817d3551fd1b00dd3a8488ebac4b72e45e6f8acfbf78ecb781d8ab6fc	Python AST parsed	318	structural inventory only
neural_assemblies/nemo/language/generator.py	248c8d10271aa46e50988b01b2a01864a92ccc2afafce3e1a17841d92d5cbce0	Python AST parsed	301	structural inventory only
neural_assemblies/nemo/language/integrated_trainer.py	e0f490c08248c8f643dee205011fef57cf15bf9c8b8248afb3da2190d7be7860	Python AST parsed	454	structural inventory only
neural_assemblies/nemo/language/learner.py	53b7e91bbafec2b51ccbab0c45ca57a3af3379d4d77381d857d18c88102bef6d	Python AST parsed	344	structural inventory only
neural_assemblies/nemo/language/nemo_learner.py	a17b0ce2ba12ce6307eec163a975ec042185014c9da7eb6d666691f3362186a5	Python AST parsed	671	structural inventory only
neural_assemblies/nemo/test.py	426be4d340e1c9b62afcbd0f8eb044c489cc0bc9d8d33c4afe1966423e11bee2	Python AST parsed	157	structural inventory only
neural_assemblies/parity/__init__.py	f68283c2c261373e3fbdd4a2518e5734917d1308cf0694ed25bebcf10cfe8c64	Python AST parsed	35	structural inventory only
neural_assemblies/parity/__main__.py	482b8693e2fe6dbd732e3d7961e03827d3efa187bad11d29da188be580ebbeea	Python AST parsed	3	structural inventory only
neural_assemblies/parity/cli.py	8cf1f5bfea92caa0725badd0be6968898948715de9cc3a97f1281d89ff1cd924	Python AST parsed	75	structural inventory only
neural_assemblies/parity/config.py	98760beb84880e617bf6e01db14d0ab14732d7ff9a0c1cd561e469bbe51103c2	Python AST parsed	49	structural inventory only
neural_assemblies/parity/executors.py	273345a03e5a6a9cacdc12cf60ee8b8841dc18741571f737ab0a05148db15a01	Python AST parsed	517	structural inventory only
neural_assemblies/parity/papers.py	935a244a8bbe967a05465e9d815364b8a5ee35ed59b410cdf25b931f737cc5b0	Python AST parsed	45	structural inventory only
neural_assemblies/parity/paths.py	88d209e5483f86a0a1d762c5de82a21f31030783d02cbef1a16dbb80b4ba6dfd	Python AST parsed	39	selected source inspected
neural_assemblies/parity/protocol.py	2b28a2f6c18af554ef91dd10a48b6383fa218b9fa5d34f62907255a326352bd4	Python AST parsed	58	structural inventory only
neural_assemblies/parity/registry.py	38468bdca83d4ce1c57b14481f35d73d75959c2a4af38c287d71e86604058fb7	Python AST parsed	79	structural inventory only
neural_assemblies/parity/runner.py	e406d9e8377ec2606642ef1d7dda1189adfcdb6464cb9b3043ff24576d0328c6	Python AST parsed	230	structural inventory only
neural_assemblies/programs/__init__.py	4ad2a729d0c99c8f0cca353d42151aeb6692943d9c503dfba7ebe62c512a9542	Python AST parsed	62	structural inventory only
neural_assemblies/programs/arc_core.py	a5f69fe1faa768762c6f2bcd3578a75f553a5a40ba39716e05f3985402f99357	Python AST parsed	41	structural inventory only
neural_assemblies/programs/colt_halfspace_numpy.py	5afb16effc0e50c8195d6dd670e43fad532aab50388ae9bfd5c5a96ba24f8770	Python AST parsed	158	structural inventory only
neural_assemblies/programs/colt_mnist_absence.py	7ac5d6fbdbf1016dcb5c0f595c8529ba3040c78486b56fd7e6a783b3e78e0d34	Python AST parsed	142	structural inventory only
neural_assemblies/programs/colt_mnist_advanced_util.py	18d30c324f2317e00df7cb230ae89b9157f8d33cb86b5744ed94ac2438c9915e	Python AST parsed	186	structural inventory only
neural_assemblies/programs/colt_mnist_attractor.py	f6a6464b58f8cc84094e5b02f7ab3801cbc4691164f1a056714ccb8d6bb9d21f	Python AST parsed	594	structural inventory only
neural_assemblies/programs/colt_mnist_brain.py	f2c1d36e233e0999253ab78c19d1666aac12daf295e531daa154fd59c89cc001	Python AST parsed	74	selected source inspected
neural_assemblies/programs/colt_mnist_brain_explicit.py	d77230aa1979c3277c4d8ae7e52edb518f010f1bcd0181cd034200abb3c491af	Python AST parsed	132	structural inventory only
neural_assemblies/programs/colt_mnist_brain_util.py	cd44d9280188d7a2c20adabb88ebf2559952e50ef16364e351a7f0ec31751e45	Python AST parsed	95	structural inventory only
neural_assemblies/programs/colt_mnist_data.py	513ff4c078e01518e041dceb7ec6d5fc65b96fac9494490908bd9f8fff5ec846	Python AST parsed	74	selected source inspected
neural_assemblies/programs/colt_mnist_engine_roadmap.py	3710a797642fcc5fbc29b5ef2948b5d3c2da9a1899d291220403fe80edbaab95	Python AST parsed	248	structural inventory only
neural_assemblies/programs/colt_mnist_evidence.py	c7900abcf94450ee0d8f0cf364e868786b1df802b642193554507e29d564008d	Python AST parsed	638	structural inventory only
neural_assemblies/programs/colt_mnist_forward_completion.py	b9b55a5bd1cd7edd80c203b42d89bfb12bcb69909feeaaabd3e475da338b7149	Python AST parsed	184	structural inventory only
neural_assemblies/programs/colt_mnist_geometry_panel.py	670148c8130482229637bd25c757e9d3ddd66c2be9432ce2aa8f0a6b9bcfebb7	Python AST parsed	297	structural inventory only
neural_assemblies/programs/colt_mnist_h9_diagnostic.py	017eaf37293be9937ecbc301a9f35389bba7e598b33172039b7491bfdc96c1ba	Python AST parsed	282	structural inventory only
neural_assemblies/programs/colt_mnist_hierarchical.py	8da2fd6cb9edbb8eec0460b3c96d02186cecadf0839597b8e24d682d9cdfb6bf	Python AST parsed	97	structural inventory only
neural_assemblies/programs/colt_mnist_hierarchical_brain.py	a8fd89c48a402808a1d48e10d804036c1f5eec19ade9a5fd9ad6020c3c0164a9	Python AST parsed	245	structural inventory only
neural_assemblies/programs/colt_mnist_lri_readout.py	fa7c9701bda24c619841966674d3d1ce32eff9180ac13dd880270c9dc3575b14	Python AST parsed	295	structural inventory only
neural_assemblies/programs/colt_mnist_numpy.py	c6ed043eada0c5ee2c1dec006336472c3c15925fffe90abf06bbeeb301378797	Python AST parsed	131	structural inventory only
neural_assemblies/programs/colt_mnist_protocol.py	2cc39b4cd3c0478e6111910268ccbcd8eff4a27eb52e735060082e2cbe6e9012	Python AST parsed	232	structural inventory only
neural_assemblies/programs/colt_mnist_regeneration_panel.py	a84d54e537bd7dd4b5dd5f0d7fb1dbc71c5d2a61da4408f701620db88ff6bc20	Python AST parsed	330	structural inventory only
neural_assemblies/programs/colt_mnist_representational.py	78a7617df716ea533098adb4974e59067e16f4b6c8687f2992269e4e3a27033a	Python AST parsed	520	structural inventory only
neural_assemblies/programs/colt_mnist_spatial_connectome.py	af4161d4fb6b289751e5d15ec140f89493a2a1b04d5e9ecd379e6930c56e3cbb	Python AST parsed	171	structural inventory only
neural_assemblies/programs/colt_mnist_spatial_ventral.py	330d83313e7fdbe8aea4ad9ae8d7183ce5a6f520611b25f7fb75940c2328f36c	Python AST parsed	246	structural inventory only
neural_assemblies/programs/colt_mnist_synthesis.py	2fc79e346b75dec84a4a991ad357916db02e5683e6510a2d003606a24aad6f3b	Python AST parsed	282	structural inventory only
neural_assemblies/programs/colt_mnist_tier_a.py	cb9664eac02ba8acd9e97afb067cb54e75102159dd779a84c48b0bc0ad306630	Python AST parsed	404	structural inventory only
neural_assemblies/programs/colt_mnist_tier_b.py	5f63dcb0a96c430f451eb91e7e5c4ea2d5110de6b435c6f558b15c1b2e622fba	Python AST parsed	180	structural inventory only
neural_assemblies/programs/colt_mnist_tier_b_core.py	eea61e409dde890c48a7792e10f4a65d9d90067fa2fa4bc28d82c825b03e6755	Python AST parsed	129	structural inventory only
neural_assemblies/programs/colt_mnist_tier_util.py	f4a7591e0d660d5234cb24df42919df30d79e4dde48278d02f16e85c62e81328	Python AST parsed	447	structural inventory only
neural_assemblies/programs/colt_mnist_ventral_push.py	55b56220d1b58f4c61cb31564a3969fd3ebd7860c238fae1bf70f538fb26e220	Python AST parsed	272	structural inventory only
neural_assemblies/programs/colt_mnist_ventral_theory.py	8bfd99241fa0f3898dd9248a036bc40a042b814b9651275da25df6f3b4275f8f	Python AST parsed	877	structural inventory only
neural_assemblies/programs/colt_mnist_vision_generalization.py	83865393ec0045eee9f104edc0bbf500fb4a7db12b6eba621e7269085dc9f6cd	Python AST parsed	191	structural inventory only
neural_assemblies/programs/colt_mnist_visual_advanced.py	7c3c9fb5af875c2a2cebaa6d3f105cca0e2bc9a555f4766e3c31d0ba1ada0dc0	Python AST parsed	50	structural inventory only
neural_assemblies/programs/colt_mnist_visual_advanced_brain.py	6e26685a257c8c0b806535b1a5a2beed319fc7bbaec1ae5df8a9094b8727fdc0	Python AST parsed	431	structural inventory only
neural_assemblies/programs/colt_multiassembly_numpy.py	7a548b1dd5489a78b3ac6a21658122dbc7a64e2c38cdc5036a358390b9c52a68	Python AST parsed	189	structural inventory only
neural_assemblies/programs/cross_domain_assemblies.py	06577f0b8eb2b39fd26b85b3934c88ef3af91228a530527a5505bba44cf66e3c	Python AST parsed	794	structural inventory only
neural_assemblies/programs/cross_domain_profile.py	8c81d230aef3d77bf0e1d84e35acd9c99e724013451837213e7da842c2bde6a9	Python AST parsed	467	structural inventory only
neural_assemblies/programs/cross_domain_profile_report.json	cf7d2180cad213cb0e607df0a89916e62bf907394161624956e40ce77d7606fe	bytes hashed	931	structural inventory only
neural_assemblies/programs/direct.py	64cd4ccb6d1aecbe2a164f513eeced50b243ca42d408695093346200e2ecb383	Python AST parsed	131	structural inventory only
neural_assemblies/programs/fashion_ventral.py	807ed301f53b30c6efa423c8659ab0fb61361dadd6d9d8e9946bf81ac34d2607	Python AST parsed	183	structural inventory only
neural_assemblies/programs/fsm_learn.py	d78fe3a40ff489b6673ca197e9c97d2d46576cebc60aae6a2a1bf13bc3145de4	Python AST parsed	58	structural inventory only
neural_assemblies/programs/learn.py	b43e9bed03c21719b20b83e5ebd7739b223ae1861c5a12007b2b0ebf0f18ca57	Python AST parsed	56	structural inventory only
neural_assemblies/programs/markov_coin.py	abc824717e42c0a979ada4c67ccaf45f234f9241afbd30dab8a63500421dd887	Python AST parsed	144	structural inventory only
neural_assemblies/programs/mod3_fsm.py	90312c4bc005739724cb6cb3f8a08c744b1e57136345c2f93eaaa5ef36922128	Python AST parsed	153	structural inventory only
neural_assemblies/programs/nemo_fsm.py	e8d453a9923de1b72b3b245032f8f7e05b8fe8a7277bf6c272d0f01fb7dd1a40	Python AST parsed	411	structural inventory only
neural_assemblies/programs/patch_binding_panel.py	9289041fa2c62ab72134be802c1a806f14c20cc9adeb989126bf6adffd605b28	Python AST parsed	203	structural inventory only
neural_assemblies/programs/patch_graph.py	132ac32370841b1e65c8be1ae983318656ff4c0fb3d60d73826021d797cc4674	Python AST parsed	288	structural inventory only
neural_assemblies/programs/patch_merge.py	ff2a0ccb6fba6e56935d1115190092246c618f3fcdd8f055887ba8055b16e738	Python AST parsed	414	structural inventory only
neural_assemblies/programs/patch_registry.py	aefea905e151dfc316589a8f76d22c120a164bde16f1e2e5004f89a0fcc24f36	Python AST parsed	51	structural inventory only
neural_assemblies/programs/planning.py	05581ff78d6afd18a155166568029671ebfe51f9332da5b22c8e2cf3c24bfaab	Python AST parsed	321	selected source inspected
neural_assemblies/programs/pnas_extended.py	c40868dcb6aa38625e4405d0b48f3d6ceee4493347b47ac0b7716a9c174e47f6	Python AST parsed	150	structural inventory only
neural_assemblies/programs/rule_parser.py	3145139fbbb5cf4b6b6fad1180238e6469e5eb431b3dfe500d858b416e6f75dd	Python AST parsed	75	structural inventory only
neural_assemblies/programs/seq_multi_recall.py	6db7f001b58765a6091fa8a33de22e2273df5d17d86d4c3ee7426df224725a47	Python AST parsed	68	structural inventory only
neural_assemblies/programs/sequence_transducer.py	02d9d8df3bd1613ae6589ac3724d648deb98c2bda5d5ac5120f89b6453f4062b	Python AST parsed	207	structural inventory only
neural_assemblies/programs/tacl_parser_f1.py	8e74c7082bd390ad8e7fee1b780932c0bde2de6cd1b202089a41fd12b5eeb855	Python AST parsed	48	structural inventory only
neural_assemblies/programs/tm_demo.py	f16e4cca900049c317a76dbc96a304023b37d997e8bc431754851d26677f6a92	Python AST parsed	88	selected source inspected
neural_assemblies/programs/ventral_evidence_report.json	b0a9e5b186560c838167ef40260459dcff0cdf725f74a7bcf468a3c0b8a787d9	bytes hashed	197	structural inventory only
neural_assemblies/programs/vision_data.py	cca2721ea077477e2af35c6792a53f5aabfa618afae05a89cc66477f294a5ccf	Python AST parsed	222	selected source inspected
neural_assemblies/programs/word_problems.py	ff81224948fcfce7262b52b887861f132c48f288849a6ae3bbd33d55b271367c	Python AST parsed	180	structural inventory only
neural_assemblies/provenance.py	9aaaa47905164a2bb3122e72a10bb3be3ae347c24adf07afd26c834d0d659df2	Python AST parsed	105	structural inventory only
neural_assemblies/py.typed	e3b0c44298fc1c149afbf4c8996fb92427ae41e4649b934ca495991b7852b855	bytes hashed	0	structural inventory only
neural_assemblies/reference/__init__.py	ab5b6554200a9ebe2769f02da53d2d6f08526e6386afe6645013ca2eb842b8b5	Python AST parsed	1	structural inventory only
neural_assemblies/reference/nemo_numpy/__init__.py	872763c6bb492e74cbd21ca7ac38bcd01ccb7b557f358f229dc254a44fb20172	Python AST parsed	25	structural inventory only
neural_assemblies/reference/nemo_numpy/areas.py	e9c9a7f73ee99cd190067ad6c11e790bf826855a07bf04fd6fd0da45032491b9	Python AST parsed	201	structural inventory only
neural_assemblies/reference/nemo_numpy/fsm_network.py	0b02e3ee2f9b6a008aaf0c5dd2fe603af1b5d0455445d35c3d9aac2db6663d56	Python AST parsed	132	structural inventory only
neural_assemblies/reference/nemo_numpy/scaffold_demo.py	50475c0f76552f8a650d44bd309e05c35aaf4737304a7b116d85376c192ee7c9	Python AST parsed	77	structural inventory only
neural_assemblies/reference/word_order_learner.py	c514848d15d272b76720d3e90b32e1e519736b2327b90e1acdefebfc2e98ce1f	Python AST parsed	562	structural inventory only
neural_assemblies/simulation/README.md	017ca041787ca5de63cb708eab5d8ea7ef6eee41d026a56ef26415b8927f0b3a	bytes hashed	34	structural inventory only
neural_assemblies/simulation/__init__.py	576d829be47406983e6318f089988aed1bb20e484f48a5dccf950f3a1956cd20	Python AST parsed	27	structural inventory only
neural_assemblies/simulation/_util.py	6f14484e43e3a767d68ac94b344fb5a3f6b353e86281a92a4d0763f1b0691e6b	Python AST parsed	41	structural inventory only
neural_assemblies/simulation/advanced_simulations.py	0f4bb69c1bbd57cb78a7673580bdaffef4a156d85bdfacab116881fd8e9d9a7d	Python AST parsed	141	structural inventory only
neural_assemblies/simulation/association_simulator.py	46ce1515e5ab84f2b97698e6bb6464e500416a81f07bf6cd38ff89ae7fe8ad2d	Python AST parsed	158	structural inventory only
neural_assemblies/simulation/association_simulator_cpp.py	452b5265f27f23f9bdc8be1bd925d017fe5b4e9a889e38d669d9bf882ee7c8fb	Python AST parsed	200	structural inventory only
neural_assemblies/simulation/density_simulator.py	f0dabd1bdf91639a21db8055b50398f0080f66b7cf8c82675a28207548e5bee6	Python AST parsed	69	structural inventory only
neural_assemblies/simulation/merge_simulator.py	15b6e93bea803c8b6c148db7eed5db83cd86228158bce0198d5150d68a34aea1	Python AST parsed	68	structural inventory only
neural_assemblies/simulation/pattern_completion.py	b906429e4f7afb1bafca46b90f1921e42254a100655932c2faf32af41bd65ccd	Python AST parsed	173	structural inventory only
neural_assemblies/simulation/plotting_utils.py	004a806e19759b8c8e02b0c8687886e1daff16a37faad15e1140a10706352a42	Python AST parsed	207	structural inventory only
neural_assemblies/simulation/projection_simulator.py	3c96f164c1949fa2ebd49f873a82f7e676de35fabc0a5d7769ac3cf5d6b4b938	Python AST parsed	78	structural inventory only
neural_assemblies/simulation/turing_simulations.py	117e1f555a27d97197b632769a9bad12478ac514bd96be60f946e174c5cb0072	Python AST parsed	141	structural inventory only
neural_assemblies/tests/__init__.py	37c0ae40faf6600d2721b99f7fd94710bc02d3885ace418bb2ee1cd3f6d07b18	Python AST parsed	9	structural inventory only
neural_assemblies/tests/_parity_dump.py	6bc3f0c21e5f2b79bbcbce791c9ffdf760e6566560f2121191cd1a80e263564d	Python AST parsed	29	structural inventory only
neural_assemblies/tests/_smoke_wobbly_e2e.py	057a103aac0f716273d623e5ed09e20e4c132c596da6b73ad3a5f4fe2c288903	Python AST parsed	92	structural inventory only
neural_assemblies/tests/_source_scan.py	3d79456a474eafbffb6964355df5ba13eaaaf562f1d08419445a85f890d99389	Python AST parsed	97	structural inventory only
neural_assemblies/tests/conftest.py	ddf6ad3e54d466873624ee409684e6ea3e44dc457ee41d746ca5dfb901b88b16	Python AST parsed	136	structural inventory only
neural_assemblies/tests/connectome_fingerprint.json	56516a1cac950e3f049fa836937a9245b645b1dc31bb2f5ea8e78e06d0b812dc	bytes hashed	57	structural inventory only
neural_assemblies/tests/methodology_baseline.json	69b5873befca1ee4d692a4ce4cfb6a443fe6880943b10fccb766402c99c8306f	bytes hashed	216	structural inventory only
neural_assemblies/tests/test_ac_conformance.py	db9774d8285ff5d370c75ff03bc30fa4efded5002a328b09774aad9d96f73a14	Python AST parsed	704	selected source inspected
neural_assemblies/tests/test_acquisition.py	a34493a5ffec0e817ca8bfafd86c0b87c7f8e63295ec087a42fdf8cfbfcc5bf8	Python AST parsed	326	structural inventory only
neural_assemblies/tests/test_area.py	cc7cb9dd94716820f2db38a24b68cf393be204c2c7e31c86a190145fec503ce4	Python AST parsed	50	structural inventory only
neural_assemblies/tests/test_area_health_definedness.py	f0516dab7556a1d12e024bd45955084f201dec05e44f5fe303b3297bc29f7e7e	Python AST parsed	205	structural inventory only
neural_assemblies/tests/test_assembly_calculus.py	0ff12abecc7de066fa5386eeab6fad6845ebc39901ee12f4c78935cb137b3b63	Python AST parsed	536	structural inventory only
neural_assemblies/tests/test_autonomous_recurrence.py	c172c3dfe180f6643cf472d32da4129580d464ded74a2bfd9fc842c0e23e1cfc	Python AST parsed	263	structural inventory only
neural_assemblies/tests/test_backend.py	21369e604446fd0c714b8de80c8f57e8c9cb03ef0af7746e8c0e207c0322830f	Python AST parsed	133	structural inventory only
neural_assemblies/tests/test_batched_next_token.py	9fcdd71a2c71cc75f8609e810beb627d06716fcfcff7473879e88dc5056aceae	Python AST parsed	123	structural inventory only
neural_assemblies/tests/test_batched_projection.py	27d835b8d4646d211106db91860f3097838b6de2f2d6fddf5ec03a499bae09e0	Python AST parsed	175	structural inventory only
neural_assemblies/tests/test_batched_trainer.py	dbac1d6a7c7de61d0dbf8a9d4ed37b7e8caa4fff55c4906496af7bc9b376024e	Python AST parsed	129	structural inventory only
neural_assemblies/tests/test_bootstrap.py	eb107bef5aff0ab8234b4592efdddfc5716a84aff2e81d72dbf41b6d73a1b539	Python AST parsed	115	structural inventory only
neural_assemblies/tests/test_brain.py	0dc630d70ec3b818ff12b9b4c33ead76dfb9a06d6c55589f35a6fb0f3f21c50b	Python AST parsed	143	structural inventory only
neural_assemblies/tests/test_brain_inhibition.py	f5da4b9cd2e9951c05b41df0520c22db2fe84fd9aa1840e4d122846841269669	Python AST parsed	232	structural inventory only
neural_assemblies/tests/test_checkpoint_fork.py	d6df564f3b2244838f47b6ed7db2af21b1b2bbe9c25fca679d6b22658be93664	Python AST parsed	176	structural inventory only
neural_assemblies/tests/test_childes_reader.py	526e4617b9b46ec1b6c0c345acb040641dfa565b8e3a0f736dee5d8a19f34b95	Python AST parsed	96	structural inventory only
neural_assemblies/tests/test_coin_construction.py	f460c1fce1a71c3bc2c4652114ccf5176a74ee1b3b217fc143bb498397664a46	Python AST parsed	153	structural inventory only
neural_assemblies/tests/test_colt_mnist_protocol.py	a29fffee04f3d07c4106acb4ab85b186870ade0733db8c0fcdf965252ee7af37	Python AST parsed	34	structural inventory only
neural_assemblies/tests/test_compact_index_cache.py	e318056782377faa1273333e4ca0d234d543d0e64a228da2e8a4734cf90883cb	Python AST parsed	91	structural inventory only
neural_assemblies/tests/test_computation_value.py	72c3df58168a066ff3660fb64f71bf7e83002015a2685223fe51282eea3939b7	Python AST parsed	426	structural inventory only
neural_assemblies/tests/test_connectome.py	8118a123945c2009a683f4e21abaaa66344ed256f306586cd006a1c3be3e45fa	Python AST parsed	39	structural inventory only
neural_assemblies/tests/test_connectome_capacity_clamp.py	c9a42583d78b64dd2696ef8f74003d087fe99db2ad77e8201c8ff7d90968aa2e	Python AST parsed	113	structural inventory only
neural_assemblies/tests/test_connectome_representation_fingerprint.py	7e3c77ceffcfdfdc8f109f651b5733ac22702dfb8c676023b0f3e15a5922f741	Python AST parsed	168	structural inventory only
neural_assemblies/tests/test_consolidation.py	ad93a6ab50232175af10c6c9b03d535eb296637a8562e729143a9758b71a17a6	Python AST parsed	171	structural inventory only
neural_assemblies/tests/test_conversation_curriculum.py	8c115fb71be49a459149bf45634fd76eaf7a2611962daf56edde764ec0a41b42	Python AST parsed	117	structural inventory only
neural_assemblies/tests/test_corpus_grammaticality.py	aa2c4a4440f6f6e5e2d98a21ebbd6d2f6f225652162f0ea2e954479786f7cc85	Python AST parsed	252	structural inventory only
neural_assemblies/tests/test_cross_engine_projection.py	ad3ab915b4de73a2f7d265e534a0f5bf8c1903eb614c3b41d3fc1a8e30bfe964	Python AST parsed	242	structural inventory only
neural_assemblies/tests/test_cross_process_determinism.py	f1ffd3dc9f578cc4cf9325568a28a2f6cceab98d0066d1ae6f2f9ac17d36e700	Python AST parsed	110	structural inventory only
neural_assemblies/tests/test_cross_repo_parity.py	040c86e1dcddf3d790b21df4d9b5a7b64c438f0cdc7760032a940e9e7430b961	Python AST parsed	439	structural inventory only
neural_assemblies/tests/test_csr_drive_cache.py	79fff71db932dd314b9462cf5d19af7676aa850138903d11b3cb793d2c453eea	Python AST parsed	159	structural inventory only
neural_assemblies/tests/test_csr_storage.py	906760ae44246a88a161add4adff60374b1da8e0f5cdd4a9c7b515730917016f	Python AST parsed	156	structural inventory only
neural_assemblies/tests/test_cuda_kernels.py	501490d0b4aaf04f2cf0256a6cab813f686ebba38cd091653605b2138ab19b39	Python AST parsed	256	structural inventory only
neural_assemblies/tests/test_docs_examples_smoke.py	b2de94cf521317012839d20d891a65d3778d9f6c9ab5cda64b24ae0be932f84c	Python AST parsed	85	structural inventory only
neural_assemblies/tests/test_drive_and_binding_are_orthogonal.py	47f1494a8a8fd2c6cfe222cb526dab9105b4c1c8742b73c9f0d4098be1bdb988	Python AST parsed	190	structural inventory only
neural_assemblies/tests/test_emergent_agent.py	3f9d91b363a4bee5c9523905a2d41a3ee38e79d5d6d07efcb8de7b584d814249	Python AST parsed	320	structural inventory only
neural_assemblies/tests/test_emergent_parser.py	3d508dea69e1a1954234a2fbb6f8e5637c5a81159688f3d902d586db21cb582b	Python AST parsed	2139	structural inventory only
neural_assemblies/tests/test_engine_backend_isolation.py	8ea191a564149bad1409187f737013ffcd4e1c36e69362e2ea10c781f38bfa74	Python AST parsed	152	structural inventory only
neural_assemblies/tests/test_engine_e2_overlap.py	0c3dd1d8e89eb59a468d116824b05f6d5d62f0da116d6ae911dc1c0b50d09422	Python AST parsed	140	structural inventory only
neural_assemblies/tests/test_engine_parity.py	bbd655b3839ec3eff0ce007a731112a307ba8c814eb9372ca5f14a66df64354a	Python AST parsed	152	structural inventory only
neural_assemblies/tests/test_engine_pricing.py	022f3123becf85fb1cfcfc3aacb48e9e6d35bbada7c6aeb7b3248b70f1cc4b6e	Python AST parsed	276	structural inventory only
neural_assemblies/tests/test_ensemble_helpers.py	5c131f5bf9a47bf65e4b2e04c01541f3243fdcd09aa2b0e1b40b2f4d61e93ee9	Python AST parsed	278	selected source inspected
neural_assemblies/tests/test_epwta_gpu.py	089cbb127ec067dfe457e70fcafe70648400be6120dcfea125f3222e33b3e0ee	Python AST parsed	46	structural inventory only
neural_assemblies/tests/test_erp_area_matching.py	5c1beb920570bb6ee21a9b4df14c2b04aeb142e35263d0d33dc21bf916cefdc3	Python AST parsed	230	structural inventory only
neural_assemblies/tests/test_erp_calibration.py	76872f6fabc05e4ad3ac9dd7cea61ab35b9e36951b0a0177b48dc2086c20e99d	Python AST parsed	152	structural inventory only
neural_assemblies/tests/test_erp_gates.py	8b0efebe4fd6da4a4d5dfbffea49be4c386f2ad88d3492dc6c85b8591965a721	Python AST parsed	50	structural inventory only
neural_assemblies/tests/test_erp_integration.py	9f6f669f0940bba70ee2c7c9876eaf56ac1de48047ce364020017653d621940e	Python AST parsed	44	structural inventory only
neural_assemblies/tests/test_erp_metric_range.py	92f240f49876beb4f92a1b9e79bbf479039a4eb8d57c072c0ed9feb7b8472ba8	Python AST parsed	165	structural inventory only
neural_assemblies/tests/test_erp_probe_is_alive.py	6ee200fb6a89989745fbeed945af5637214536175fd41189e56afc8d6f85911c	Python AST parsed	149	structural inventory only
neural_assemblies/tests/test_erp_probes.py	a84ca96a0ac78c227c7539d9b1eab4ebc1ca1a59ad331098dcea9e7b502ad0ae	Python AST parsed	54	structural inventory only
neural_assemblies/tests/test_erp_protocol.py	10cd28e20593e0e474feb056d7ce8f458c206eecc95db86986f739980bc968d3	Python AST parsed	113	structural inventory only
neural_assemblies/tests/test_erp_quantities.py	5694db5f4b04f8b385d1c1fe0794d14cf470a7328568bb91a01bfe2a10366fee	Python AST parsed	136	structural inventory only
neural_assemblies/tests/test_exact_engine_ladder.py	cd28585b66b3e2cc9f91f9c644c60a2c17c89f24a44c3cdcf5e8efb4cf38cb19	Python AST parsed	805	structural inventory only
neural_assemblies/tests/test_explicit_engine_reachable.py	c13079f3dff2bb01079d3dfc6ea5492abc0eac66f0e4fe31c4ff991ecb1b9166	Python AST parsed	154	structural inventory only
neural_assemblies/tests/test_explicit_projection.py	813dbcd892e955d2bab04504f2fa206dcf5a66e7c2f85867231c9870117ead33	Python AST parsed	79	structural inventory only
neural_assemblies/tests/test_fiber_census_both_engines.py	4f83865a6cc7cdd9cbcc4b45beb703b5a3fb0898d5f0baca788bbb114719f161	Python AST parsed	134	structural inventory only
neural_assemblies/tests/test_fsm.py	f71a336bf447a47700baba8c4318f92ef111180929d43ecadb682616e4a49372	Python AST parsed	105	structural inventory only
neural_assemblies/tests/test_fused_cuda.py	6e3522804d245e983f458b3296e05061e7ec6d4889451b02b113949ebaefd52e	Python AST parsed	760	structural inventory only
neural_assemblies/tests/test_h9_diagnostic.py	eac8a8199133fb9aaa74eb20273474b75e2cfffa21280a3b2370ae9cb8349423	Python AST parsed	31	structural inventory only
neural_assemblies/tests/test_hashed_aligner_parity.py	3c044d506b6f8f75c1360a7c5726348047f0a1f7fa0efe2e0a0cde34ce317499	Python AST parsed	223	structural inventory only
neural_assemblies/tests/test_hashed_fsm_parity.py	8fadb1311e8365fd46e9f7ace05e036fcc2216d3c249471754e861af6f116130	Python AST parsed	188	structural inventory only
neural_assemblies/tests/test_hashed_substrate_parity.py	306d4636df4e065ac6ab38262b133bbaa22840a31ef14f7a99cdff3089026e07	Python AST parsed	514	structural inventory only
neural_assemblies/tests/test_hashed_transducer_parity.py	8e264874e8426426ab73c8e869d06c366412aa3bb8c0404f0275af1363d89a7d	Python AST parsed	205	structural inventory only
neural_assemblies/tests/test_hashseed_determinism.py	2e7992b6861b08c2c50361d6e3d00ca9cd5363e0f66d25ce49b9ecf4d0e8a0e5	Python AST parsed	190	structural inventory only
neural_assemblies/tests/test_homeostasis.py	3717548a96b1f58b79604f0a85e658f76bc35ebb68b84364a0f6cb6201938b8b	Python AST parsed	140	structural inventory only
neural_assemblies/tests/test_image_activation.py	3d5a7a27403a8a8f898fb31c9707dbdb0dfaa87cf8d3974387776f86b62105c4	Python AST parsed	63	structural inventory only
neural_assemblies/tests/test_index_space_ratchet.py	2a3af803fff8389a0fb04732dae1d050bbe684bcc3f9c91b451873343236a0bc	Python AST parsed	411	structural inventory only
neural_assemblies/tests/test_index_space_types.py	1e547f634dd426b0c4097d966d3412519923eb3689cdfe74fbc7ef84a9f59b36	Python AST parsed	99	structural inventory only
neural_assemblies/tests/test_inhibition_primitive.py	59a282179b4945702bb5f530fc0756c028b33413ca285682bcb1e625155dae06	Python AST parsed	231	structural inventory only
neural_assemblies/tests/test_ir_and_cross_lang.py	2447958e179215dee8b505b31b9c6a51b56ab34aec505cf15b966768fbcd8a62	Python AST parsed	83	structural inventory only
neural_assemblies/tests/test_kwta_prune.py	656d86de2331c00b9a48e54fcca411d261d38f1059aeb952d471498aedd02213	Python AST parsed	260	structural inventory only
neural_assemblies/tests/test_kwta_prune_engine.py	e6c500952ef0817706818a15bd8b48ae53e437a70081a7d286dfcf73f2a6d0ae	Python AST parsed	215	structural inventory only
neural_assemblies/tests/test_language_parsing.py	2eab0d7026c9e05d0ab959a9e88e99aad4b4b2743c310247e4e359707fd7533d	Python AST parsed	80	structural inventory only
neural_assemblies/tests/test_lazy_imports.py	faff177c946eeb89c1d31e3129010fa43ee5d783108864627fd35f8c42f5333f	Python AST parsed	164	structural inventory only
neural_assemblies/tests/test_lexicon_index.py	a6581dc9834571487d52ac30f9a6365ac1959af396438ec4f1727a02c95a779f	Python AST parsed	129	structural inventory only
neural_assemblies/tests/test_literature_golden.py	95c585a53734ca4bac26d82a8f300721e6bc6cd562ea61b940f1a60c9aee684a	Python AST parsed	357	structural inventory only
neural_assemblies/tests/test_literature_index.py	9a8cee1217be25f4e8c26ce9adad4532732291c1a5689d7cc4c7f34cd2c8fc73	Python AST parsed	152	structural inventory only
neural_assemblies/tests/test_literature_parity.py	812ac2446d2e7541de4cd7164b0d44ec8abfbfff6ddfc89d198260deaea86306	Python AST parsed	650	structural inventory only
neural_assemblies/tests/test_lri.py	8ab5ac924aad2ce64f4afc6379f959a6f74eede378035dca29f51fae84c6b264	Python AST parsed	205	structural inventory only
neural_assemblies/tests/test_materialization_semantics.py	c1b283f296c95353c5ad0796582199d7a3f2613e1f4998ff124b75e63baa530d	Python AST parsed	270	structural inventory only
neural_assemblies/tests/test_materialize_area.py	4a7f503d8d6afe7ce97070574e25f9e99475e0df51ef2ce2124148b2e86af908	Python AST parsed	158	structural inventory only
neural_assemblies/tests/test_materialize_stim_fibers.py	d14406926a8d1f16b0d9652b9946e69722f582e4885a125a2061e8ca16b20815	Python AST parsed	151	structural inventory only
neural_assemblies/tests/test_measurement.py	10be784fa7069b7087c24ca4a961ba8815cc89b600b0ef485272d7fc5700f1d5	Python AST parsed	96	structural inventory only
neural_assemblies/tests/test_mechanisms_fire.py	998e00b210b345bc81ea448d3ddbd87e590f5920cf033ca800da06c47d5b8ce5	Python AST parsed	271	structural inventory only
neural_assemblies/tests/test_methodology_ratchet.py	07693a84d56ba7cf681954d2601f556aa02221ec6fe3515f82a33ef317347e9a	Python AST parsed	270	structural inventory only
neural_assemblies/tests/test_metric_binding.py	325a0a3c1b7c0f0ff256428ed208783a44487e8136887af0b1757e74bd046648	Python AST parsed	127	structural inventory only
neural_assemblies/tests/test_metrics_kernels.py	949ef56b838b5965c2589f47fc6f4b563a20ec3dca5a4e3c6ea88decbe20ce7c	Python AST parsed	48	structural inventory only
neural_assemblies/tests/test_mod3_fsm.py	b4401e5e084b6eb8c95cede7d9e9faefe71ef42c49e457340b11b3f707f2a9c6	Python AST parsed	39	structural inventory only
neural_assemblies/tests/test_morph_recall.py	169991fdd9b5eefc445265474f4ae54eb55438b09089b1863c9b786426fc2177	Python AST parsed	149	structural inventory only
neural_assemblies/tests/test_multi_mood.py	b0f20ecbd67bade3835ba58a1efd05a4c77efbbc22ed2d3c69380f9b1f22431e	Python AST parsed	120	structural inventory only
neural_assemblies/tests/test_nemo_fsm.py	053d4ac7fd93547cf30d78d49b96b0bbbb079f3348d7e0c2eda3e94a4c50d37a	Python AST parsed	126	structural inventory only
neural_assemblies/tests/test_nemo_patterns_core.py	56fbd839c59bce9d9250230e704745c0d02f2d36660eab9e3c1c929893f9422e	Python AST parsed	336	structural inventory only
neural_assemblies/tests/test_nemo_rules.py	6f89c04f4d8a8dc7090fad2948de15ec0f830ffb911466003fa49b55b494cacc	Python AST parsed	264	structural inventory only
neural_assemblies/tests/test_next_token.py	042f85a196dec892559fd9156ccfed0ec65c6cb6e56d470dfa86b837cff84703	Python AST parsed	197	structural inventory only
neural_assemblies/tests/test_next_token_scaling.py	cddcb3de6ffcb3d0cbfa7f6c35e261ef1217a32270d641e4134f85a14e160c00	Python AST parsed	486	structural inventory only
neural_assemblies/tests/test_noise_robustness.py	99ad1bf89c01c87eee19be9955c730dcf8632d9dec46b0c495fd524c767ef739	Python AST parsed	262	structural inventory only
neural_assemblies/tests/test_norm_degree_counts.py	53aef6b3baadacbd37977657e1d474bf631919eea08c899c29dfcdf538f45886	Python AST parsed	116	structural inventory only
neural_assemblies/tests/test_norm_init_materialize.py	b7d02dfbd02580961d12913b83ab223f59b12d8651219926f8e15ad467399f95	Python AST parsed	115	structural inventory only
neural_assemblies/tests/test_novel_chat.py	65657909b7a46d09de7afa6b7c3cba7481b9cdc9cbda2f29df14008493fd0186	Python AST parsed	84	structural inventory only
neural_assemblies/tests/test_num_ever_fired_alias.py	1508fbe8ec616f9f280ac893c36b8d36d2e95916068aaef6682920ee27cae4fd	Python AST parsed	92	structural inventory only
neural_assemblies/tests/test_parity_infrastructure.py	17feb1ac0fdd4c8348acbabfae1809aa5c0d88bbbf074aea5077e0c87e898887	Python AST parsed	77	structural inventory only
neural_assemblies/tests/test_parse_errors.py	3dd4ef6a589a381a5fffa954d2adfcdc891f165a27a31c443b6a901fc38f2ef6	Python AST parsed	312	structural inventory only
neural_assemblies/tests/test_parse_errors_live.py	33a22a2760ecd6c26b7925a7feb5c807d59ed29bbd8a7ebdf56f6c1b314c963e	Python AST parsed	188	structural inventory only
neural_assemblies/tests/test_parse_idempotence.py	80d36ee4952bc9c09a8df129a5142e57b1dca0f255cb8934dae72392f5562bfd	Python AST parsed	132	structural inventory only
neural_assemblies/tests/test_parser_composition.py	a03d282d72a1930704d772b4dade705e8e0bfea4493658ee2888b176ecdc72ef	Python AST parsed	288	structural inventory only
neural_assemblies/tests/test_passive_voice.py	cdf444a64e16dd808e7904dac8065eae0ad87aeeef400545be15962ca2aa3462	Python AST parsed	199	structural inventory only
neural_assemblies/tests/test_patch_graph.py	f05c4837da223e92cbeaae9bb6c74b4f65e52de91c1de071d7bd6b6486bbb51c	Python AST parsed	59	structural inventory only
neural_assemblies/tests/test_patch_merge.py	c78a9687e5ca211983ec3f593cc4dc7ba84cebacc8d36c18952982ebfe15bb3d	Python AST parsed	39	structural inventory only
neural_assemblies/tests/test_per_fiber_beta.py	e9ec94d748631bc313f606aa138eefbb925513cc787b8ad7f8a6c7bc65e5159e	Python AST parsed	101	structural inventory only
neural_assemblies/tests/test_per_fiber_density.py	650238c3b6e67561cda22e43aae349920edbd450e9f10805c3895123f9b16d60	Python AST parsed	152	structural inventory only
neural_assemblies/tests/test_pfa.py	3fb3148b503da51703460cd86ca44e5a47df37a90eeed716d4e123f549e17a44	Python AST parsed	129	structural inventory only
neural_assemblies/tests/test_plasticity.py	8efc47494c1e0442e8d0f6e1de3fbacde8a48f75288cd63ba0838836e5ad69cd	Python AST parsed	158	structural inventory only
neural_assemblies/tests/test_prediction_landing_surprise.py	33a9bac204ef973b6c08e7fb78916138252b4d3cb5b86f4657288f090c8e4ad6	Python AST parsed	69	structural inventory only
neural_assemblies/tests/test_pricing_per_fiber_p.py	f1e967a5bb30f0e4f5b555821483822fb7227cade2bc7116edb241d1ad88f553	Python AST parsed	76	structural inventory only
neural_assemblies/tests/test_projection_parity.py	a9d467c9ad4920903b0210d9afb2254ce71f60d5876e47ce7652446b38ef26c3	Python AST parsed	313	structural inventory only
neural_assemblies/tests/test_read_only_probes.py	5af72d823e912e40992d424c0f31efa213f283beaca75e4d6fa07d8fbf1d06e2	Python AST parsed	174	structural inventory only
neural_assemblies/tests/test_readout.py	93e0c7118e99b76a07f162d72206ee292db1796311ccb6ea8f99c836f9ba47d2	Python AST parsed	108	structural inventory only
neural_assemblies/tests/test_reconstruction_readout.py	9e200e63b9c6e61ae21682d9fe8ee9a6d20f32829984ba5ba3c5e2c49d4a59e9	Python AST parsed	142	structural inventory only
neural_assemblies/tests/test_refracted.py	78e7d615ef8539492efcc0cba261f1a946be8071ed555bfaddc1c4715eebb56e	Python AST parsed	272	structural inventory only
neural_assemblies/tests/test_regime_warns.py	8d5afa461ad9d588263da9c24dc94fafe07cc6289c3dc30353184beeadfccf0f	Python AST parsed	118	structural inventory only
neural_assemblies/tests/test_research_harness.py	bf411d8c4875c9e8ca509695d83bf36f24cbc2f6e2b27792b6d62ac12de2c69f	Python AST parsed	210	structural inventory only
neural_assemblies/tests/test_role_bind_gain.py	3e106f9db2595e619f82340e4daaf0371aa8bee9371b40bb03b0488f9f57394e	Python AST parsed	102	structural inventory only
neural_assemblies/tests/test_role_binding_deficit.py	c1700ed9dc135cb995c7e5f12e67a2278a87522b4a42f61dd6992a26f60994fb	Python AST parsed	82	structural inventory only
neural_assemblies/tests/test_role_binding_margin.py	f00692a4636fe9003d63e922b98477c3e76f56338350282f541a33e1bb35d8da	Python AST parsed	151	structural inventory only
neural_assemblies/tests/test_rust_kernels.py	4a241491029bf6460e7e51856339fdeff6d10c8fa66e098ab496446cad915267	Python AST parsed	162	structural inventory only
neural_assemblies/tests/test_scaling_scope_and_setpoint.py	ab7ed012c8d560529709e12e538728651324ecb8c651908f628061ece43e46d2	Python AST parsed	149	structural inventory only
neural_assemblies/tests/test_scene_derived_roles.py	e059ec537688ae27a7f21a4a2fb0d2d9cf2302f5948972228ed0b6b97763f696	Python AST parsed	200	structural inventory only
neural_assemblies/tests/test_scheduled_aligner.py	42899e29d3d4b98e6461c2830c5a6ae0b36d71cffa796edde5c2ead06b574288	Python AST parsed	146	structural inventory only
neural_assemblies/tests/test_scientific_status_docs.py	e2928b950da2c9fbe485f99bf0991c626ce77545214243d85474be2978a34088	Python AST parsed	18	structural inventory only
neural_assemblies/tests/test_scoped_synaptic_scaling.py	3c19c46364b24a24885aaac7326e2149b8d5a9b215c039c6008aca51d1672401	Python AST parsed	146	structural inventory only
neural_assemblies/tests/test_seeding.py	32145b7a8b72154ddc4a83b75f60ace22a62e9153d8d01f357f17f6e7ef330f6	Python AST parsed	299	structural inventory only
neural_assemblies/tests/test_separation_statistic.py	7a5d6c1b6e63a1a3f26fb2446e548127ad97c914df1f3e5524d6f56d7b4ccfd5	Python AST parsed	128	structural inventory only
neural_assemblies/tests/test_sequence_recall_sweep.py	ec7ff344004b0ba8b8433d28cf5eb8774c7a2f9222e9cf8e8ad78b86efa02c4d	Python AST parsed	711	structural inventory only
neural_assemblies/tests/test_sequence_transducer.py	ae48151bbea88bb5cdc8aa20b78cba43640a6d642960e23f639d866684cfc7ca	Python AST parsed	253	structural inventory only
neural_assemblies/tests/test_sequences.py	625efa6a985085e6442e0f85193d4a1e772d430672177c77c893c8e692c80c6f	Python AST parsed	272	structural inventory only
neural_assemblies/tests/test_silent_drive_failures.py	00435029cfabd0b47ae753ff8321dd65b0939e294257490876757165e702fb07	Python AST parsed	190	structural inventory only
neural_assemblies/tests/test_simulation_integration.py	1cbd951be669d10a4bcb2501bc6a024fda9d31104678474c0be55a9b9be1d972	Python AST parsed	133	structural inventory only
neural_assemblies/tests/test_slot_wta.py	b4085c2491b1d9fdfff4d450ac0c46053f97967899843c58b4b86ef881e864bf	Python AST parsed	34	structural inventory only
neural_assemblies/tests/test_sparse_simulation.py	a79f4f4386c1df2b0b99a06594854eea0ea61d68539c53615a47540c75f0b757	Python AST parsed	357	structural inventory only
neural_assemblies/tests/test_sparse_simulation_integration.py	8492321cb7a7306a384e5353641aab0b254f4d06d067f9048791b712e0468149	Python AST parsed	269	structural inventory only
neural_assemblies/tests/test_split_feature_areas.py	d3159f5b4ce926c2220e06835d1b279da262b30a174f205c27613d754dfa8223	Python AST parsed	331	structural inventory only
neural_assemblies/tests/test_stale_fiber_coverage.py	be90ad249ba083cae7259718739d754c1123f0bc62b24e64003d0d1eef5edc15	Python AST parsed	118	structural inventory only
neural_assemblies/tests/test_state_prediction.py	4b6ed841637ae773417af85a9bb339ea600940dcb34ccc5bc942cfb7d9c2af16	Python AST parsed	80	structural inventory only
neural_assemblies/tests/test_statistics.py	6169145e2b67cc0b36a770250564617186a447da8e89a9a40b48d993a6eaa5d4	Python AST parsed	816	structural inventory only
neural_assemblies/tests/test_statistics_performance.py	f319190d7c328133c69886da44698e9e450b291ed6b09c1f9bc8403fe44dc861	Python AST parsed	414	structural inventory only
neural_assemblies/tests/test_stim_fastpath_equivalence.py	6765bf1310ea1e60ae2cb1bec5564c121674b23ccf0949b5a0f37ba023ac09c7	Python AST parsed	184	structural inventory only
neural_assemblies/tests/test_stim_init_engine_parity.py	630eed267e74e9b957f35a1c963b7e5cf614924071c42cced6e754a32eff9396	Python AST parsed	94	structural inventory only
neural_assemblies/tests/test_synthesis.py	f63727d023becb5e859c43cec53c8ebd0607739810f9c7460c6449f85e18d314	Python AST parsed	42	structural inventory only
neural_assemblies/tests/test_tacl_parser_suite.py	4c126105b47ff65b31b614de37bdb0a44880b4a7d930f0c715b63182121962cf	Python AST parsed	143	structural inventory only
neural_assemblies/tests/test_theory_citations.py	7d0e2ea511224db4472642c3f44ea1c907de5626bcdc7469e805c919d0de63a5	Python AST parsed	85	structural inventory only
neural_assemblies/tests/test_torch_engine_scaling.py	56517b2526f3a718a50bbd8991089a82d12e25516f5706de09b1b7d1e3686b88	Python AST parsed	187	structural inventory only
neural_assemblies/tests/test_torch_hash_finalizer.py	5dbe2699eb08290b329b403b4a3a3d70ff8a25e50d3c01fbc280fc7cc165318b	Python AST parsed	107	structural inventory only
neural_assemblies/tests/test_torch_parity.py	be3e99a689fb5407f8bdbd1ae05ec6282d80fdb62f76940880fade5f4a35451b	Python AST parsed	499	structural inventory only
neural_assemblies/tests/test_torch_saturation_and_densify.py	c9ed2dd9c0537a5d859d62f74662cd87e850f563838b046b6992b2af0690cea1	Python AST parsed	145	structural inventory only
neural_assemblies/tests/test_trace.py	872beba92948f4ad3d2ac845775c6d084558fef77467643678f81d4c7c113d84	Python AST parsed	268	structural inventory only
neural_assemblies/tests/test_training_fingerprint.py	c24c49ac0bad1d45b2632fe3d4960d3c761f12a4256a6474c85c6bcfec611de0	Python AST parsed	228	structural inventory only
neural_assemblies/tests/test_training_generalization.py	5535be72b295bf8115f42b4a06fa06b7554be4fdc1b54aebec98eee9a6ff85e1	Python AST parsed	245	structural inventory only
neural_assemblies/tests/test_training_perf.py	9fe143b01c632e44af9bc22595e982c5b1cff0c49db62f24eb09b9e1a824aedb	Python AST parsed	1173	structural inventory only
neural_assemblies/tests/test_transitions.py	fb80c4a157c761edb67dabc6611451592da933238983f2f47c395d7bdcc9973e	Python AST parsed	91	structural inventory only
neural_assemblies/tests/test_utils.py	51503eaa8df3f23fce433dcf198f0481cc1532672a7e97791c778cf92443ca8d	Python AST parsed	35	structural inventory only
neural_assemblies/tests/test_ventral_evidence.py	0f25311f4a1aecf3907f59de1935c5a2e2855b09062d99a5aebd72ce6ea42014	Python AST parsed	216	structural inventory only
neural_assemblies/tests/test_ventral_push.py	aa07b3dd37f7b42eb285dc21d3740b2380e35b51674a815e9b30d6ee7c3ed113	Python AST parsed	35	structural inventory only
neural_assemblies/tests/test_virtual_weights.py	b17d0c4bcdd91011dacdc5553bf4a5be64d49918e11ed709a5d76706d841b757	Python AST parsed	163	structural inventory only
neural_assemblies/tests/test_virtual_weights_integration.py	f235bd24f47160aa29070367bc2ef21895633db27816d1c6ba6d4e782cf5dbcc	Python AST parsed	141	structural inventory only
neural_assemblies/tests/test_viz.py	f001de62796302c9c3e220c7b36f4732efb72f1b6bc983afa95646f5357af0c9	Python AST parsed	220	structural inventory only
neural_assemblies/tests/test_winner_policies.py	22419014a84c1df1e65a766509ec656d5b85cef0b5bcaf923bd3e08312493792	Python AST parsed	97	structural inventory only
neural_assemblies/tests/test_winner_selection.py	2a6bed98706c6ced05fcb50a6325edb925494419260368ad4be88f3ae5c78052	Python AST parsed	156	structural inventory only
neural_assemblies/tests/test_wiring_declaration_order.py	9f77e8a19bcfc23f79d4a5557f68b2d352e7c09c9ac95442084881f6e0a40fe3	Python AST parsed	98	structural inventory only
neural_assemblies/tests/test_wiring_determinism.py	1f55ea639340b1c9046b606698216d12155f1284f68e96bc91cb60986cbe1099	Python AST parsed	111	structural inventory only
neural_assemblies/tests/test_wobbly_bootstrap.py	1975f4691d7cf3bfb372371e4329087cc1969bb0ab063bdab094b5700b093f0a	Python AST parsed	222	structural inventory only
neural_assemblies/tests/test_wobbly_stress.py	1e4fc193bdfa2006f7bfbc14cd81bf0101654f7a0b5ba75060a7e96c18b9ef4b	Python AST parsed	277	structural inventory only
neural_assemblies/tests/test_word_order_generation.py	2b32c2d2fd0bae9c7117664e7cab68a9a404ceaa88f1e460a2a00aacd70bf50c	Python AST parsed	48	structural inventory only
neural_assemblies/tests/test_word_order_learner.py	299e8170b98b1a371238d3661d80afb305eae380968f2695dfaa2b55e6e0eb3b	Python AST parsed	149	structural inventory only
neural_assemblies/tests/test_word_problems.py	63281ba01febff593ee4f302fbdceb60655f766b57824a1f6c204e0a371ddeba	Python AST parsed	156	structural inventory only
neural_assemblies/tests/test_zz_audit_control.py	2e0e31bdc89dcec120b0cc39615936f69d4ac677a88a81d5771ee7c6390e64d1	Python AST parsed	36	structural inventory only
neural_assemblies/tests/virtual_semantics_fingerprint.json	88cd9635ce96b429a5e3f304ee8da9ae87f0fbddfb3b2245792ddc52d449c634	bytes hashed	22	structural inventory only
neural_assemblies/text_generation/assembly_text_generator.py	00cccefcee2c9c71facdcfb66b3f150a8b4db8d978597539419e26cc20cc0b28	Python AST parsed	312	structural inventory only
neural_assemblies/text_generation/grammatical_assembly_brain.py	98ad1f96bcd69a5b1283e6f3263cb2c0f859b83aa3923e8ca5e4550c9e5c991b	Python AST parsed	593	structural inventory only
neural_assemblies/text_generation/robust_grammatical_brain.py	2471be6ef547c28826f8316f411bf0a404e28bf46b798cf3fb188089b2807174	Python AST parsed	1005	structural inventory only
neural_assemblies/theory.py	32ad3bc4fee96c4a73466e53734f524f1ca6f72900451cc380dd646173c589f1	Python AST parsed	919	selected source inspected
neural_assemblies/utils/__init__.py	c9e73935620291c51382a4491f9b4f4b01d3b34b63819fad149d42f919575d77	Python AST parsed	10	structural inventory only
neural_assemblies/utils/math_utils.py	945f49ff54a341a44a348d931bf462c4e18e1782edee91f6d639ced1cad6d742	Python AST parsed	127	structural inventory only
neural_assemblies/visualization/__init__.py	16ec0aa47f0e76e1139d53b8304a2904c0d062c00c89439d47d2870dd78e167a	Python AST parsed	41	structural inventory only
neural_assemblies/viz/README.md	776b25041e540dfe154fc30d13088ba047c5e5a20c40a7eec91e5b4c6142f774	bytes hashed	27	structural inventory only
neural_assemblies/viz/__init__.py	f69144a157f1ad4d153e35fa83a832972327ed4c71d67f2fe5c238df701318c9	Python AST parsed	36	structural inventory only
neural_assemblies/viz/flows.py	927b3ba8e4e3b1e6a7a17e66cf73d9d212fefca2b49a920367ae83ec2b810997	Python AST parsed	111	structural inventory only
neural_assemblies/viz/grids.py	25b9c8c8d6a0cd9039caebaa4a4cc3c23bf56be5f0e0e3e55e279e2c9be0a1a4	Python AST parsed	120	structural inventory only
neural_assemblies/viz/overlap.py	43803fb5b790938f7112a892e81bc2241c5ab912cc987127ea5c92046ccb727d	Python AST parsed	82	structural inventory only
neural_assemblies/viz/sweeps.py	2e00a82f6091dec379e273e9614d251aa1197de3f6dbbac93d1eea961dfaa21a	Python AST parsed	54	structural inventory only
neural_assemblies/viz/tracing/__init__.py	a2f0c93fd778b2d86f176dcbd703538fddba7a0e3d8f79153fc4adc562c91083	Python AST parsed	17	structural inventory only
neural_assemblies/viz/tracing/plots.py	5570d04542a21dca080986b933c5dd8f3f632202fe7bdcccf3198b473ae4a63e	Python AST parsed	266	structural inventory only
pyproject.toml	b1b2347d2d47206fcdd676ff2d5627e19502fd39aa7fe52125137c7016d50f04	bytes hashed	165	selected source inspected
research/GETTING_STARTED.md	42b9c7cbd75aeaba01b5df8cd816df98122d60adb2b6bf4fbfbba3d8ff6e56f0	bytes hashed	132	structural inventory only
research/PRIMITIVES_AUDIT.md	76e3ae0aec13a5c438b0188816a6b13790f70ba595acdcf496cefd501d172d8f	bytes hashed	152	structural inventory only
research/README.md	688348f37cebb8c9897c9d6dc7dc472162f2bfe8f58f0ae3ac02b5b03e75157b	bytes hashed	136	structural inventory only
research/SCIENCE_GAPS.md	2670b56bbc3ec02b1e95a75a2ea72e1437c3e06d4882622f83e5f4c221cea9c9	bytes hashed	79	structural inventory only
research/claims/N400_GLOBAL_ENERGY.md	ee35bdb79960ef35e4da8e14eda5fdc5a4f0f9e0fac1ecaac488b1c74b5c370f	bytes hashed	304	structural inventory only
research/claims/README.md	74fe5189fae4a29038c0835294fb6f352fc03fe9a002bd2e82377c3be4aaf6c6	bytes hashed	29	structural inventory only
research/claims/index.json	314ad38b0025bf1cfe8d83d81592babb04cab57c5ce2eaa4374d441f902be069	bytes hashed	115	structural inventory only
research/claims/validate_index.py	76851d8b7ffbd0cacd5ac6972a6b18f695d16efdc1bebe07122aca169527db4d	Python AST parsed	64	structural inventory only
research/core_questions/Q01_assembly_stability/analysis.md	a70def37b9d626d5b31b6fade57e8ea13ff0cf614c94da47eb401af9a8b2e920	bytes hashed	25	structural inventory only
research/core_questions/Q01_assembly_stability/conclusions.md	5cddcef075a513f61e968e1a3aff8ce777150ac08fc772afbd0223c6c5f8173f	bytes hashed	19	structural inventory only
research/core_questions/Q01_assembly_stability/experiments.md	f38ab26ca166388d2018d09074309d1d6fc50add897f48f33a9fea02c6eb06a2	bytes hashed	25	structural inventory only
research/core_questions/Q01_assembly_stability/hypothesis.md	2625c5d1b0ebb50d40c0b86bc1ef7921aaa47f96e475bede4822b756394e1e19	bytes hashed	31	structural inventory only
research/core_questions/Q01_assembly_stability/results.md	c2f382709aae55c51f7ab5dbb7ab97554e6ea5db05834221fc080aa57cbefcef	bytes hashed	34	structural inventory only
research/core_questions/Q01_assembly_stability/theoretical_basis.md	4adc8894e33fd4665b1145ba88b7a1aaeca78a83239bad36343862ed641ee64b	bytes hashed	21	structural inventory only
research/core_questions/Q03_scaling_laws/analysis.md	10c0829b2e2bef950bd631d1b7470e70979ced1223941003674e4946a325c0e8	bytes hashed	20	structural inventory only
research/core_questions/Q03_scaling_laws/conclusions.md	251efe9186e062fa13c3d8d268aed91833a56a90acac711f3288b31e7454963a	bytes hashed	21	structural inventory only
research/core_questions/Q03_scaling_laws/experiments.md	9877ecf5f8253ee7db3a3e377f0236a70bca9d493f87100f14ee716241ffbcf5	bytes hashed	25	structural inventory only
research/core_questions/Q03_scaling_laws/hypothesis.md	5cb26553d7b37b00b6b2af1fc3d30f66d17842170f19c62b01b28d6b067d5848	bytes hashed	27	structural inventory only
research/core_questions/Q03_scaling_laws/results.md	09bc80d32adf6dc9aea1e23db6d7075cebc3e221ce379d1ac86bbe68d1e63902	bytes hashed	21	structural inventory only
research/core_questions/Q03_scaling_laws/theoretical_basis.md	bd7886a9d73f215526083b9809754c50bde616316594cb3f293955020fa52039	bytes hashed	17	structural inventory only
research/core_questions/Q20_competition_distinctiveness/analysis.md	df7ef7909f2e34a01f2d7db05fe1b551bf3734c189afcc6a8976552e5444fb60	bytes hashed	22	structural inventory only
research/core_questions/Q20_competition_distinctiveness/conclusions.md	3823a72e75c5be996157d97ed6fae3b6721da7be263405e0037803a2ba33b0db	bytes hashed	20	structural inventory only
research/core_questions/Q20_competition_distinctiveness/experiments.md	4f77e63ee9cbce907e92eea7228cc9b453285f23b40b9bd0d13edbac36200142	bytes hashed	23	structural inventory only
research/core_questions/Q20_competition_distinctiveness/hypothesis.md	9f4926013b444e2c37e81fa713da6af83c792e23fdd4c6b54e53910744ab7117	bytes hashed	26	structural inventory only
research/core_questions/Q20_competition_distinctiveness/results.md	c90d3583ddebe681046dfdc6ae7a0fe1b6124086f43448c20f4ddbcfda82a5b0	bytes hashed	26	structural inventory only
research/core_questions/Q20_competition_distinctiveness/theoretical_basis.md	7056835c572f601a0ac56e7f985421df882921ff17b365bf6d5735763f898143	bytes hashed	19	structural inventory only
research/core_questions/Q22_n400_global_energy/analysis.md	f68826ee0e4dac35e149cb602f652a9774775bc139a53a32a56f8558c2a8ec52	bytes hashed	18	structural inventory only
research/core_questions/Q22_n400_global_energy/conclusions.md	16cff678c81e8feae820e1975db4eec697911ca380dda45b17798de2b74541b6	bytes hashed	19	structural inventory only
research/core_questions/Q22_n400_global_energy/experiments.md	e76d98d1db36b85821432e724ea5d49a31e4937cdacdbdb572e1b8dce5092e1b	bytes hashed	23	structural inventory only
research/core_questions/Q22_n400_global_energy/hypothesis.md	153a7f41623918f2502764e32347b33d4d9c5efcd55dc37fcd1fac1281300270	bytes hashed	27	structural inventory only
research/core_questions/Q22_n400_global_energy/results.md	4265c02d6ebe96ab067d3e1832bd47b7ac3b47f123d372ea36b79dd27a57d119	bytes hashed	22	structural inventory only
research/core_questions/Q22_n400_global_energy/theoretical_basis.md	8088cb1a2fddc1c6d91991d0a4e9fff409dcb3f945b1e33f0cded4fc1c13981e	bytes hashed	22	structural inventory only
research/core_questions/README.md	6f2ecd260ad0758a68812e8d9fe5cfaeccf5ad37e67e5bc84222d5a2e1c15766	bytes hashed	66	structural inventory only
research/core_questions/index.json	f00c6752fa29bbe8a0379f2b3cfb88caed73d28acf48f9b6bf71382cc9367a52	bytes hashed	101	structural inventory only
research/core_questions/validate_index.py	c97b947119a60065b106ae428a5c8b1f5a7deefdbf37982c3ed5f23420363c24	Python AST parsed	97	structural inventory only
research/experiments/MANIFEST_TEMPLATE.json	b57108388817854b4cde75b65db2f0b8c1467ae120782d2257f1398a1bc9dc9f	bytes hashed	19	structural inventory only
research/experiments/README.md	983ca7e92fd53e0eb827b2668fb898c055bd76e0ae57c93d92dc741563c8979a	bytes hashed	36	structural inventory only
research/experiments/__init__.py	f85801a276ec6f2dc6b18253439efee1c7125de5c29c93bac70a264362d5db65	Python AST parsed	12	structural inventory only
research/experiments/_figstyle.py	4896742666854c3cef14c016abf48f8fd9d19ef143e742e404bf789e16f7b8a6	Python AST parsed	96	structural inventory only
research/experiments/_parallel.py	75efda60bab2c36d2cef71d35031e42b2d3e4fdf2525c683fbdd685cdfde08e2	Python AST parsed	128	structural inventory only
research/experiments/_perf_analyze_pass2.py	f4607494aad665013e4973484bb729c7834c197690aaef8e8ff60d9f55a23099	Python AST parsed	193	structural inventory only
research/experiments/_perf_analyze_pass3.py	451bfea475092cd1f57ec53149420cf424747f2672bb251c75d83b88f5ced3ae	Python AST parsed	284	structural inventory only
research/experiments/_perf_curriculum_generalization.py	8d23ed7495f5b633b49e0f2ad6c2f76b996d849ae24fc776de55ca9948092d41	Python AST parsed	62	structural inventory only
research/experiments/_perf_dialogue_large.py	449c5fcf5898cc7bd7f2b6b4bedd1099476bdb0c59024b8d3f7a406e5327c8d7	Python AST parsed	133	structural inventory only
research/experiments/_perf_dialogue_medium.py	782dc9297868f15306af9c29024228c39a0587c463f44d15ac1ee76b2c1952a8	Python AST parsed	450	structural inventory only
research/experiments/_perf_soft_reset.py	ffcd14e8bc36426cc94c8835fab7fa923073f735681fd96fa8e13264d881cee5	Python AST parsed	69	structural inventory only
research/experiments/_results.py	5e856ad3ee356d0e10c086240cc68981bab137549476043feb4391e27c48e630	Python AST parsed	16	structural inventory only
research/experiments/_substrate.py	043dc985a2a27e41dbbd2a654c3f3ad717ba3f6909fb4674953fc06a0851c865	Python AST parsed	697	structural inventory only
research/experiments/_substrate_arms.py	06f4429d151c7ee33cac291ff72873c7dfd8a43fdbc3fcaff08f11a8a9c62c23	Python AST parsed	274	structural inventory only
research/experiments/ablate_developmental.py	c1c956e1d82e8acb53cda50443bee4a310b916f3d661f69a56023d90595076cc	Python AST parsed	139	structural inventory only
research/experiments/adoption_gate.py	963086876a6eafedb4c6c48b05812401823a0af278c3ed7de60705cdc8008c0b	Python AST parsed	194	structural inventory only
research/experiments/adoption_gate_blocked_results.json	f6cdc2ca1e2265f8a1ceeb4ba77564007530b934b2b9bb81c7c3de5f698c34c7	bytes hashed	295	structural inventory only
research/experiments/adoption_gate_results.json	295dee2686b121882c8de019131198da6f2e1dc8eb1acc7d23fa66a95df99d2a	bytes hashed	295	structural inventory only
research/experiments/alignment_load.py	07ba514ca660ed91b3e468225512fe6212073b4783bc152c70e11daefc1ef72f	Python AST parsed	318	structural inventory only
research/experiments/analysis.py	d28230158c431d64d64002068ba48176786429004a29a8eb71c3547cb52c68c9	Python AST parsed	196	structural inventory only
research/experiments/applications/__init__.py	138de36007cd0600072ae9f6efd506c5ca56e851de45624e0a167e28ea588cfa	Python AST parsed	9	structural inventory only
research/experiments/applications/explore_agreement_params.py	fb9de6dc6c3b46898ca83206f8bafcdae89b6007d5a1dfc3996ad619306b04c3	Python AST parsed	166	structural inventory only
research/experiments/applications/test_agreement_number.py	db7b15c9a6a8ba357a9a3fac15baba009e9d9f7f4530f6c580b8aff0118f2506	Python AST parsed	589	structural inventory only
research/experiments/applications/test_agreement_violations.py	8f9404dfe8eaacf2be1c559727508187fdac80125392f0027c53f4e6dc252bf4	Python AST parsed	736	structural inventory only
research/experiments/applications/test_compositional_deep.py	da870a2ec95f88d3a345f5672ccc9080dc025fd89bfc473715ecf5a4317be4f1	Python AST parsed	590	structural inventory only
research/experiments/applications/test_compositional_generalization.py	bfc1144981bfe36470da79d34b56be59ca236779c3056f613b3cf3aba2a5eade	Python AST parsed	393	structural inventory only
research/experiments/applications/test_cross_linguistic.py	9931e91eac707d99f0d71334fc79122204f8f0a1d2eb66cf3301952ababe2685	Python AST parsed	310	structural inventory only
research/experiments/applications/test_crosslinguistic_typology.py	7b8a4e07d6e3b7b0228b79b8c26eae672e4ccf6f6e8e01bbe6fb7df5ac564249	Python AST parsed	634	structural inventory only
research/experiments/applications/test_developmental_curves.py	550746bbbb901e8fafe5d7ca9cd3ae2103b0387664ed6d2c69daa76a081bd489	Python AST parsed	571	structural inventory only
research/experiments/applications/test_developmental_trajectory.py	60087b69b41757e2eb3bc607148d6624ee4a146024b233fddde0da170421b5ad	Python AST parsed	272	structural inventory only
research/experiments/applications/test_function_word_discovery.py	b316f03d5f35a71c0d1207e33e2dc0b368d28dc89b661580171d23db3aa33283	Python AST parsed	696	structural inventory only
research/experiments/applications/test_garden_path.py	4440ccf40cdb86b3a7035294a62f01484930b2f6aaa3885caf88c6004347d917	Python AST parsed	524	structural inventory only
research/experiments/applications/test_l2_processing.py	fbdfd18ee242017bfe63da9597058e1602877e21e2d8cdf5b3deb526e11f4079	Python AST parsed	269	structural inventory only
research/experiments/applications/test_language_syntax.py	670a8c7b5323a4f708a2b327c1adc7c83e7046e74efc989c62ec7eba287ac2e3	Python AST parsed	242	structural inventory only
research/experiments/applications/test_learned_gating.py	4e1276d36576b680f3938c54e2d88a97f2eb1e11f79fd01d7fb92bdd4e297f86	Python AST parsed	619	structural inventory only
research/experiments/applications/test_morphological_agreement.py	68737bfc48493eb380b5824e5eaf35f4ae5a048379c919cfd3b1d7211daabfea	Python AST parsed	465	structural inventory only
research/experiments/applications/test_multiclause_coordination.py	6354429cd32ca440eea9a32378fb694cef76090ec39561deb1f420f9dc98a157	Python AST parsed	500	structural inventory only
research/experiments/applications/test_n400_amplification.py	400c817fbc924e5cc8c9426a0e709af96ddeec61e96fed2fad2a6ba003cb3477	Python AST parsed	654	structural inventory only
research/experiments/applications/test_n400_cloze.py	7c6a01208355d31bee7e18ef87d1a88b074257ba7b7224999df306c33204223d	Python AST parsed	332	structural inventory only
research/experiments/applications/test_n400_context.py	2a654a5bf869d8d35423491171add22fe97dadca92303e0bef1bd464df8b5213	Python AST parsed	1059	structural inventory only
research/experiments/applications/test_n400_controls.py	a7267cb325c5ddac8fece32ae9f66c4dc16f4467795d105e49d2b99e2f57ed15	Python AST parsed	396	structural inventory only
research/experiments/applications/test_n400_diagnostic.py	b2bf5e2464079d2f05e5108a7f2cb89d58941cc111312877e364c5c249c24995	Python AST parsed	858	structural inventory only
research/experiments/applications/test_n400_graded.py	e754b40e3dd4106e433d554c4c603e2a9e1967485c25c9041555f4e20877e0dc	Python AST parsed	347	structural inventory only
research/experiments/applications/test_n400_parameter_sweep.py	09ea1896bc60f37377dfa25e69dd367c1a92bcd3c2f5c29a604705e1e1b264c2	Python AST parsed	301	structural inventory only
research/experiments/applications/test_n400_pre_kwta.py	78973105c0011b2eead2df96e84e7dc4ed8948330a95fa3e2ac064a3bfb29bec	Python AST parsed	402	structural inventory only
research/experiments/applications/test_n400_vocab_scaling.py	f93f2c56c0cc6c6c3a18d719daf91394cabc81e7db25b33825a048784a1ae438	Python AST parsed	216	structural inventory only
research/experiments/applications/test_nemo_benchmark.py	00a4e0b573e22c5f5eebd0160e56045f44466b34093ae0a0d83caef5b0112fd4	Python AST parsed	367	structural inventory only
research/experiments/applications/test_p600_syntactic.py	8419373959fc0feedeb24fc0e1db0337a9bc244fab2c5a7e485140813eefc5e6	Python AST parsed	506	structural inventory only
research/experiments/applications/test_parser_scaling_laws.py	eb9c31a2b724c90cb1c637856ac2f4adee7c8a36e15a8daf3211b7cebc5066fb	Python AST parsed	442	structural inventory only
research/experiments/applications/test_relative_clauses.py	bc7120046257a902fc3bc0919392d764de4bbbddc96f932f97fc1596405c438b	Python AST parsed	494	structural inventory only
research/experiments/applications/test_semantic_priming.py	1dd421225b2113ac0768b35a700f8192d04bd8c9907d67e2eb5faae473f10998	Python AST parsed	483	structural inventory only
research/experiments/applications/test_structural_ambiguity.py	d1f237929259c87e89ad266e35efc2949cde9d91f7e7d7b87d63cb543129ca57	Python AST parsed	618	structural inventory only
research/experiments/base.py	500299bab79411c65e3de017d756e78ee1035d3b957cf078e8ac6689267f3247	Python AST parsed	253	selected source inspected
research/experiments/baseline_clean.py	752674f1bc086cc77629c7f4c241f03b4c11f91b3142ca662d68fec88a35b0f7	Python AST parsed	168	structural inventory only
research/experiments/baseline_scale.py	fe551e063e287f1c96ae3e189b201fabfee239701b2038de50bbdb0af5b64e30	Python AST parsed	125	structural inventory only
research/experiments/benchmark_emergent_training.py	233f91757cbb61a2dd14c54eb22aae21bc952403eef7ead0ad41fc009f3fcac8	Python AST parsed	333	structural inventory only
research/experiments/benchmark_parallel_delta.py	b15909030dcd258a5ec698319a32d33cb087b22e88e5b29cc52c8eb5904cd564	Python AST parsed	184	structural inventory only
research/experiments/benchmark_sweep_perf.py	9f4077930eb1441d8a7c9ea8cf3341a70da7078ea7174a9738a1d14d74ec7dc3	Python AST parsed	62	structural inventory only
research/experiments/beta_cliff_location.py	eeabf2aa90d58ae7b5d6a58450cadb5cc2be5aed9a1984dbd2dc77ec1d25c479	Python AST parsed	94	structural inventory only
research/experiments/beta_cliff_location.txt	80baa787ef3828c312f36338bd221d75d3b4ab49608295e8dead3d7c8b85f9b2	bytes hashed	25	structural inventory only
research/experiments/beta_load_frontier.txt	555aeb69aae2a169ca33d9247b007fcb2835c54da11ddb93b93fe19aa1529438	bytes hashed	31	structural inventory only
research/experiments/biological_validation/__init__.py	73f911d1728c04c1951550293f6c3710b16e54b2b7692cd9fe0923dbf26a8bdd	Python AST parsed	10	structural inventory only
research/experiments/biological_validation/test_biological_parameters.py	33c48b45f792060fd2cf90063a171cc914f2ef9059aca2b9039fea3bcd812818	Python AST parsed	349	structural inventory only
research/experiments/biological_validation/test_neural_data_comparison.py	1eeb979ba8c04f1ead0aedad64f40556e8942d564457352d263405e1cab5adc4	Python AST parsed	232	structural inventory only
research/experiments/bound_pathway_capacity_sweep.py	fc763ce78da0acc717c44fddab96ac5512a8ab738575b258d08cc09c0079f513	Python AST parsed	187	structural inventory only
research/experiments/bound_pathway_drive_minimal.py	349ee71eb60889f981caf7191844e263b76e3aa018b8a4721d218361c687cf19	Python AST parsed	218	structural inventory only
research/experiments/bridge_capacity.csv	1f2e6a31a0b58f65dfb443559ae411ca2c534e098a9b6e68386124be80b62408	bytes hashed	26	structural inventory only
research/experiments/bridge_capacity.py	51a4b21b5903b2e8472aada5aef8071384031a05758ddeb9bbaec096f4a19c0c	Python AST parsed	516	structural inventory only
research/experiments/bridge_load.csv	4aaaeb66439e20331ac2f870d9feb9592aee5031ee5b552436e0417043ed0118	bytes hashed	7	structural inventory only
research/experiments/bridge_load_shuf.csv	310f11a77c44754ad51a7ef9abf79e90244c6a028a992765c1c80bb6c785ccb9	bytes hashed	4	structural inventory only
research/experiments/bridge_parser.csv	852bffadfe678633fd0803d01fb8d78bf7249a1076ad52053cfdec4f6e49a137	bytes hashed	46	structural inventory only
research/experiments/bridge_parser.py	2263d3001f2f9c30f4e81feaeb1c312d238dc22fe5795a2f2f3ed4c5852e5c5c	Python AST parsed	384	structural inventory only
research/experiments/capacity/PROSE.md	96d85e6dee9951ab5fed7903736433b27675e5eba8109f212d1fbb055e8b2bec	bytes hashed	197	structural inventory only
research/experiments/capacity/REPORT.md	78dcd27ef9529d47ec7461cc620f6a4f335dbfef7e179ee49a5255289746d86e	bytes hashed	413	structural inventory only
research/experiments/capacity/TABLES.md	32329b1195dd14f0a1c58c882b4aa923f9a501f1a532f92e3c955ece0abe9043	bytes hashed	216	structural inventory only
research/experiments/capacity/__init__.py	e3b0c44298fc1c149afbf4c8996fb92427ae41e4649b934ca495991b7852b855	Python AST parsed	0	structural inventory only
research/experiments/capacity/analyze.py	4efb7eaf3bfa188d589082b54650e11031b2d726957e1007b3631be875d52792	Python AST parsed	454	structural inventory only
research/experiments/capacity/analyze_beta_norm.py	58221ee309db6c81fd644c09d21684e3c1f81befc7685260b09b3aad62e636cb	Python AST parsed	149	structural inventory only
research/experiments/capacity/analyze_norm.py	a3e230e835ade5affd3ed8e9c7d6b837d80d1dd95acfa6de11226dcc7f9d07c9	Python AST parsed	199	structural inventory only
research/experiments/capacity/confirm_beta_rec.py	e5fc6076e939dad7d806bef142265694e285b4cae9486e2fe2e4d55e8576bb8c	Python AST parsed	56	structural inventory only
research/experiments/capacity/confirm_log.txt	4f3033d5152b061865305c817456d96e40dec80bb4a3b0833ec340941ad1180e	bytes hashed	31	structural inventory only
research/experiments/capacity/lexicon_capacity.py	01bab3b775e17bbe1361d4dbd8f488ff63b7bce42bd9d77ade8f051fe11850ef	Python AST parsed	460	structural inventory only
research/experiments/capacity/log_ff.txt	08399260f00399b850334468237bbd8b3d0d5738681f1c0135d35ebe4491fc2d	bytes hashed	104	structural inventory only
research/experiments/capacity/log_rec.txt	fed402d8f421ac7c24a5fe0f49b9783ec0223e27f9ab42f2474c465670c17338	bytes hashed	104	structural inventory only
research/experiments/capacity/norm_init_capacity.py	73a9308b081bb550d8e2a297c4e1efe4b8c10c9ef1ae36cf6f4cfc3ac4fa4ce1	Python AST parsed	158	structural inventory only
research/experiments/capacity/parser_log.txt	b84624705dabfa2d8080f921f42d5be810bdab523b3ac5f6af0d15c0470829c2	bytes hashed	32	structural inventory only
research/experiments/capacity/parser_recruitment.py	19fcdb36cb16e17ace673dee84f5ecb9da1fc09e5e95919e2a5606d6943cbc12	Python AST parsed	280	structural inventory only
research/experiments/capacity/results_confirm_beta_rec.json	71f23a14efd84825bdd44a0870807e1bbcb61ad8aff5dd84e4a25eae8f3701f3	bytes hashed	1	structural inventory only
research/experiments/capacity/results_lexicon_capacity.json	7dd54bdc4d277ba9ef4deeba7b67222d7c64eae5d3256e3c58ad48fafd73074a	bytes hashed	536529	structural inventory only
research/experiments/capacity/results_norm_all_ff.json	09dee69785df761c8ce477f31897b57517a58f2b92931b7674f0eff27fac68c3	bytes hashed	1	structural inventory only
research/experiments/capacity/results_norm_all_rec.json	1d60c7ba6cd6d05d768b686703831e87bb047b0371e223b28024e7b5da5b3dce	bytes hashed	1	structural inventory only
research/experiments/capacity/results_norm_smoke.json	f8ca9a13d8d8272359858b9fa54fcbabc19419edb4ded37cc410f991db9fa04c	bytes hashed	1	structural inventory only
research/experiments/capacity/results_parser_recruitment.json	b97aeeeb6bfc7a3eb219329c88de95447323240d8c5dc0d63a0a81d01bb03e87	bytes hashed	8075	structural inventory only
research/experiments/capacity/sweep_log.txt	c57357a2806e8ff32b5287006364bb876709c0a4607740e2559a6c5a44954907	bytes hashed	114	structural inventory only
research/experiments/capacity_at_grammar_scale.py	7c5b6f518a5cbdb9216bd7028bc85af6f5f3cbd67bf4ba7176a5652ddb712d64	Python AST parsed	191	structural inventory only
research/experiments/capacity_direct.csv	17bf13c16fe72034e3e7fc133a4b6cbac76d34deaf3fbc2f5c1d37c37bae1391	bytes hashed	13	structural inventory only
research/experiments/capacity_direct.py	7f201ba3cc894a4d1c978944039f40dee29b4afa9292f55e74ef03be7725e1a4	Python AST parsed	151	structural inventory only
research/experiments/capacity_k.csv	bbba67a972a2adbdc6299623bf929e55365648261acba51a9e8e0c0a1076301c	bytes hashed	31	structural inventory only
research/experiments/capacity_k.txt	f0645d84db4eb1c6032fd904dc7f85c3305fc39992e9bd98ec5013c2e5494c25	bytes hashed	51	structural inventory only
research/experiments/capacity_n.txt	0b4a73d6d790264d389146c95fb2439c6c3a69393521aa7ea9e0e08326f1c936	bytes hashed	28	structural inventory only
research/experiments/category_induction.py	f1f3e3814c1ad4fb53e6dbc2e1d84f9978deb2eece0790da97cffd07d30cb0a2	Python AST parsed	324	structural inventory only
research/experiments/ceiling_vs_n.py	df135776f6147d2c637d7c7092fb79f009adbd240fca0cae106d98641162b4d7	Python AST parsed	160	structural inventory only
research/experiments/ceiling_vs_n_results.json	9f3bd76fee9fc2eaea4c68d8325f4d18aed36b4ce5b972d51e03ff5b5e891e65	bytes hashed	1148	structural inventory only
research/experiments/childes_arm_d_results.json	3331589682ca5024f5f7dc74c917ed7d900813e2ba45527ebeb06fc7c0b8486a	bytes hashed	73	structural inventory only
research/experiments/childes_arm_e_results.json	1d6efcd26843345a865ffe7af2c0b705c8b329f7d8a24fa96bbefa6e380d9f9f	bytes hashed	43	structural inventory only
research/experiments/childes_drive_probe.py	5c86de415423a18ead96cb4f331f0ea62f7acb9bfd8f32ecf43d667cc1cf6a5c	Python AST parsed	74	structural inventory only
research/experiments/childes_graduation.py	e465a3d516b7abcdefc8c5490fa506b796c7668484ce9a71db8efafea82f890f	Python AST parsed	339	structural inventory only
research/experiments/childes_graduation_results.json	a95e85c1d3a6e5dfce81dbec95ea1a013bd8a7df0183d4b4113c627e3923e354	bytes hashed	260	structural inventory only
research/experiments/childes_phase1_recipe.py	cd94ca149051aeef2da7dbec58d95307a83eabf999c38c2000c317b80293d136	Python AST parsed	209	structural inventory only
research/experiments/childes_phase1_recipe_results.json	4894b5fb5a0ad74e897572191a1fab2acac4ff45cee2aec2cd1b361fa076d1a4	bytes hashed	33805	structural inventory only
research/experiments/childes_posthoc_arms.py	ff395bf6ff63c8eed1ba48f0de4597ee42f3febb926ac576062989c4bf2d54fb	Python AST parsed	105	structural inventory only
research/experiments/clean_substrate_400.py	42c69ed1eb0f7fadeaee2899f3a401808b95714c9f9de12941ae789de0ac58b8	Python AST parsed	259	structural inventory only
research/experiments/clean_substrate_400_results.json	20d13eca6717410306e9ffe553ec5f0cdc3959e25b9446f47d715c58c55b1d25	bytes hashed	8406	structural inventory only
research/experiments/coin_fairness_study.py	f4b476baf2e309aa4bd4e58ead3b398330d175e72ff474db8a92acfb7ce3e5c1	Python AST parsed	726	structural inventory only
research/experiments/colt22_overlap_preservation.py	0df56b17ccabb9a5a399baeb71de7d908c25dd9d6473ea3b47cf0f13fb43115a	Python AST parsed	272	structural inventory only
research/experiments/compare_training_paths.py	a5ef225cd85c9b490f941cfd7608dcbe498d33c06fc62a11344dbbc2266f9560	Python AST parsed	255	structural inventory only
research/experiments/competition_dynamics.py	7dac8cc1bb4fc047cfde25386b4a1a07b11ee816e071c46b7d717ef7c9901c6d	Python AST parsed	306	structural inventory only
research/experiments/competition_dynamics_results.json	d36afe18f52b40cda9f64b5f79885f9ff7e937a72ac5ae3592145c9bbafb6a4e	bytes hashed	19596	structural inventory only
research/experiments/complexity_ladder.py	1b0aabd3748f9766e3053b9864958fc1950e5994aef1b5d6efbd98d601b9fb1c	Python AST parsed	357	structural inventory only
research/experiments/complexity_ladder_beta20_full.txt	819e5587abb5ad590cc089692eb3ea9df2339f8b8f14b07ef2f93016c94f565c	bytes hashed	46	structural inventory only
research/experiments/complexity_ladder_beta20_results.txt	c6f392c5539c756f80a2288fcbb225f8874ff8f7d956df5687edc520ab96354a	bytes hashed	75	structural inventory only
research/experiments/complexity_ladder_beta20_v3.txt	c947067325c1d0babae33e9953d44bbdb1d400c7a7489327437dddb5c184860d	bytes hashed	31	structural inventory only
research/experiments/complexity_ladder_overnight.py	3a701dbb5361301846d8a5881aa579ac01376dfe2559d656205b9e32dd78c33c	Python AST parsed	286	structural inventory only
research/experiments/complexity_ladder_results.txt	88abcea27d0023b026027e3da84d4759cfa11d14015b7b15c452e131d6056375	bytes hashed	23	structural inventory only
research/experiments/compositional_depth.py	95ccd4586027865887ddbc89df6668792158fafe863c3a6443d0343e44422e0b	Python AST parsed	365	structural inventory only
research/experiments/compositional_depth_chain.py	30563101feff19ee0a0d1e15fcc29c3396a9003d2207155375796528487db97b	Python AST parsed	200	structural inventory only
research/experiments/compositional_depth_v2.py	87b79ee2941ef75d48ba090c92d8900bab11b109a943739ff8ee4d32eb477d90	Python AST parsed	182	structural inventory only
research/experiments/confound_n2000_M64.csv	e1952ebd8fa5284a655003f635d0e4a8db7ed9f50fb99dfd149c38865191e7a1	bytes hashed	166	structural inventory only
research/experiments/confound_n4000_M32.csv	fb8077b1d18404753da56e260d3e0395df752036ef92e64049912439267bcfba	bytes hashed	166	structural inventory only
research/experiments/constituent_structure.py	8b1a2575765956301f1bbcce2e365f0a979ea7be98e7d2e9d0b70ef813715e4e	Python AST parsed	244	structural inventory only
research/experiments/core_assembly_duplicates.py	0cdc0598c1d328fab672f5cf53dc6b11d08633cf64d66ac46cf042b61ea2f15a	Python AST parsed	277	structural inventory only
research/experiments/corpus.py	ef48c04489e1789e7ab6e705085a61029d6b7097b2f8d95bc871980648807d53	Python AST parsed	361	structural inventory only
research/experiments/critical_point_scan.csv	a347d7cb6bc9daf21465fccca9366232a788486d2ea208e1a26945a2a0c0ef7d	bytes hashed	496	structural inventory only
research/experiments/critical_point_scan.py	b58b270be7236b664946d53448e92b6bbfcbb3863daab6a30e54fc7e0982c82d	Python AST parsed	125	structural inventory only
research/experiments/curriculum_corpus_grammaticality.py	ea5f9c450083f23666acb0c73671d1e788e584d7ca9b449c587178bbaf389942	Python AST parsed	177	structural inventory only
research/experiments/dead_fiber_hunt.py	55498a81c3f815512a86a3813530f283e12a1889e2e8e3f65f21c0614ade1797	Python AST parsed	267	structural inventory only
research/experiments/dead_fiber_hunt_healed_results.json	eb4dfef3432e09ddf86f3f70bc642615138d0f8c3306090e0a11f56b1bed5ef6	bytes hashed	1191	structural inventory only
research/experiments/dead_fiber_hunt_prefix_results.json	660ead545e832986463961a47c818b17cfe95d914cdce63b4c27cc2007c96d31	bytes hashed	1191	structural inventory only
research/experiments/depth_at_low_load.py	784b8ce46233c3038cce5b0d4fcef8858aab5a7ad59084c387e76d241251e7b5	Python AST parsed	108	structural inventory only
research/experiments/depth_basin_sweep.py	77b28d375ba4bdaa1d8ccd3304df452b4a9c8ac7b2cf4d8e1cdd4ea040bca627	Python AST parsed	209	structural inventory only
research/experiments/depth_beta_at_load.txt	6b809ec064a62477f26007aa5e01698856d0ab7526c69654fa75524ce66948cc	bytes hashed	14	structural inventory only
research/experiments/depth_beta_rescue.py	c0430d9181923e52146a8335e19503a88071d8d24b56928061c81a2975c79722	Python AST parsed	229	structural inventory only
research/experiments/depth_chain_slotted.py	aaef929fe56b1dfb7fe060103bc0cad0af41e19bac2fd402a216caab153d4c3e	Python AST parsed	204	structural inventory only
research/experiments/depth_corrected_substrate.py	4a5f56fd332ae6c10e9cf8f28af0f281a69d48d788a53c55a79f23a534b15d12	Python AST parsed	264	structural inventory only
research/experiments/depth_intermediate_quality.py	52cda4d681471875dd294a7ce2f8233595d7809bb2dde25e438adeb198b13047	Python AST parsed	199	structural inventory only
research/experiments/depth_role_slots.py	fb5afb24585e570ca1d76962e3afb91988e5775f73e8699a63754de24210b116	Python AST parsed	173	structural inventory only
research/experiments/depth_snr_scaling.py	b2542bf0e974f311a40ca1624b0e553b3846e6a7e25fbcf027d24eaabe8092a6	Python AST parsed	118	structural inventory only
research/experiments/depth_wrong_cue_control.py	305de3556e19e70fcb7a74a52b2054d054e920c62849e64c6e5292748be855bd	Python AST parsed	187	structural inventory only
research/experiments/diagnostics_selfcheck.py	50f63ed5cc969a125f79dc9677cdde0eee9f8a916d08ba7b7f862fe42d08b674	Python AST parsed	139	structural inventory only
research/experiments/distinctiveness/__init__.py	f0f0e7b3b4ae2a5e154600b8ba8a820bef100f478847737e403d3367e5f59b0f	Python AST parsed	11	structural inventory only
research/experiments/distinctiveness/test_capacity_limits.py	5d58d50afe1793511227c7f1167ca3a898ba2326d250738fb736b3178778d29b	Python AST parsed	408	structural inventory only
research/experiments/distinctiveness/test_competition_mechanisms.py	4034b2818fb2a6c082cae5244a44afbefa1fe2b903bf0973a9ed0a2f64036731	Python AST parsed	471	structural inventory only
research/experiments/diverse_forms_recall.py	cf383146ada30fe77e23d4ce73e88ae41f2c4b8baa86e36e30cedec22517101f	Python AST parsed	198	structural inventory only
research/experiments/diverse_forms_recall_results.json	20fb4ff9869f6387f8d8f9a28a10e3cf56cc87d998735870d1da6d2bdc99cedb	bytes hashed	1178	structural inventory only
research/experiments/does_the_assembly_decide.py	a2f61c89bd4c5e2a63e4cdf62aa1e5b0ab3141e31ec70ee78aa48abe02bf4f98	Python AST parsed	252	structural inventory only
research/experiments/dormant_mechanism_sweep.py	d9f762035b2ee0eaccde1380129f2d5f64a21e6a19da3c94312703f0a2397c7c	Python AST parsed	920	structural inventory only
research/experiments/drift_vs_crowding.py	b8fba93e6d3dcfbcbf97cfc437072ddcbba4f91e7983fe314d682a220a6360bb	Python AST parsed	287	structural inventory only
research/experiments/drift_vs_crowding_results.json	d4d9dc17bd429d4188d8e76c2e4ef0dcf791832f240523cb83a3d3657852ba89	bytes hashed	5510	structural inventory only
research/experiments/drive_decomposition.py	47388cff4648f586bf27d9e500e73c8ea57e23f7d188f20cf59dd4f570b79418	Python AST parsed	271	structural inventory only
research/experiments/drive_decomposition_results.json	91eb1cd3eeb01b5109b00325b3c313b7267b69411b697d3e1e91bce35142ff37	bytes hashed	1066	structural inventory only
research/experiments/episode_budget_recall.py	44acd7c34bf363489beb22e6b3af5ffeb2e8300780767810e77334b0aeb264c6	Python AST parsed	206	structural inventory only
research/experiments/episode_budget_recall_results.json	c951084bcf4db661ff80548b044e653678e87bdde9f378714307760d6329e495	bytes hashed	2354	structural inventory only
research/experiments/epwta_capacity/PROSE.md	367673f5dd9af6e0c083bac8d79ddc57c53506e920251c9fc80ca8cb4ae854fa	bytes hashed	235	structural inventory only
research/experiments/epwta_capacity/REPORT.md	9799cbf3e847a8b4152c9ddc5076d25c52e653b3d8fd1d925551d80b24b22f64	bytes hashed	487	structural inventory only
research/experiments/epwta_capacity/__init__.py	926aad14129528f8b0303cda962296c4fbd7417c8855932d8dabd6db8dbe937f	Python AST parsed	1	structural inventory only
research/experiments/epwta_capacity/analyze.py	6f10fee3ecc4baf7a2d1e908b1545d479267de309a31dc4011905bc32601fe16	Python AST parsed	265	structural inventory only
research/experiments/epwta_capacity/beta_control.py	bedfa4a272c4e14febbfc87c8d84aba2be67bed379a589628865c596e2890df5	Python AST parsed	76	structural inventory only
research/experiments/epwta_capacity/capacity.py	17b264c9e5c881a0041eeef3517b3415cced76f0f6c060da24a9040c095c15aa	Python AST parsed	144	structural inventory only
research/experiments/epwta_capacity/deep.py	9585a07d63419851eef3a87acc477ed18b07d15d454ff0da95f7befe56804f4d	Python AST parsed	79	structural inventory only
research/experiments/epwta_capacity/deep_log.txt	e1d0abacfc981655947d343852b391c2cdc0a62df812a88afa3a78fded184d61	bytes hashed	41	structural inventory only
research/experiments/epwta_capacity/regime_map.py	762234256b4b11b253d68ba7ce6b62d36e1d81a6b78d6bf5f2e8bbabee23a327	Python AST parsed	91	structural inventory only
research/experiments/epwta_capacity/results_beta_control.json	eaa2d36cb2b1e5ef042f23ee20a439fd5c68d1796bd6f38e25bd2c63c8db4b93	bytes hashed	2334	structural inventory only
research/experiments/epwta_capacity/results_capacity.json	8e90ee4d333f08f527c0260281e8ff664d666b47128a1f22e7b268c5ce5002b8	bytes hashed	14027	structural inventory only
research/experiments/epwta_capacity/results_deep.json	a7ac12df9eab4ce31562609aca8a1240e4f3c9203501da9dcb09910a3ea90ea9	bytes hashed	4701	structural inventory only
research/experiments/epwta_capacity/results_regime_map.json	fbec4662cf0b332b477fcd3c9ccad03ae6859ace7b47e56a2049f261a81e983e	bytes hashed	1256	structural inventory only
research/experiments/epwta_capacity/shared_substrate.py	f160b96f47a0f1d0be518628a0665ccdf71ea54956ef76365798610361ea492a	Python AST parsed	145	structural inventory only
research/experiments/erp_afferent_energy_study.py	5cd3cc12de5510a047d3195e369c8e2babe18b45e8ddec36b59805e5c74115c2	Python AST parsed	119	structural inventory only
research/experiments/erp_afferent_vs_recurrent.py	6128e754af9f44ad165c33625b56fedcc3f24924d19762888a063a10824ad33e	Python AST parsed	115	structural inventory only
research/experiments/erp_cold_vs_warm_arm.py	507ca5fda0988e772e7aad53ed52c5df1434000e4a1527f0b1120896bb647cda	Python AST parsed	92	structural inventory only
research/experiments/erp_denominator_invariance.py	fa6c7d109e5b8e8034ca594b86442dcce903b8200048495e2c8a54b6254f76de	Python AST parsed	199	structural inventory only
research/experiments/erp_expected_slot_ab.py	3e0b7b0516dfa7ff8e30e22f6a928287ce342150ba570f00659cca572cd65978	Python AST parsed	135	structural inventory only
research/experiments/erp_expected_slot_study.py	37c7a1f59dbd7324ff1c07227c73f0e731c4b6f569dfd6982cfbc39a265de5ce	Python AST parsed	94	structural inventory only
research/experiments/erp_frame_candidate_selection.py	c614b65047d409536d4642a8c9a5892e21dd168565d6639c79a249fba0d52766	Python AST parsed	182	structural inventory only
research/experiments/erp_frame_vocabulary_audit.py	e1a39151dc421e975bd1ea3276295489547cefdc33e8133d0dee05411cc83f78	Python AST parsed	117	structural inventory only
research/experiments/erp_full_substrate.py	f35f6f85f2ae2bcf41f1f65abe9080a0f63394c8a97577bbe1a102cb44643756	Python AST parsed	166	structural inventory only
research/experiments/erp_growth_neutrality.py	83d5cb9dca33764edb562d44373fe33d08b533eb1015b11a69a13b5a99c44d53	Python AST parsed	165	structural inventory only
research/experiments/erp_or_else_census.py	10ba69cbaec60a5578ee922da2d51a8dd74825cbb3a0dd629577508dc68e7be9	Python AST parsed	204	structural inventory only
research/experiments/erp_or_else_impact.py	14832cc1eb7d516bb2a772622617b7d1938fd17e442cc131b8a62c9aecb5d4ad	Python AST parsed	223	structural inventory only
research/experiments/erp_p600_area_matched.py	31dd26aa405dd49a4dc1ed37da6a9eb4ed097d774e4527fc8da1d71d22be5ff0	Python AST parsed	178	structural inventory only
research/experiments/erp_p600_probe_contamination.py	dadb234958f8677e291e6f766e2483f90e479ca9a13bc15f7bc7f462e1cc22b7	Python AST parsed	204	structural inventory only
research/experiments/erp_p600_residual_cross.py	b57a29059a99c4e18198fb808d446e919c094004d3eb5fda8cf1a6a948d31bf2	Python AST parsed	153	structural inventory only
research/experiments/erp_p600_zero_trace.py	cb455c65cd0d5e192932d4096a1402cb7c9112e0e7cbcf500429e2d1364c3d87	Python AST parsed	139	structural inventory only
research/experiments/erp_pathway_vs_area_binding.py	189a9f55fa59a698f352e0be8427a34a0accb686383e6457fc166f68c1b8a6d4	Python AST parsed	187	structural inventory only
research/experiments/erp_pathway_vs_area_binding_results.json	549241fff551f849ec5badf1d879adbe1a80cfc8bd6c4920b54380c31c434c6b	bytes hashed	3878	structural inventory only
research/experiments/erp_pathway_vs_area_control.py	7e992ef7d218c91517f9f9d110c6bd4ccaf41b3d26558fa97cd464396eef2db3	Python AST parsed	216	structural inventory only
research/experiments/erp_rerun_pairing_check.py	3bc7f68faab6e663de7e208996ac0086a430aba8fe79e21895740e04705d0128	Python AST parsed	54	structural inventory only
research/experiments/erp_rng_leak_check.py	e41ce42e8ea9f1938f9a0df0766ab4145f8c1c7a330eaaa6579b083db941948d	Python AST parsed	83	structural inventory only
research/experiments/erp_source_core_identity_control.py	9fac819ffa05a40104de6f2f98d05ebc948a35f4fedbd2ecd22e216894e999ea	Python AST parsed	173	structural inventory only
research/experiments/erp_source_core_study.py	7fa293dcfc17ae01809c9fec49b3527875372da05758285f0fa3a0e7fa958241	Python AST parsed	113	structural inventory only
research/experiments/erp_stability_aggregation_study.py	b373a66e4e0b1efc0fe10d5f907b29e811991ca4008466e5ee142b456465cac5	Python AST parsed	128	structural inventory only
research/experiments/erp_trained_frames_study.py	b235ddbf683902267d2c50ffe9bb126f0c995ff62509cf3055dedf791b7d7681	Python AST parsed	174	structural inventory only
research/experiments/erp_which_area_per_arm.py	c9c9cd3585343fbc951b65e2b8bf70abea939a5c48ac98b23705c6a99d80ecae	Python AST parsed	124	structural inventory only
research/experiments/fetch_childes_brown.py	44a3f36cb9cb4ad14ca67e09b127699da361305eabfe94a0dc64324330600e09	Python AST parsed	121	structural inventory only
research/experiments/fiber_audit.py	faad84759741fcbd9ef0f43855ddda001ab14c3dab3845b82a8b30377c2a2f7a	Python AST parsed	228	structural inventory only
research/experiments/figures/fig1_transition.png	3a98d5ab9d9bcf313ecae62bc69a3613821fd210c371f13fb1831fbabddadb21	bytes hashed	0	structural inventory only
research/experiments/figures/fig2_gc_vs_n.png	d1d66ac211fe469ee70107f1edf893ab8f72e61379e61a9031d323b1a7d4f2f9	bytes hashed	0	structural inventory only
research/experiments/figures/fig3_depth_profile.png	203b888a1065dcc6f541dfd37e4060a4d609ed669590b051f027a491b42c346d	bytes hashed	0	structural inventory only
research/experiments/figures/fig4_phase_diagram.png	729856be91bd65cba2dbf8e35232c2fd36940ab808eb2fc8e3d068e9d7ff8364	bytes hashed	0	structural inventory only
research/experiments/figures/fig5_gc_vs_depth.png	de85e137ff012b9cbb2e253f3f1a670000d75bd12ea3746cdc575e86d5e25371	bytes hashed	0	structural inventory only
research/experiments/figures/fig6_gc_vs_kp.png	517ac809719eeb5efdd26fb26eef407a0ff89b12c564285594d72511d5598b42	bytes hashed	0	structural inventory only
research/experiments/figures/fig7_capacity_relative.png	f4a68de1e58c5a749ed9a93dbb6382d51e109bed872022a9036d906d4f7a77db	bytes hashed	0	structural inventory only
research/experiments/figures/nb1_phase_diagram.png	8c4da56d502c1137b23108fb80519385d38f76540f13d595cab0e87a2d706070	bytes hashed	0	structural inventory only
research/experiments/figures/nb2_wedge_width.png	a37552a350e1894b9c8232294ebeb20943eb9f711715cb49852284bcb8c1ec51	bytes hashed	0	structural inventory only
research/experiments/figures/nb3_gc_four_axes.png	710859476b9bba8d0c590b362289ab86e1d0c12fa008d487d58fab8945c8a33f	bytes hashed	0	structural inventory only
research/experiments/figures/nb4_capacity.png	7e8c505e7cd4cf8ce11d0b6548445570dce3cf1e6e7a6c06cfad662e10b5b548	bytes hashed	0	structural inventory only
research/experiments/figures/nb5_information.png	cdc27d2d2ec5cda141171694883ddb00f194cd0cf7e0fe7c399531f5023072bc	bytes hashed	0	structural inventory only
research/experiments/figures/nb6_zipf.png	03291dc022a1faa3aa9be088e4bdf3a3d57726e1f7abdfd3311ce786519ad9f7	bytes hashed	0	structural inventory only
research/experiments/figures/nb7_bridge.png	21ec1132746f7fd004e9e259c72dd57383e86eecd981309bf1aad1cb6218c91e	bytes hashed	0	structural inventory only
research/experiments/figures_notes.py	e4816361827f3baa0089be542cbff2e6253ec1edef068836184aff5abc4071fb	Python AST parsed	435	structural inventory only
research/experiments/flush_rate_e19b_results.json	7535f30e30264c7c58e7f968e83744659a9d1f96690f73da1cd396de140ca276	bytes hashed	914	structural inventory only
research/experiments/flush_rate_sweep.py	db1ceb93cf7c71615ec3337cf357f2da6d995728875a199870d7e9a33698c3ca	Python AST parsed	303	structural inventory only
research/experiments/flush_rate_sweep_results.json	c1f6cf5ffa2440e7e4ae2e6bcff9a7517992e885aba4aa093c4ac5ea07db12a2	bytes hashed	618	structural inventory only
research/experiments/fork_equivalence.py	f167dc53501975a94e8ca6389de4f48cd5194f829a3cab79f0901993ed03197f	Python AST parsed	114	structural inventory only
research/experiments/fss_collapse.py	1923c60b0b25278e1f128f705a098584ddf6dbe0c9d93bbd4fc2d7086085de4f	Python AST parsed	204	structural inventory only
research/experiments/gain_max_sweep.py	c4893e15c7f691aeec9148458a1a1949cc5a41b1bd02022e288246a6fdd300e5	Python AST parsed	204	structural inventory only
research/experiments/gain_max_sweep_results.json	1ceebf19d72e0d98c1b6d6faf4bae3e1b7747712ea338fb838c5343970ed8aa7	bytes hashed	2354	structural inventory only
research/experiments/gated_role_binding.py	36ff4c23234c71cb690dc0403570e286fe7cdef88a2596f80f7ce3ca63f850de	Python AST parsed	268	structural inventory only
research/experiments/gc_confound.txt	627d46928ef54f7dfa9cf372820e71a3d9621f8df78977ec89770dfdc0aa5184	bytes hashed	39	structural inventory only
research/experiments/golden_coverage_audit.py	d4894e564def454e01852d1dce6b8344299e48464a83bc366ee3eb221c8076cb	Python AST parsed	161	structural inventory only
research/experiments/golden_readkey_audit.py	02046cec690035acc8011995250309f157c5e51ca7185c460ae8aaa738e9c1e5	Python AST parsed	262	structural inventory only
research/experiments/gpu_hashed_batched_bench.py	d6b753ee893524aaf7c7e9704b4ba26ab50fb03090458186043ef411fe161ce6	Python AST parsed	110	structural inventory only
research/experiments/gpu_hashed_deviations_prototype.py	405033bd270d674dc1762698089474e37d1484a0c6ef91f4e212e75b42c0ad31	Python AST parsed	267	structural inventory only
research/experiments/gpu_hashed_drive_prototype.py	b58d97f416b59cb77db810255c35ae4d291b05c42c5ecdef3aeff5f65fe04119	Python AST parsed	193	structural inventory only
research/experiments/gpu_hashed_plasticity_bench.py	2aa6c0502bea25ae0fb2d9af8c1b93d99ffccf529b32e3975125029cb6ae1e5c	Python AST parsed	67	structural inventory only
research/experiments/gpu_hashed_stim_parity.py	e733dc3fa4b725d29e8a6a161ed0ff33dde3fd00536b3a655822d1785a8ff348	Python AST parsed	140	structural inventory only
research/experiments/gpu_hashed_substrate_parity.py	3c4402c6e86dfda7f46dbd287febb731225ba240ddc811b143f1a12efbce581a	Python AST parsed	130	structural inventory only
research/experiments/gpu_radix_select_prototype.py	145405a7605484b65855ac53c6cf4dddec3865e4ab1c9698a0dc3515584a01df	Python AST parsed	239	structural inventory only
research/experiments/gpu_writeback_gemm_prototype.py	2cfa11a854e563e93a7babefd7024bd0fa107780cb7c003dd4cbfcecea851ab6	Python AST parsed	235	structural inventory only
research/experiments/gpu_writeback_prototype.py	f9c5a9b71a133c1462d28b485fc26c72ab0c61baf6885bef42bbd78feac3cd23	Python AST parsed	90	structural inventory only
research/experiments/grounded_corpus.py	6bd3810fa78c42fcbfc4d6baff942e25cb98af0b66b84c78b21f5b67cd334b32	Python AST parsed	130	structural inventory only
research/experiments/grounded_induction.py	0f0d6b8f7909d1152201aa017e881fad79f68747a89f3384b84b4be7091deefe	Python AST parsed	121	structural inventory only
research/experiments/grounding_lesion.py	18058b3e457fd7fcd8a8859a89d3950a7bb9522e32a8117833633db696413d61	Python AST parsed	311	structural inventory only
research/experiments/held_out_recombination.py	737b3e1135feec0b22bc08196f578911b21e74634000f15615966701aeb73fb0	Python AST parsed	264	structural inventory only
research/experiments/imbalance_attribution.py	be8aea361a15c33f01dcd7db5ad5365cf179a7e552a08f0c2f5569f77c66be65	Python AST parsed	244	structural inventory only
research/experiments/imbalance_attribution_results.json	2598a0a6f4d86d03f7572b425897024778cd300c87e710b5c8c5d624dfce1b65	bytes hashed	203	structural inventory only
research/experiments/info_depth.py	778ae17e197a099580f6d8dfcca82506d5c64298c1733fa5d985b9a0f32411a4	Python AST parsed	138	structural inventory only
research/experiments/information_theory/__init__.py	ea1bd1499b2417ea6e420bfdaebf86297476698a939e09c71eaf476fee3b18b1	Python AST parsed	10	structural inventory only
research/experiments/information_theory/test_coding_capacity.py	d4f0f7335fbe720f7e034fdc949ca6277f11094409ad208c6441306acdabab46	Python AST parsed	332	structural inventory only
research/experiments/infrastructure/__init__.py	b169f65a2dc7f35e190d80b289e03d4db0dba70f19e055fc31e8611fd4390f6d	Python AST parsed	40	structural inventory only
research/experiments/infrastructure/bootstrap.py	e26ca783cefcfc0d814005532319ed81d6879d724d1f54044e04ca36da31f01f	Python AST parsed	5	structural inventory only
research/experiments/infrastructure/consolidation.py	956902f0654ac68b5e338e6c2ff836467c3959d9e43142199f1d59cb7698743a	Python AST parsed	39	structural inventory only
research/experiments/infrastructure/lexicon.py	4aacc399e1bd88109f1a7830cf691b593085b595ebd9f51f7a2707d536ed1732	Python AST parsed	49	structural inventory only
research/experiments/infrastructure/materialize_structural_weights.py	7f5a6251473b9e3f90c8c3f9f55f414c2b29e99ae3422c8d19145c1b59543846	Python AST parsed	103	structural inventory only
research/experiments/infrastructure/pipeline.py	4c8fec3fc5ed792d69ab7fbc08d1c070eff30575e1a61fa4e8d15b5a5173c983	Python AST parsed	85	structural inventory only
research/experiments/infrastructure/validate_registry.py	e749b5a89abaff3246a8d12a6e47b34d8b76a9d59ccc87726cf9df83e3f9e820	Python AST parsed	39	structural inventory only
research/experiments/ladder_divergence_bisect.py	95f00f4003cda50e298055f1c2d9e811d4984e6f229b44f5a8c01b7b23f353ec	Python AST parsed	70	structural inventory only
research/experiments/lesion_aphasia.py	5c07b612ce98e844a75a8e8dcbfe093724d578f71b5efc2a1d2f778ba9b52442	Python AST parsed	505	structural inventory only
research/experiments/lesion_neural_routes.py	e6e9d517580a60c99d71d9d05a3683c7ed65910f44bf1c3c2041f651665ceec1	Python AST parsed	226	structural inventory only
research/experiments/lex_reproducibility.py	310f5ed273444d1993d5172967e834dc7c95a2efd69abcb797e7179b03b2aa19	Python AST parsed	170	structural inventory only
research/experiments/lexicon_capacity_law.py	d84ae3612870e619d1f99010d0659720768f3f65119b06df9785f3d6ea428f19	Python AST parsed	238	structural inventory only
research/experiments/lib/__init__.py	41611108b070fbbee4a047851b905eadbf76c62ef67561db37e6887cfa0a9422	Python AST parsed	90	structural inventory only
research/experiments/lib/brain_setup.py	a680c172de847cda003ae71715246fac313b5fe09f1b88256431c8002854da28	Python AST parsed	165	structural inventory only
research/experiments/lib/freeform.py	e88753952a601d2bde8daecdb321b6a6fa1c88148b2514f80365b9c7747671d6	Python AST parsed	596	structural inventory only
research/experiments/lib/generation.py	0dd17ce9c6f5111ce51c09fa5d04afdbedb5de90d5caae55fb5d2e0018b34d4f	Python AST parsed	233	structural inventory only
research/experiments/lib/grammar.py	8d9c0f4c04686b4d2122f6c94a7ad38ca2406a5b8779f7ced91c436d0b26d2fb	Python AST parsed	772	structural inventory only
research/experiments/lib/grounding.py	93cdf2947c4bc1de3240cde3dc97a7cd7177b4ea7a72e3e0f937c2ca33debfe6	Python AST parsed	331	structural inventory only
research/experiments/lib/measurement.py	89c1636e2b498714f13e065bce1d1ee03cf205ee84b1c096e4125f1f97d1c8fe	Python AST parsed	247	structural inventory only
research/experiments/lib/subgrammar.py	01df01d458b62386f1e3a483de0ca3ab1402e86056fd08675595f6c92b13182d	Python AST parsed	98	structural inventory only
research/experiments/lib/training.py	f12b558b604c561c97d53c220a179920df483ad90a59ecd7586ec89680add6ec	Python AST parsed	141	structural inventory only
research/experiments/lib/unsupervised.py	8932e0c39d7027e590693598d1a2f33ad2a635b5dabfaf499a58926f449b0850	Python AST parsed	368	structural inventory only
research/experiments/lib/vocabulary.py	75161d1a2c321b2858b139ebeea148eddfdb18e7ead28cc03f751cd2ae86a4d3	Python AST parsed	355	structural inventory only
research/experiments/linear_gain_recall.py	0a279a681f5cd096f7730893289d82fb992cb80bf20eb39c9ed64df7ef747e68	Python AST parsed	205	structural inventory only
research/experiments/linear_gain_recall_results.json	f23b3f5b6b814c9cf1b5622afb580180673ddc3b50a2ab55953b60b09e4e9ed5	bytes hashed	1570	structural inventory only
research/experiments/lucky_seed_audit.py	889c258eb37d562c1a3af5334adc3c3c81a92bb45061bf036ade47f97806c4c3	Python AST parsed	132	structural inventory only
research/experiments/main_loader_state_probe.py	a3ad5c7b259e12fa30ee0f7b9ffbe3bd5532fa43434b936b27b882286d114dbc	Python AST parsed	67	structural inventory only
research/experiments/many_areas_efficiency.py	147de46f60574840f8a08d64b4274a78a7ea4029b92214a69d0562dc4a6544af	Python AST parsed	196	structural inventory only
research/experiments/mass_readout_gate.py	9dc5707ec40638b44535e81a681863bb53688b61285ac58add2e8b417635ee9f	Python AST parsed	170	structural inventory only
research/experiments/mass_readout_gate_results.json	4c1ce15654f622f2e0a9277d7e8c6745cb7ce20dcfc41c154bc3c80c36f0eae2	bytes hashed	198	structural inventory only
research/experiments/mass_readout_gate_results_raw.json	39e6e1a9b6a51d3730a6f859e45d1ff853c2ebd92e9fcb51c7cb7725f29e5cb8	bytes hashed	198	structural inventory only
research/experiments/merge_backproj_gated.py	20ccab6d5b8d11d3bbc31502462c487236bebc9dc1ac039c08e9cc726f87fb50	Python AST parsed	242	structural inventory only
research/experiments/merge_capacity_ladder.py	f2d18e0c07e9f52551a90e5133596fa2eecd42c9e359206f0445cd8f38a19e72	Python AST parsed	245	structural inventory only
research/experiments/merge_chain_primitive.py	8584c0cafc094226df8c2eeebe0ed5ef6b484f7afa59531448a997c418ab33ec	Python AST parsed	218	structural inventory only
research/experiments/merge_cue_fidelity.py	ec2337062f2384a0c2f8394682bd1341daa6eea81906093d377719145c73ab01	Python AST parsed	345	structural inventory only
research/experiments/merge_gated_target.py	ccd50556fced7e5d7f7d9fd171956f7d0988e9df3fea209452597ca2d06c5f20	Python AST parsed	439	structural inventory only
research/experiments/merge_recall_control.py	e35a3d3ebd197ba689f819dacd5d14a4ff9e983132b0a2a8e682f4dbee4bc56a	Python AST parsed	193	structural inventory only
research/experiments/merge_recall_powered.py	a5b86f83664b4decb21131906a6d644b0c63801ca3218f06b4855957b4c409a1	Python AST parsed	174	structural inventory only
research/experiments/merge_recurrence_channels.py	48ec9e678bba0b52c9bd7778d9521b09a6089b4b492fc47090dda0b2b871463f	Python AST parsed	231	structural inventory only
research/experiments/merge_regime.py	0e3721f24e3ed80a66dded1705d9e9d36d94d63420778e0a441c554da4d29e55	Python AST parsed	254	structural inventory only
research/experiments/metrics/__init__.py	f39c053213da63f31cae558da05c5434908f86d098aaf67a40556c84d1004cb5	Python AST parsed	42	structural inventory only
research/experiments/metrics/energy.py	4503e938efefccc77ee8a0fa0b448c9c93f5819c054922f6de848f2340c60767	Python AST parsed	113	structural inventory only
research/experiments/metrics/instability.py	4b4b7adb672a1386121f3badf3f18eb10ca9c1d8548aebd5da31b13b0595564e	Python AST parsed	114	structural inventory only
research/experiments/metrics/integration_cost.py	03cc35999587fcb05e6f8b62ad8301d7897f5fd8882231b5e5b2015438492c79	Python AST parsed	30	structural inventory only
research/experiments/metrics/measurement.py	519b25609551919c67b6b97030f418ca6f09f46875db83de1afe6f577b6ad84e	Python AST parsed	429	structural inventory only
research/experiments/metrics/prediction.py	2b7c58dc47dae2cf6727f64b6c87228c365a8d0c17e72e6e394c7622efc13ab8	Python AST parsed	152	structural inventory only
research/experiments/metrics/settling.py	b01252e2f704e78f6b0995c50aebb91e1e40b0b37115acd57f346c86e15aaade	Python AST parsed	107	structural inventory only
research/experiments/minibatch_training.py	60b983fd93cf6bbf46a2e2a96eee6354f251dbf72031ea924df04bb7ddbb5ada	Python AST parsed	217	structural inventory only
research/experiments/mood_drive_decomposition.py	ffc8c8e25d8c01750037411075d8d5465b4d787f545519e870d1ff77f96d4e20	Python AST parsed	284	structural inventory only
research/experiments/n400_landing_2x2.py	4380b5efd0d52d6a550e904e4f9fc07fe1c9a5a08424609cb0b9ab646b69755b	Python AST parsed	219	structural inventory only
research/experiments/n400_landing_2x2_results.json	b6fc85173fc15189de529e2d8a2bedf80c3758cef5ac894bd521cfeeed36b856	bytes hashed	4406	structural inventory only
research/experiments/n400_undefined_census.py	008eef1f70d1f500a3a7418d31c9212bcfd5310757ef041e8f6a2a13d31c2076	Python AST parsed	92	structural inventory only
research/experiments/nemo_competitive_ab.py	7d6d5c2c6a897035139d3c682d1c191a142c2ebb6132473dce16147e43c9dfd7	Python AST parsed	406	structural inventory only
research/experiments/nemo_curriculum_role_probe_repair.py	9ea71d07a717661b867b85ef053cba2e5aad137ece5c84d806bad931e605fbf8	Python AST parsed	139	structural inventory only
research/experiments/nemo_substrate_sweep.py	952b643a751a63aa038bfb21415ed89b4ee7be865f6dd4ba65cdf9af67a43bdc	Python AST parsed	177	structural inventory only
research/experiments/nemo_vs_symbolic.py	2285b9944be76140f8d7e6f120c79a1d4ef613579a9351988cd5f55e90afc029	Python AST parsed	181	structural inventory only
research/experiments/norm_init_recurrence_limit.py	e92693beed656ca16b674c22c399ac2bda390bd6c99d3ac12bd6c1bc86fd61bf	Python AST parsed	189	structural inventory only
research/experiments/order_generalization.py	3adfdbc39299d6a1f8e1991d262e5b7451139c8d623ffeb895c39a09b912cbda	Python AST parsed	221	structural inventory only
research/experiments/overlap_ceiling.py	3a564adca6ef8d919194ba51b8bb588a98839e76bc148462ae911af2bf0825c5	Python AST parsed	340	structural inventory only
research/experiments/overlap_ceiling_results.json	dc0014ae084db2ab616ec04ed87a0d403fd5db3d6f330b23f1302913b40a62e5	bytes hashed	1807	structural inventory only
research/experiments/overnight_characterization.py	ba0878e57c60637d5768f653456b5d602a0fe7ddf67db8d770ae7e8d3e349df4	Python AST parsed	262	structural inventory only
research/experiments/overnight_characterization_results.txt	28d748e094ca4093e3dc527b7a1969b004b98bc9e2fc4892f15afef7c58fbd26	bytes hashed	88	structural inventory only
research/experiments/p600_metric_comparison.py	fdcebc8f0a3bf957e4fab89b33578e2107f54eadaaf9aa9cecd0e6a6ac63a868	Python AST parsed	787	structural inventory only
research/experiments/p_dissolves_beta_cliff.txt	5853d0afcf203e41e64b22a49b9d8cbe1b17cb59dc1f6647ba1ec28cb5f4fac5	bytes hashed	31	structural inventory only
research/experiments/paper_regime_2x2.py	63ba0023414bfa6c47cb49fcc463dcbce96b8e6f3b24e30e0193e332a6d3b1db	Python AST parsed	215	structural inventory only
research/experiments/paper_regime_2x2_results.json	70784f765cd4b917cc8f2adfc735bfc7c572c2762103c32f3ecbc9f32dd422fe	bytes hashed	398	structural inventory only
research/experiments/paper_regime_scale.py	d0e704d5a39d4f99b8d710dcc2b2d7fb3e4636f0cbfa86a8c7184a9cc91967e4	Python AST parsed	104	structural inventory only
research/experiments/paper_regime_scale_results.json	434f08befc8ab8440355fe7cfc3ee23ebda3793bba07ac2fbfc1da48e8a76bf3	bytes hashed	35	structural inventory only
research/experiments/parser_beta_ab.py	b75c60fb5121a3a043c55831c087738c18593f97cc6be664c782f47e0c6f8c26	Python AST parsed	195	structural inventory only
research/experiments/parser_drive_share_alpha.py	32194b2cc47265a8f1a26598cca7ccc5fed51156cd050ab80636a11bb32c8333	Python AST parsed	170	structural inventory only
research/experiments/parser_grounding_alpha.py	c5bb06ac7accecf540ddd03c7828d17b9323cbedabb8d154ed3db0715ee21f93	Python AST parsed	174	structural inventory only
research/experiments/parser_phon_weight_sweep.py	3c800f94c57eed12ec5c86f71194a28982ac453b7988eb34ba7c29322449e93a	Python AST parsed	236	structural inventory only
research/experiments/passive_payoff.py	f6cd2dc146f43642baf19b2453ed4ac294e5ea0a2f2b80ca2f1783826d96448f	Python AST parsed	298	structural inventory only
research/experiments/per_seed_pl_attribution.py	009ae37a11b389ebfb3a4cbed5e760402ecd3c7456dadc7d8e3174bd0e7cb388	Python AST parsed	211	structural inventory only
research/experiments/per_seed_pl_attribution_results.json	da17c1d9300c1e8a0ad09a67be22ce3a0657d28af9d90f241b77c61bb2b45df6	bytes hashed	5088	structural inventory only
research/experiments/plot_critical_point.py	571da2b0251c08f7119311e31c634dda689166b3df317bef8334a259066e7383	Python AST parsed	190	structural inventory only
research/experiments/plot_sweep.py	7b2b41d983b2e946cb35d08b72e72de10ef4022e7b32be5cffa938973930671d	Python AST parsed	204	structural inventory only
research/experiments/plot_task90.py	8ccb3e9620285a4ff135fa55ec99be0ccb67c7419d1a3275e805b743e1011431	Python AST parsed	393	structural inventory only
research/experiments/prediction_paths_compare.py	1915541c97c0c290b960d1a4e5314da8e3f61c73c45f7ebd832ead2df63b7f5c	Python AST parsed	190	structural inventory only
research/experiments/pricing_exposure_sweep.py	c41517d5b5dc54f3c65c68fe014a2c8e05ea779ae87a30aa663dccc18eef61d5	Python AST parsed	182	structural inventory only
research/experiments/primitives/__init__.py	7f910dca68f3dc5a6a5a1686676ee73df3f3affb3b88514d8c345bb6c9d670f0	Python AST parsed	9	structural inventory only
research/experiments/primitives/diagnose_erp_dynamics.py	c182cab2c800ab74efb10b283b4c137329693da7beeaf105195d9e6dc3b94972	Python AST parsed	844	structural inventory only
research/experiments/primitives/explore_binding_params.py	aa717c1c26af73e30bea42b47eaed6da0f4cd8db7ed9f8ffc9220b7bda746b80	Python AST parsed	220	structural inventory only
research/experiments/primitives/explore_composed_params.py	68383aac5f60dddf925dd7d18da2521ff58b2a5545ef9a46a8b70f5cee362cae	Python AST parsed	224	structural inventory only
research/experiments/primitives/explore_forward_prediction_params.py	4177482104dd9ffd9d1d566e9fbe6a90244ad36a3e64c0a35cd6b5a427358162	Python AST parsed	205	structural inventory only
research/experiments/primitives/explore_role_discovery_params.py	e26f7f477eb1413e4400048e75b370102f3b0d26411b68b1c726e2a98063e490	Python AST parsed	214	structural inventory only
research/experiments/primitives/explore_self_org_params.py	d375524dd70e2ac5b3aaaa8efcdda1085fd04e55e57965f090f3a0ea5dd6bc3c	Python AST parsed	190	structural inventory only
research/experiments/primitives/run_all.py	ecae44aaebb96c027ae9e17e652efb186890fe871f005aadd904bbe7e8b20c30	Python AST parsed	184	structural inventory only
research/experiments/primitives/test_agreement_attraction.py	197f2343604557d7d3bbbfd489c45d646e468e08a9852527dfed1e0b3f7b258f	Python AST parsed	449	structural inventory only
research/experiments/primitives/test_area_self_organization.py	2d3483db65e254390a8ad0356f794cca08f8600c8282a7d6c01cde910193a173	Python AST parsed	616	structural inventory only
research/experiments/primitives/test_association.py	b1c28da8637243131c694e5d17b6a87e59cfa94e487bb5b96e15945f0dad130a	Python AST parsed	453	structural inventory only
research/experiments/primitives/test_association_chain.py	4bdbbe64d1a0e1ba90c8e89a6850006d7a82d3d07e8b7e3c50ec18b78d2ee68b	Python AST parsed	503	structural inventory only
research/experiments/primitives/test_bidirectional_association.py	620b733b8352a6f3511e2802f00dd9d5e2a5406ea54e64e39f4eb2cad544352c	Python AST parsed	479	structural inventory only
research/experiments/primitives/test_binding_p600.py	87eb5ed9a95edbb1499a5164cf7e8fc1d5a4f215bf20ebbe87c28dbab1f0e6ce	Python AST parsed	387	structural inventory only
research/experiments/primitives/test_binding_retrieval.py	e0c6d1ffd29965c775f22bbd6af348ebaf7e4e4bdaff092462dcf9d1fdbe9523	Python AST parsed	513	structural inventory only
research/experiments/primitives/test_center_embedded_baseline.py	d3fb278c3399f72f9b495a5eb1d1f389f505c4c6405cb9f01169e1da4307aa8e	Python AST parsed	446	structural inventory only
research/experiments/primitives/test_cloze_probability.py	fe6b657e72b2ff4c97b7c236cf3e9dd6541229b904aa7c007b448ec53052f1cf	Python AST parsed	379	structural inventory only
research/experiments/primitives/test_composed_erp.py	e751d9601196057a4673937b1a6db6ac9f5c1af6869cd26fa7f70cec0a646008	Python AST parsed	638	structural inventory only
research/experiments/primitives/test_curriculum_ablation.py	3cbae41a6487bcc1430259f58ca63ca5df34f8864eda638e3a36700a5a79f10f	Python AST parsed	458	structural inventory only
research/experiments/primitives/test_depth_generalization.py	2262aced16122b2eb996c36c9a061361a0038ee59dde4d263b14277b31c2e1b1	Python AST parsed	540	structural inventory only
research/experiments/primitives/test_developmental_curriculum.py	b2d391c7cc39dfe3270ed223934ea877d5c61510187d19e5d1dd552f5e864c56	Python AST parsed	565	structural inventory only
research/experiments/primitives/test_forward_prediction.py	4363d0f582997d63be4c1c0c5d016b95a457999ef4ef1dea42edc381ba827c0e	Python AST parsed	502	structural inventory only
research/experiments/primitives/test_freeform_adj.py	0ffaaa5571cfdb43839f6a4a0ef473e280c4cf1f5536f9383f6dda5fed3c4691	Python AST parsed	456	structural inventory only
research/experiments/primitives/test_freeform_det.py	bafacdcb0bc3122df06d6e3d3fa133d2e19941207a0f1c46bb37e3b75aad6384	Python AST parsed	462	structural inventory only
research/experiments/primitives/test_freeform_learner.py	3a303cab296e83f14489166267aa071e7ef5bbdcaf00382cb82e2cd1652d93f0	Python AST parsed	457	structural inventory only
research/experiments/primitives/test_freeform_opt_adj.py	1217247a7f95b982b246de5de10d27fde9f71499cf64b1648bfc0a99d5410534	Python AST parsed	534	structural inventory only
research/experiments/primitives/test_freeform_rc.py	5e8332c66e2ab366143a1669bb1ff19ef7fd56b916f220645cf0260879d95032	Python AST parsed	509	structural inventory only
research/experiments/primitives/test_garden_path_erp.py	94781c97044ca5fbd4ee36aa451af6a99e8b77972993d241ccd56861e20f6557	Python AST parsed	463	structural inventory only
research/experiments/primitives/test_generalization.py	0ad77e7f534e9d03e7190f1b122a46c46a227d08d954d7e6edd88f87d46bed3b	Python AST parsed	457	structural inventory only
research/experiments/primitives/test_grammaticality_judgment.py	f53960ab648a64b35bd20478de6405357821846ad0d2e6a7f2fd1a39b648f636	Python AST parsed	346	structural inventory only
research/experiments/primitives/test_grounded_language.py	6a4849c3443bcf536e3476049c7ad60ff5895fb6e7897546769d1cf425c8e5e4	Python AST parsed	405	structural inventory only
research/experiments/primitives/test_incremental_erp.py	f2b7baeab7e6052f118b2d45a07af425250893ecb4befb1235db5cfb30ebd441	Python AST parsed	556	structural inventory only
research/experiments/primitives/test_inhibition.py	eaa87c1784ed3437f7fd437b7c353150447d4a87a37e426fb8cc8bcf28c48f50	Python AST parsed	543	structural inventory only
research/experiments/primitives/test_integrated_learner.py	45c420380dca21816f94a92d20c2258485bd725f053482304678b090343da538	Python AST parsed	545	structural inventory only
research/experiments/primitives/test_merge.py	5f2f70c633e53b583ec07bf991b5351447ecfedf9b3c7dfb7335843682836fd4	Python AST parsed	389	structural inventory only
research/experiments/primitives/test_merge_association.py	8a48e7529e7735b1329c8eca32d75cd58deb27a3eb4207b2bf206bbd7680e2ea	Python AST parsed	512	structural inventory only
research/experiments/primitives/test_online_word_acquisition.py	a5bf36d214936f3d43b45fca51b2907ae65ff90daf54acfb8e84c75f06e60d36	Python AST parsed	393	structural inventory only
research/experiments/primitives/test_p600_informativeness.py	1f7a065fd98d5e5f89a18cabbf9d22238d34b8615e2c19c6b6dce81bb96f870a	Python AST parsed	296	structural inventory only
research/experiments/primitives/test_parameter_robustness.py	1cf381c11410f59249af2759614214d293aa55ef3330d2847d44420d0e1f0a03	Python AST parsed	394	structural inventory only
research/experiments/primitives/test_prediction_n400.py	b7da7acb36e66d8182f735fc90fff83b92daacc5f4ca5f8cda7a7c96a4c1ac5c	Python AST parsed	500	structural inventory only
research/experiments/primitives/test_projection.py	20b4cf1b7260e04ba6403bb96e46ddda75f0c5d3dff36e36499aaeee2ba43b8e	Python AST parsed	442	structural inventory only
research/experiments/primitives/test_rc_asymmetry.py	f0342d631315fbf5e14bb56375eb6d7555528fb95b9e4083216cac8b23211182	Python AST parsed	476	structural inventory only
research/experiments/primitives/test_recursive_structure.py	d2d55d13f75fee876c9ac33d74e94597cd558cb4ca384886446d30a28e9c4530	Python AST parsed	575	structural inventory only
research/experiments/primitives/test_role_reuse.py	f01d1e2895da7e9a23b09642e2d87c71acf90f932bb630856261e35fe6ee6d2a	Python AST parsed	409	structural inventory only
research/experiments/primitives/test_role_self_organization.py	26cc90217655cc8c939c77a9be8081bba934bf94d3b55b21d77143564c7c2d16	Python AST parsed	417	structural inventory only
research/experiments/primitives/test_semantic_similarity.py	06b11c64b6ca794dc88a3c83a824ed37151d2e7a5a8b90d51a2cad8316457a0e	Python AST parsed	386	structural inventory only
research/experiments/primitives/test_sentence_generation.py	7494225e460a1b20cf72cdfccac2e84f587441b98784601964fd771a5d99b276	Python AST parsed	413	structural inventory only
research/experiments/primitives/test_subgrammar_decomposition.py	fb2fb09dfe52c6eb0ce12785125be61db5f44c4525e9384e2176339765913ca3	Python AST parsed	419	structural inventory only
research/experiments/primitives/test_unified_phenomena.py	0f4cb4cadc2d1ccb468f5c1e89433e2fbdecae7681d5bb1d5a6f9954acf6eeed	Python AST parsed	485	structural inventory only
research/experiments/primitives/test_unsupervised_binding.py	f66d1485947ba30a807695877bd77812f8954dbbdb3949d3f2fb7ef6091a915f	Python AST parsed	453	structural inventory only
research/experiments/primitives/test_variable_incremental.py	3368a06147e45a48932376073f429e131ad70cfb34f088379c042d028931a329	Python AST parsed	403	structural inventory only
research/experiments/primitives/test_variable_length.py	1e9b0a34fe41c1f4520f18b1c8f4896289aceaae882d72cb0ecb352e547c0c0f	Python AST parsed	416	structural inventory only
research/experiments/primitives/test_vocabulary_scaling.py	e2f0ff8a45cff12cf66967e2cab551512b9225b0bdc3db9c0ab49ceabdf4c174	Python AST parsed	406	structural inventory only
research/experiments/projection_idempotence.py	3355aa00294b092d483a8abc2e5ae27b9803041c78b10e006e18268349bada1d	Python AST parsed	91	structural inventory only
research/experiments/read_only_materialization.py	c80dae2115ed75a87381d4d7af6b2f6fd2bd0c5b1f250f45e660745d0dce4bc1	Python AST parsed	119	structural inventory only
research/experiments/readout_decision_rules.py	babbb24e5bdf835ab46b670eb86f8783add4bc78e8143ad3ea78644b973f8c43	Python AST parsed	160	structural inventory only
research/experiments/readout_decision_rules_results.json	a9c31521d41e80924807c8157461b30976be529692c52a303cfd253e100933a7	bytes hashed	49336	structural inventory only
research/experiments/rebaseline.py	cc4d856288be945b68b276bdee43d7a34fa8b1ed221fd0bd5f89357b7e71e380	Python AST parsed	381	structural inventory only
research/experiments/recruitment/PROSE.md	6fec8b3dd4bc592e46f028436aaaa652237b5b93748b8d01cab918e73f6eb9c7	bytes hashed	250	structural inventory only
research/experiments/recruitment/REPORT.md	bf1d67d7907b13498b2834030510b7ab23f7aa55ce5efdb4ecbe0821a5ee637f	bytes hashed	473	structural inventory only
research/experiments/recruitment/__init__.py	e3b0c44298fc1c149afbf4c8996fb92427ae41e4649b934ca495991b7852b855	Python AST parsed	0	structural inventory only
research/experiments/recruitment/analyze.py	6c4acd6600dfa2dd4367e72c71ebad41cebd222968457d4f6f206aa79cdd9ce9	Python AST parsed	551	structural inventory only
research/experiments/recruitment/beta_log.txt	e1f6b03c7ec4b0352f7864066c19a0c07be1fd11657ac2e6c3cc682ce08a2e27	bytes hashed	69	structural inventory only
research/experiments/recruitment/diagnose_synaptic_scaling.py	b7b1a475a94483de7626105bf6a62cdf0e583197bb7fbe92dce3b1496fc31d15	Python AST parsed	75	structural inventory only
research/experiments/recruitment/recruitment_mechanisms.py	1e07c8772af4f95a3793754a88a2189485e46bc1cbe8669b9f82faa30aa4a380	Python AST parsed	354	structural inventory only
research/experiments/recruitment/results_beta_pass.json	eaf89533408b33d01ce8909674da9b7c5aa9dc6be19c5da5bd37332b6014e961	bytes hashed	235114	structural inventory only
research/experiments/recruitment/results_recruitment_shard0of8.json	307166de56a85d36e57791992e90a21f73325c53f09a65bcb4cc95d651390eec	bytes hashed	91742	structural inventory only
research/experiments/recruitment/results_recruitment_shard1of8.json	60cbe35e962396021fcbe0d16fc04b6aade2d904c129a7cc446ba4ce9a11b3e2	bytes hashed	77982	structural inventory only
research/experiments/recruitment/results_recruitment_shard2of8.json	6e44236018da6709868f73470d231b2c50f901306b73559371852a97921790a7	bytes hashed	91742	structural inventory only
research/experiments/recruitment/results_recruitment_shard3of8.json	ddb135dcd0cbb6086addfb8f4aa490ea9f8bf635f22d0c618a53e31b3f2a003d	bytes hashed	66967	structural inventory only
research/experiments/recruitment/results_recruitment_shard4of8.json	be449d5021b14f5d698fce2ff372eba8cd9fd2f095cb500cd4faf58786a3f3d6	bytes hashed	70256	structural inventory only
research/experiments/recruitment/results_recruitment_shard5of8.json	56c0d4836e9e4c5ef39cbbc206a22889077deadf039ee64c66051fe85a7cbbb7	bytes hashed	69750	structural inventory only
research/experiments/recruitment/results_recruitment_shard6of8.json	c84e4ee9ff5d31182beeeba2d9f49e08ca6e3ffcd6bcafb980716d3706379c33	bytes hashed	91632	structural inventory only
research/experiments/recruitment/results_recruitment_shard7of8.json	ce9ef4633a88c32008540d06a7364bcaf4fd78924a7b9ad7202cbd6954b9d7c0	bytes hashed	91742	structural inventory only
research/experiments/recruitment/smoke.py	c350ac3d425a712f23c984de5dcae3dee0a00ada1096fc7af3bbe1c930ea866a	Python AST parsed	98	structural inventory only
research/experiments/recruitment/sweep_log.txt	a0a3962a48aaeb6f0aba163b7fa1293fe66927ca42f3c71bb4177c833507903e	bytes hashed	184	structural inventory only
research/experiments/recurrent_assembly_decay.py	06511c1cd9f15a74b5608cbb930ca9533d685b40cfc3fb583bb13031a6c721be	Python AST parsed	244	structural inventory only
research/experiments/refraction_memory_numpy.py	5b46d0fb38535c1d070590570816fce5de15d45e3ca127f0416154779e55c664	Python AST parsed	171	structural inventory only
research/experiments/repetition_recall.py	c03f0c90ce6332fa490502d5184233e9a295c7bf3b33299bf1e612f80df0f093	Python AST parsed	181	structural inventory only
research/experiments/repetition_recall_results.json	99d6e7cbb1e364e76ca316b495fe116b049605d977dabd3ec993a43a23d3eb3c	bytes hashed	1530	structural inventory only
research/experiments/retrieval_guided_rebinding.py	b0ee73cfbd0c59bc5b1b2e3b68e3f1c4c6097557f6169709187aa5a47339151f	Python AST parsed	196	structural inventory only
research/experiments/rich_corpus.py	f3761836d173dd26c26587e6a8e4497f4c6be0957c5a76171dbced15e66a944a	Python AST parsed	297	structural inventory only
research/experiments/role_area_state.py	67fdb1c250d8eb47796309ef5fe456f0f9ed350c7d74d76ae76c05fc3a886b61	Python AST parsed	146	structural inventory only
research/experiments/role_assignment_lexical_census.py	e489f2223db8806ca545a7da7c85af1f876b534982e0052b2ff35048a06bb6d1	Python AST parsed	166	structural inventory only
research/experiments/role_binding_writes_anything.py	293d00275083b6fa83fc7acfea646f230cc536b53fbe9cdbcae133807243636c	Python AST parsed	227	structural inventory only
research/experiments/role_corpus_dog_provenance.py	60c0e52e079ffaa2dce8001f02cdc1e605d5cafaf9b08db89b36a8bb790454c2	Python AST parsed	70	structural inventory only
research/experiments/role_lexicon_census.py	d86271c9324afc049cd48528be0ab35e69cdc2fca6af5c00f54bf061690d2fd1	Python AST parsed	80	structural inventory only
research/experiments/role_margin_branch_census.py	0643710f35a789caa65bd23ef499c95d2b78db8bcf33a9fe358b8a7b22174470	Python AST parsed	158	structural inventory only
research/experiments/role_recipe_2x2.py	0df60dfe9eaf4f6cb0d00217dea4f3e4faab792773c2fcf90161e1c966082829	Python AST parsed	237	structural inventory only
research/experiments/role_recipe_2x2_ext.py	6072fe578d317385c8b2cce6fb7a41c19130c03c7f259e492793ff8e5660e042	Python AST parsed	69	structural inventory only
research/experiments/role_recipe_2x2_results.json	8df850a9ce7d8dadd5fc103c9a10e059f7da0b0aa3a308da592b90534b53c9f6	bytes hashed	20638	structural inventory only
research/experiments/round_resolved_read.py	aa4fd4d9d5b301b04f8159109b3eaa51b1f6e9308b0bc86a0712ebe517d83783	Python AST parsed	220	structural inventory only
research/experiments/run_all_experiments.py	7bd936ac2378ab31e11682d71bb750fd33e30fb90c743e9c1654d1b623d1d854	Python AST parsed	322	structural inventory only
research/experiments/run_quick_validation.py	78b72a347b5a2b36a0fb7a318e2e014bc7df8e2ce89e634fd165022a992d331e	Python AST parsed	303	structural inventory only
research/experiments/sampler_overlap_amplification.py	1c4393924bc853a3856af764c54d59b95ebc88006bb1fa9d10ff5f81ff78c8ac	Python AST parsed	165	structural inventory only
research/experiments/sampler_overlap_amplification_results.json	22ad05ed605691eea5df46d636c8bb758efdb5816f5218ca335e7b94f9014eab	bytes hashed	337	structural inventory only
research/experiments/sampling_budget_interaction.py	7b82ac44117b00b6899c369c9d2ae421a37baa65017ec39889c3519a9abe561c	Python AST parsed	289	structural inventory only
research/experiments/sampling_budget_interaction_results.json	1d644275384fe500fb49dbff219dcae9c6a70b14a2c65ad64c215573753fb427	bytes hashed	10650	structural inventory only
research/experiments/scaled_feature_recall.py	e158c31f9e2f66872b84b42cadcff7a9c0c09708cb752ff683eda0113c85c3d9	Python AST parsed	208	structural inventory only
research/experiments/scaled_feature_recall_results.json	3b9e317f721116ee76808500b673f7a503799ef5582e52715063d410f3261eeb	bytes hashed	406	structural inventory only
research/experiments/sentence_conditioned_readout.py	0c15bb9d5d3f9c601db02814fda74cc4dcd0015c2216117a39e4ef4f7e9b4a76	Python AST parsed	384	structural inventory only
research/experiments/seq_a1_arc_transfer.py	7089ff976b77559b726888ec1c7d78e98aa6835c7cd3df7c390061c226a76caf	Python AST parsed	144	structural inventory only
research/experiments/seq_a1_arc_transfer_results.json	351b9b135dd8ef8afa63aaf44bbe3f14ce5e3f91095a51fa58036634d8d62286	bytes hashed	86	structural inventory only
research/experiments/seq_a1_drift.py	1ee0c0691eac73077a395998e4aa2e3edfb9976b0f6caef1f0d76002eadaa51e	Python AST parsed	113	structural inventory only
research/experiments/seq_a1_drift_results.json	2b3e0ddb44f2e6e2d74a972d466898e6e0af24603875935351ca1c14fce68e4a	bytes hashed	462	structural inventory only
research/experiments/seq_a1_exactness_sweep.py	6a9e32d86ec98de0e7b33eabf8fd7e778d2381126c8b3890a81f983b285647d1	Python AST parsed	126	structural inventory only
research/experiments/seq_a1_fsm_parity.py	438ab5d310393cf2e6e6cc7829db1fde4d084fa88e3916dfaf8e216355b63211	Python AST parsed	289	structural inventory only
research/experiments/seq_a1_fsm_parity_p040_results.json	709626cfa14ca411b77b9713b8ea40e61442c9b33a176c10c532355b584d6d4e	bytes hashed	1129	structural inventory only
research/experiments/seq_a1_fsm_parity_results.json	a1c5753883c972d8a3d9c5231385e7088c86a56617c10bed152eaf4eeb6049a5	bytes hashed	1114	structural inventory only
research/experiments/seq_a1_horizon.py	39ca957b05ada89327e3413476d35e1df6d077d42af02848c729e688e32e8edb	Python AST parsed	122	structural inventory only
research/experiments/seq_a1_horizon_hashed.py	ba82a6cb8c24721f7ae6520f8140eb497c1e9f99d214bf5109c26fc575907ad2	Python AST parsed	153	structural inventory only
research/experiments/seq_a1_limit_cycle.py	a6ca064ca57ffddf405abf8112619844e3069027e91944bcb0e5c363ecfb121b	Python AST parsed	121	structural inventory only
research/experiments/seq_a1_limit_cycle_results.json	630ebcf32c5c94c4caaeaa8530cb79b944535e6e17f5d0260e28f35f14f73e02	bytes hashed	686	structural inventory only
research/experiments/seq_a1_local_regime.py	fefb1399875ea70da84e273855bc3739d69e880c578469446ecec96e2b725ccd	Python AST parsed	130	structural inventory only
research/experiments/seq_a1_step_accuracy.py	6222d30eb511793cb17f85404fd9b4301bfe3739234f4a2ea2cccff91d4c857e	Python AST parsed	96	structural inventory only
research/experiments/seq_a1_step_accuracy_results.json	bbf505a42c554d4b53309528621fa2a89058f2122708ba7a75440e0c2ac1a5ef	bytes hashed	2660	structural inventory only
research/experiments/seq_a1_where_drift_starts.py	4550dd742f7122f9c2aeadb59e3bc44990f1a31cf40276f3930de99bd1a56e13	Python AST parsed	167	structural inventory only
research/experiments/seq_a1_where_drift_starts_results.json	7a02fb2c71c2498b80365aae940106d346b81df79b556fdc02540c5346ad8815	bytes hashed	450	structural inventory only
research/experiments/seq_a2_refraction_load.py	f3c5d3d64f75adb4e256cf2a405492455ee0ee350437f8c3af89f43ae0b22d6e	Python AST parsed	95	structural inventory only
research/experiments/seq_a2_word_order_fsm.py	fb2defbc4b953a867a22ea04b9847bba43b56332bd59434227c419af06c95735	Python AST parsed	245	structural inventory only
research/experiments/seq_a2_word_order_results.json	4f4f822795494d6dae346f7e0a51458e886e988393671914885252b47de9a15c	bytes hashed	248	structural inventory only
research/experiments/seq_a3_oracle_ceiling.py	78057159f0b87d9242e5af9a5548850ac8228c1448a496d0caea3cb655713db6	Python AST parsed	82	structural inventory only
research/experiments/seq_a3_transducer.py	06da709deaa4f1ef8e67db16fdc033befdc1432255e2bdd8b051e867bb662054	Python AST parsed	814	structural inventory only
research/experiments/seq_arc_refraction_reference.py	fc2527f6b7fd69d475b28f5d161a154368eaa51f7b33fd4768a643ee7ab44efd	Python AST parsed	220	structural inventory only
research/experiments/seq_capacity_scaling.py	a556156c234d9ae9ea15ea2b59f4377b4e11ec3afff76d056c03c2c0223b129a	Python AST parsed	397	structural inventory only
research/experiments/seq_formation_forensics.py	5a67a9010279861e1ea80c0b1c63271f28cde2ab95e6d7b87602034f69b448d8	Python AST parsed	119	structural inventory only
research/experiments/seq_organ_substrate.py	cde2dd59eb5de9c7061eb9bd23df31ab65834c8ef7718e44d2c1fad7717cc48a	Python AST parsed	311	structural inventory only
research/experiments/seq_organ_substrate_results.json	86c9a4b604da4ee7c7a6224a0d0ca3da801b53726cf4e4cb86393b16a4801818	bytes hashed	1049	structural inventory only
research/experiments/seq_recurrent_ratchet.py	065bc637b9e499d82cc223bdd0756dc397e690aaad68dff3f6defd73a97920db	Python AST parsed	207	structural inventory only
research/experiments/seq_recurrent_ratchet_results.json	30c3045c0aace7a430b5cff5fb96fbac92c20988d6cec391d911a0480af500d9	bytes hashed	889	structural inventory only
research/experiments/seq_refraction_stability.py	c1744b1beed8ec681f95d5064607842507d78e1dd5814b2e60ff4e2bb3a73403	Python AST parsed	221	structural inventory only
research/experiments/seq_refraction_wander.py	4cfe991e6318bd4839f5aee5aabca99e194e62ad46516626dd90615372bc69bb	Python AST parsed	151	structural inventory only
research/experiments/seq_s5_arc_clip.py	32d9e1797132fee000febf2acdcef014b1fac14bd224c9a22cc0b303e7712d0e	Python AST parsed	70	structural inventory only
research/experiments/seq_s5_arc_drift.py	6d38d7885dd95d419c6645027c226ac8be3c3d1f238c99f8b61072ae7ae3b562	Python AST parsed	62	structural inventory only
research/experiments/seq_s5_bar_tie.py	94ede4e5ed1ae7f39cbbea4d3cc507c8dba55e929e751d4025d6e78d949b79de	Python AST parsed	128	structural inventory only
research/experiments/seq_s5_bar_tie_results.json	e2f868c49cec4438752779d04a9e026b32c2db23fac4bebd5fdd90145f90eef8	bytes hashed	334	structural inventory only
research/experiments/seq_s5_cliff_anatomy.py	e55fc9273c11c261711e1698b15fc2a065c6185639eb759aa7e35f3f886f1ae9	Python AST parsed	192	structural inventory only
research/experiments/seq_s5_cliff_anatomy_results.json	5cc08e4a4aa7d4726358c2926d3a118386b4354d4fada41b2b6748593b7e7ddb	bytes hashed	630	structural inventory only
research/experiments/seq_s5_memory_channel.py	77240302da8b23c26fe6fe8e14b44db7cab9cf25a8061b56ac26a0e1763aca0d	Python AST parsed	162	structural inventory only
research/experiments/seq_s5_norm_init_intervention.py	c9eca1bf10b1902bf5d607de235a5621fef9759b07588e003e7d66b89fa7f1f0	Python AST parsed	224	structural inventory only
research/experiments/seq_s5_norm_init_results.json	70f2c4a961ab44774ead318fd7a3eb37979776e7013db35c95d68ba47db8052a	bytes hashed	98332	structural inventory only
research/experiments/seq_s5_semantics_v2_invariance.py	41aa7b0107f8256df4f7aca7a84412859b78b415ef0e74ebf2fbbbad5bee3817	Python AST parsed	78	structural inventory only
research/experiments/seq_s5_semantics_v2_results.json	984452e9d9f795be12fc7913fc1e516d044506790a18994fa286007eb78c6613	bytes hashed	47	structural inventory only
research/experiments/seq_s5_soft_census.py	56f1347accdeb87cf95e959eb0b78e7b275ed2bbd82dc6f8fd38b4e238b17f88	Python AST parsed	152	structural inventory only
research/experiments/seq_s5_soft_census_hashed.py	6005e6f00607b6872e492de1e64eb032b9db12a7dd1dcceeb6f897ec63826818	Python AST parsed	291	structural inventory only
research/experiments/seq_s5_substrate_c.py	1f8b0131006ef3632dbba6e808495e3eb7f4d399cd6497c7979c5e29e691c4ba	Python AST parsed	159	structural inventory only
research/experiments/seq_s5_substrate_c_results_scoped.json	eeaa1eb7f05c7ccd61ad3eac68e33e600491ed420a19d2ff5139b5d5f3fe84de	bytes hashed	1038	structural inventory only
research/experiments/seq_s5_theorem_regime.py	013ee36db2f1d34d83c16e17417e76e28d800e2fc3003b8b0f27e1e64209a9b2	Python AST parsed	186	structural inventory only
research/experiments/seq_s5_theorem_regime_results.json	f91fd114c707287a7bb100477bfd42d62558ed04f1ca17fa941c40a33a510744	bytes hashed	1405	structural inventory only
research/experiments/seq_s5_word_problem.py	0f24f37e25dbe38c8265897c52952a98d3c0913198ac05c49093811d2b372d59	Python AST parsed	389	structural inventory only
research/experiments/seq_s5_word_problem_results.json	6997fb0c00aae05a7dcc1a50c0b04dfd324a61a09a986122d283a6018d9db2dc	bytes hashed	195	structural inventory only
research/experiments/seq_scaling_merger_forensics.py	29cdfd27d13545088f5846b45044b738c66081bf89ed7182d134145ad0180c7c	Python AST parsed	359	structural inventory only
research/experiments/seq_scaling_merger_forensics_results.json	0a19ffcfb1b93b8dc4843d9f87308b623249cff93fb7713b27b7278a6a400b02	bytes hashed	419	structural inventory only
research/experiments/seq_state_refraction.py	9372b208f0d956e12fd37b394285f4d66e2fa4a7b781b546386cd8b7c058b8d3	Python AST parsed	197	structural inventory only
research/experiments/seq_state_refraction_results.json	843cbb532e858866480e1d20568793c6ab382f02eda180f20de9ea5cddab40a2	bytes hashed	20	structural inventory only
research/experiments/seq_substrate_ceiling.py	f66c1f0929dbbab82fa16ab3d29ab31fc2e6a5cf8bc33cd258ab6b9626e3aa87	Python AST parsed	284	structural inventory only
research/experiments/seq_substrate_ceiling_results.json	c0bcb66fc24b73eac45d3885c40fd3c74a3db20fe2bd897b271c033e75cc7af1	bytes hashed	13134	structural inventory only
research/experiments/seq_tm_high_order.py	1e53ca593109785355ca9428988c2a9b2f80b2148c40d5d4beb155a13bc38c91	Python AST parsed	155	structural inventory only
research/experiments/shared_lexical_area.py	ba01b595f04aad16a7288562318bf70196fe72f3670e2dbc934293caf5554fa3	Python AST parsed	216	structural inventory only
research/experiments/shared_target_capacity_law.py	ca8769cf8f83595c84ae7266e1bfcd17f5a97abd78d509a9d100d754f74792a8	Python AST parsed	183	structural inventory only
research/experiments/slot_addressing_drift.py	7402820f5452f0374223095f2b46a7afd412ccf55e243b556461e041c4d58a36	Python AST parsed	208	structural inventory only
research/experiments/slot_addressing_drive.py	d4f846d0ad14367d8c5afcf56b97f95032469299e2b64b6fbc2092f32451025a	Python AST parsed	172	structural inventory only
research/experiments/slow_homeostasis_recall.py	5cb53eefa4ff149e017d30554084cd4d1cbcc97ef94e11c306c8640ffe88376b	Python AST parsed	184	structural inventory only
research/experiments/slow_homeostasis_recall_results.json	628cdded9ac25e21b9271a749c92ec0334cf90fdd52a92391dc38ae340e8b874	bytes hashed	766	structural inventory only
research/experiments/snr_scaling_d3.txt	896e486091072a7929c572d1a62d768d6bfda42a25affaae04ab75f282479de1	bytes hashed	43	structural inventory only
research/experiments/source_overlap_structure_and_errors.py	bbbc2d8fde1faa625841aed82e8dd1c960fa029dfeac52226b87d9793126e014	Python AST parsed	369	structural inventory only
research/experiments/source_separation_sweep.py	ff1058db5942dcfbe7e77587ac3951aa3a91a3f73e6e1aa25335b88d29dc2631	Python AST parsed	246	structural inventory only
research/experiments/split_architecture_2x2.py	1fece4e87f3412001ad6f425e9c46e1ff8ac36c16e36ec64883c9f42554cb535	Python AST parsed	346	structural inventory only
research/experiments/split_architecture_2x2_results.json	478b2b83e7a4bbc4f4bd8675389e773c5288c798bb8b1e6520845b0c665ed8ce	bytes hashed	13970	structural inventory only
research/experiments/split_default_gate.py	d199b4bd85cf8d9cf30b956547b39678b64df1a81f7d31c352672b45f29feaff	Python AST parsed	81	structural inventory only
research/experiments/stability/__init__.py	a5595fa8b229adff3efd8c04bdf14d60a7217134e584a2b81d1f7b9622b28f89	Python AST parsed	10	structural inventory only
research/experiments/stability/test_assembly_distinctiveness.py	b453b00c1cbcc652a06f1688b8331e827d3ed7b743c6e0c6b991c8f8cf19c385	Python AST parsed	361	structural inventory only
research/experiments/stability/test_attractor_dynamics.py	fd6b7e5022254095395e6cf8763b60b74e4799a5baa7644e9f960d4cafa700b8	Python AST parsed	431	structural inventory only
research/experiments/stability/test_loop_switching.py	f26a5cf629d1265356f4b8b40c55613b3b7e52d6a427a1a8586121fd17b857c1	Python AST parsed	595	structural inventory only
research/experiments/stability/test_noise_robustness.py	9c4a90a8a4389d4104448792c6fdf8b7169531cfcc3753c15022d741ce247725	Python AST parsed	405	structural inventory only
research/experiments/stability/test_phase_diagram.py	6c7b108c8b1acb8cd8b57f80eb28e3cfbd5ea2b5d6af346ea8cc808bb6c66718	Python AST parsed	269	structural inventory only
research/experiments/stability/test_recurrent_loops.py	4154dd956014a2ef6ae3d5e9fb62d963f20ed9ad871eea29c2aa402f5d58e586	Python AST parsed	501	structural inventory only
research/experiments/stability/test_scaling_laws.py	d465c74e5e12deda1c79ba6f0ec7dea90aa6c2ac2e1518c6bb455c9cf923bb9b	Python AST parsed	270	structural inventory only
research/experiments/stored_assemblies_still_current.py	d8c74ca4e46d2fceb28e014e632431c3bbe373fd27267782794403b79ca1bd09	Python AST parsed	156	structural inventory only
research/experiments/study4/ntp.py	3d55d4e50921b611719a39af0afcdb34fb9f5a2569d521b2126ebc6d3bdbfab6	Python AST parsed	190	structural inventory only
research/experiments/study4/ntp_agree.py	206f364e1621fcfb9ae8a637b2af65007b8d9c49552562c5911b45b32224b028	Python AST parsed	194	structural inventory only
research/experiments/study4/ntp_ctx.py	d57660f98c9fefc8cf392469e410f94075ec4393cb352284495bebaa879bb612	Python AST parsed	107	structural inventory only
research/experiments/study4/task90_study4_on_exact.py	ff24384661b77b81a159f827ffaa1d882a1ec1ed84e54940966ec3b58021eef0	Python AST parsed	142	structural inventory only
research/experiments/supervised_vs_unsupervised_roles.py	a132281e83db32fb15997a1a639c0130b918ffae0889a8d8ac694ca2990d254d	Python AST parsed	247	structural inventory only
research/experiments/surprise_gain_recall.py	ab58387693c2ec47cf121fbb03d894423fb33b1dcc946490a7e9778a92c87076	Python AST parsed	228	structural inventory only
research/experiments/surprise_gain_recall_results.json	8baf61350b4cf33a57ee7e26a8de4a3c0fa343c71c9514ba82a4e4e4c5ae1ab3	bytes hashed	810	structural inventory only
research/experiments/sweep.csv	1d43a569be128746ae666072bd21f25608e64da91e7dd5c31bdf7ca2032329f2	bytes hashed	3961	structural inventory only
research/experiments/sweep.py	9784ecc4cff09a84c3808e0224f0fdf173f1ad92cc02a45b728801a0008f49cc	Python AST parsed	234	structural inventory only
research/experiments/sweep_dynamics.py	c1c6248c72c459bbf80cd5546d5b84bfea0b1359727f4db3fe91192bd46fbc9e	Python AST parsed	563	structural inventory only
research/experiments/sweep_parallel.py	1d313e1d183cbe99e5235ac90f98cbc90841c51e907cc5e14f9540dce43ffd26	Python AST parsed	82	structural inventory only
research/experiments/task100_erp_probe_isolation.py	d096bddd7f08a350f22e49571a47ba7141df148287d9bee730183c108dc5cd00	Python AST parsed	119	structural inventory only
research/experiments/task102_readonly_parse.py	238a3eab38d7f7431550c901ecae070aed5b6a2d909397000c3aadd5a499130d	Python AST parsed	132	structural inventory only
research/experiments/task69_probe_rollback.py	59a077d2d99ba6a1ec1cfd83a0491b9f684e33042eacd2b5add7d9d234c8f051	Python AST parsed	71	structural inventory only
research/experiments/task69_stored_assembly_privilege.py	4fbe2b42470fe0c88b04fc62e45473b9ec855984a2fb8ec50df8d00e4efe23a4	Python AST parsed	130	structural inventory only
research/experiments/task90_ab_load_triage.py	2c559fe6bde947868a0cdb046b4f6fd8f2538eb699b937e773472452fa72153c	Python AST parsed	212	structural inventory only
research/experiments/task90_ceiling_extend_n4000.py	94dd37f08868c272b5e7d23e08258f76a9abef50c60f7dc132b2d1b7dbc64a05	Python AST parsed	95	structural inventory only
research/experiments/task90_ceiling_fine_grid.py	b95e50a2e1b6eb7f0b2bc2d2599f3f3d104c1e6d9894c3b00f67fe1abd57cec9	Python AST parsed	217	structural inventory only
research/experiments/task90_ceiling_n_scaling.py	803a8a317e489dee2e861c7c6f17e05a829fc287608d28386ce310922c6e9e40	Python AST parsed	205	structural inventory only
research/experiments/task90_context_collapse_on_exact.py	2bb8b2aba6d3ce23b59e3f538d65d0c6e75272fb51d5dd682649a36f6723d373	Python AST parsed	193	structural inventory only
research/experiments/task90_gain_confound.py	b95cd111d398ff3f38ea0db2c392c0ef3a4fffe8e4399c175fcf55b1fadac0fd	Python AST parsed	199	structural inventory only
research/experiments/task90_load_screen_sensitivity.py	c967fbadcee2eeb1ffa16899aeb6698ab92e198c06ab5a7748c2f643bef0a68f	Python AST parsed	213	structural inventory only
research/experiments/task90_recurrence_ceiling_on_exact.py	75a54112bb5302e2a4adf78006742b7a327c6899e89a5e0aa570b45ba424c0b3	Python AST parsed	224	structural inventory only
research/experiments/task91_emergent_noun_verb.py	2c10851a689e6615c795af6a59e655ba34676e029c696a406f444b97d656175a	Python AST parsed	339	structural inventory only
research/experiments/task91_exposure_sweep.py	35f6b7975e0458aac226f73b946da8c0c90c7ab36d69fbfd65085da40e4ec604	Python AST parsed	111	structural inventory only
research/experiments/task93_conjunction_budget.py	ea706d12f02f5a4e10c3e8d6c2cd87262a48285b259e882954ee736e923ff1ce	Python AST parsed	218	structural inventory only
research/experiments/task95_readout_and_arc.py	36a751bdaab2a691297f188363c5cbc328855de60f86db1701ca90784e44d379	Python AST parsed	203	structural inventory only
research/experiments/task98_multimood_on_exact.py	9a3359b28bc3867afc937ea4329408eed3b41b4ca266d4ca112aa43f0f5c9bc9	Python AST parsed	161	structural inventory only
research/experiments/test_parallel_seeds_main.py	9aedfd0de39f8ad0dd8d08443682586aec12b0c486abc197d26d7d5f3651b860	Python AST parsed	99	structural inventory only
research/experiments/trial_self_containment.py	2fe8e607f4da99cc320991becd085f6eda8a5f6bc9fd1550dff87522ce53c66f	Python AST parsed	68	structural inventory only
research/experiments/two_phase_read.py	0c5cbd1f5dbe27ae684e379da8e18e4777b95ea7cc25aab4e77e500c0b310893	Python AST parsed	223	structural inventory only
research/experiments/unaligned_scenes.py	a10b7629557bf2adff18b98585f38d500276162f5885cadec6dd75f9a5888465	Python AST parsed	493	structural inventory only
research/experiments/universality_composition.py	e9d6986254ad0380346f6cd310d86a87fa02bf68ba8a0d2ec903871cca14981c	Python AST parsed	476	structural inventory only
research/experiments/universality_diagnose.py	e7bdc31231d39a641dde474780f8d537b007ed835729c454e454f452db1cc2aa	Python AST parsed	129	structural inventory only
research/experiments/verify49_control.txt	c97b8873c6738d860300bc9a5225eecbdfe68eac09b9a185d16f0b847819baf7	bytes hashed	10	structural inventory only
research/experiments/verify49_fix.txt	e676cf68d7faa718082d1fc0627706873f509164896ea765fe1b2bd05736bf50	bytes hashed	10	structural inventory only
research/experiments/verify49_legacy_multicell.txt	948f86d830445d300f2220f003543ca2b2f3f51e4e92b8c8fafd840e82c6cd17	bytes hashed	20	structural inventory only
research/experiments/verify49_multicell.txt	ff0965562b8dc146aa83c58500b9ccb7b1576312b7f8d886c15c001a8a909c56	bytes hashed	20	structural inventory only
research/experiments/verify_49.py	745b21b538aecf731ebdf3ded8845388ff49906151068bad83d21312b35bdec3	Python AST parsed	88	structural inventory only
research/experiments/verify_49_faithful.txt	38c873d9f94946ff8752b4a4b38f087a345c37518e1bc2b09c760f4ccd0f19f4	bytes hashed	17	structural inventory only
research/experiments/verify_49_legacy_multicell.txt	59f41beaf05638c123441eb39ba0e45ff385d6d451a78862471b24ddc2c909f7	bytes hashed	21	structural inventory only
research/experiments/verify_49_multicell.txt	ee5e0be0cc12bd4ec9fb8490a642597c94c5be7d591a82d50c42b5b2f333e6d2	bytes hashed	21	structural inventory only
research/experiments/verify_49_result.txt	ae13990e8abb85846e14c4fef22b83ce8664fc71a822f99e107e51a69c06e2ca	bytes hashed	21	structural inventory only
research/experiments/vocab/__init__.py	3560ca93c82b9e9235055ac439f337403da7a7611bd0b1c2d979499e1d8a52fc	Python AST parsed	56	structural inventory only
research/experiments/vocab/agreement.py	44bf442bc03377ce898f47544c0bc63d40f96adbf80c4aae219721a2c350b1ac	Python AST parsed	130	structural inventory only
research/experiments/vocab/scaling.py	638b610ef57d53d82792fcbc3d87019d696c5a6f1faaaf7cc0897f0f7253f2b1	Python AST parsed	188	structural inventory only
research/experiments/vocab/standard.py	a642be5aa3e433c7b642000413f7e32f39253a535af28820ce3f688fc0bfc403	Python AST parsed	69	structural inventory only
research/experiments/vocab/test_sentences.py	4320e96f277d34d45351acfc648c58d23230c3d180ba4c5147b4b3dde819fb78	Python AST parsed	112	structural inventory only
research/experiments/vocab/training.py	6c85a9b76499ed60f2efedcec7c2e1f908d83dda22a943408b9f706c557531e6	Python AST parsed	151	structural inventory only
research/experiments/wedge.py	89ebfa0ebc4249f24ca6582636d2886ffee54b0c262b00bc7284b4d4108bf04b	Python AST parsed	131	structural inventory only
research/experiments/what_variation_buys.py	cefc0e3cc6ad83c00f1b10100936636a8cdbf363c0fba92a7f58af01c9f7a59a	Python AST parsed	250	structural inventory only
research/experiments/what_variation_buys_results.json	ea42c6942db5c126ff5a190142611076ae83f6fe9d2cdf9c599caafc71adce05	bytes hashed	518	structural inventory only
research/experiments/wmax_census.py	474966344d007ab4bd61b8c93d0d2edf69db048aa53e8c8ce91e15dc1af232eb	Python AST parsed	154	structural inventory only
research/experiments/wmax_census_results.json	c66f2e08080e658fb9f84d5bce960585449b83de7e2a051fa358534e6749e8ad	bytes hashed	314	structural inventory only
research/experiments/word_capacity.py	c7cad0b962be3520e3ec16b67b379939c5ff1ecb5bee8067062250a1ac36c37a	Python AST parsed	401	structural inventory only
research/experiments/word_order_generation.py	a2240d808ebf64a69016c52413d90bd3f700e492bd542d9c10904a2af24b3cf7	Python AST parsed	109	structural inventory only
research/experiments/word_order_induction.py	c38131a3109f20b3106bacc1910307b57650ea88731838ea8eac805f41311802	Python AST parsed	243	structural inventory only
research/experiments/word_order_sample_efficiency.py	0b714e72374600eebd4d758a40d2b8e6831c47af1ff27449e2b4a1cf5e11746b	Python AST parsed	146	structural inventory only
research/experiments/word_order_typology.py	2f12118aa6352743d4745a39849693f381357a0f9b0f4e534624e6bb99714602	Python AST parsed	204	structural inventory only
research/experiments/worker_divergence_probe.py	3c7d544c50bcb4f335c8af8ac53ec59a48cc69fef2716aa093088fd7c2c16f9e	Python AST parsed	103	structural inventory only
research/experiments/zipf_gain.csv	ca4d8226d47707001aaeef599ea9fdfb8898f692b8621ae9f2866568d6859b1c	bytes hashed	96	structural inventory only
research/experiments/zipf_grammar.py	38f8a2279d5cbddb9b7f1db05acb74914d21d5668d2a1a6224d00b023ee7284b	Python AST parsed	231	structural inventory only
research/experiments/zipf_scaled.csv	58c47f95e832d828dc5963640d41c334f1a185c28e954794226c331a7e85c141	bytes hashed	43	structural inventory only
research/experiments/zipf_synthesis.py	f2605ddc5fb167e6e23cffc299bdc16b83130806a09496bf29b914c8381a85a4	Python AST parsed	346	structural inventory only
research/experiments/zipf_synthesis_results.json	5ff726958589defa76c72de174fd9402c151e9255cf4f9d949da9c08cefbf4de	bytes hashed	3756	structural inventory only
research/figures/fig_121_deficits.pdf	4ba90a52f74260ed0074eb84f6b388dbcab97a4bc90a13315bba9e44ec5de222	bytes hashed	0	structural inventory only
research/figures/fig_121_deficits.png	700ebb8026a092f5272814c77d5980a3b54df1a8c088c4d33e3a7da165e54a83	bytes hashed	0	structural inventory only
research/figures/fig_121_dissociation.pdf	3923c4c6d43656a54b4dfdff90c107c767e37969dc08228c2b376bf5ea5ac208	bytes hashed	0	structural inventory only
research/figures/fig_121_dissociation.png	46226bc57174f4ebebc2eba6e528cd0f99d609fe5369b5834e02ea736895ed1f	bytes hashed	0	structural inventory only
research/figures/fig_151_dead_fiber.pdf	81dc19603531175e0127f6e46963ab46333fd9553d213ff8e1f41bdd857101d9	bytes hashed	0	structural inventory only
research/figures/fig_151_dead_fiber.png	4723612acc074cf0fc2b0ae4ff0ab5432d4d8cf5b3db045e793fcb0124c9524b	bytes hashed	0	structural inventory only
research/figures/fig_151_exposure_law.pdf	c05e6ba83f95ffb824f014905da71068338995dd99ade73faed25cc77bc05af8	bytes hashed	0	structural inventory only
research/figures/fig_151_exposure_law.png	fe957c255132c86851b7134e78bb52dbb9f9e6bc5178d47478ba0222e38f05c1	bytes hashed	0	structural inventory only
research/figures/fig_151_gate_before_after.pdf	3454bca950be71f75f25a45675b70edf151db0e894c79aeeba620128320f4717	bytes hashed	0	structural inventory only
research/figures/fig_151_gate_before_after.png	378cc616693ebe030b582581e6e8008907cc2333afba7df6a388a7770d60ef9c	bytes hashed	0	structural inventory only
research/figures/fig_151_residual.pdf	f4c5be6d04824d9680ff394b449a425e3d39494150310cbb19b2da7a32f78943	bytes hashed	0	structural inventory only
research/figures/fig_151_residual.png	2ed8cf393cbe51e081b429d4e674ae68cb6ef5a24454dfc0f29800c2643fcfbb	bytes hashed	0	structural inventory only
research/figures/fig_28_aucs.pdf	7073a763aa7228420d29a610084b378a093a155300910a1ce7e16be75bbf4315	bytes hashed	0	structural inventory only
research/figures/fig_28_aucs.png	2d117fbedc11a42c41d0d9749d029b004f471c0f1cb9edddfb9fee15db7194e5	bytes hashed	0	structural inventory only
research/figures/fig_28_saturation.pdf	6fb597e52db19f8978b51b55e24f6cd114789936f508f6ca99e8954abc9f6307	bytes hashed	0	structural inventory only
research/figures/fig_28_saturation.png	67c0d87f50754ec067ff8173f261ca70d1cb01b7e86296027bb83ec326afc3b9	bytes hashed	0	structural inventory only
research/figures/fig_52_exposure.pdf	384afffe943c2170f00a06ba205b0dfd4963b692d6580fa53c4dfccdb03e798a	bytes hashed	0	structural inventory only
research/figures/fig_52_exposure.png	fbcdd767dab4766ec5a2a99ac4c09e02c0d5b773aef87002c40fc3263a644622	bytes hashed	0	structural inventory only
research/figures/fig_52_interaction.pdf	7c90c7a6486ae300e202fec72a804d21a146a445b3aa9974b888edbc1faa107c	bytes hashed	0	structural inventory only
research/figures/fig_52_interaction.png	13f430eeb6771bff4400f9557fa63280e45bfab7ef7fec02da08eaed341ecc62	bytes hashed	0	structural inventory only
research/figures/fig_52_regressions.pdf	bfc534ec2535ec603c4fc1d35c976ab19142aa7fbde56510bc1b7b2574942ff2	bytes hashed	0	structural inventory only
research/figures/fig_52_regressions.png	0bfcf5d3745de399eea430a497805bfa5fa7fdb754dfa1795a32b09d021baa4a	bytes hashed	0	structural inventory only
research/figures/make_figures_121.py	d87a3d5fc6a630f231c7931f6539672e17e6aeb1e2ba03eb412b80a941f36653	Python AST parsed	125	structural inventory only
research/figures/make_figures_151.py	45d74520e4b5a2a4a07c6b4822e9361de5956bc716591fc8abb520050e52593d	Python AST parsed	257	structural inventory only
research/figures/make_figures_28.py	3db8f6ba0bfe5dd1382f9ee7afb4881d6d0bf1bb73f3633e5b67e482e650aa93	Python AST parsed	137	structural inventory only
research/figures/make_figures_52.py	d7cfb071b2b807a8c84bf450b216042282b048403096f4bd16656a030a8e1198	Python AST parsed	198	structural inventory only
research/harness.py	228a70e407e7baafc0a6e5c75553287a0b79b174f7f92e4c6ad3cf7ccb4cb555	Python AST parsed	329	selected source inspected
research/literature/FIGURES.md	5a610f70bdd16630158ca2bdff8b5c9690e67fff48446b6f879c02f70b757995	bytes hashed	140	structural inventory only
research/literature/README.md	b80b7c9dab06c1a1088c33ae35c69a17d1a6372c5c55e29b5e07988653817982	bytes hashed	42	structural inventory only
research/literature/REPRODUCTION_MATRIX.md	8b2920afda290eb4ca3384166f91a0b5f2a98a69370a374e347dae21553a5dd6	bytes hashed	340	structural inventory only
research/literature/audit_golden_provenance.py	c874b2209db88c789ca836bc5c28ff40af6503d940829b4739ef2665ca700ae2	Python AST parsed	122	structural inventory only
research/literature/audit_matrix_status.py	d7c4e0102fe42b076c7d97b0200715949a4e83fe578b6ea3cdcda980e11cda30	Python AST parsed	81	structural inventory only
research/literature/build_matrix_supplement.py	ed50273154612d1344572d6592b1e75e07474330cd4521c9ba09cadc8b30464d	Python AST parsed	180	structural inventory only
research/literature/cross_lang/README.md	2e58279acbc2b68d8ac03c0acac237847db75ab17e19dd07cd19c9037f54f7c7	bytes hashed	30	structural inventory only
research/literature/cross_lang/__init__.py	7eb70257593da06f682a3ddda54a9d260d4fc514f645237f5ca74b08f8da61a6	Python AST parsed	1	structural inventory only
research/literature/cross_lang/julia/Project.toml	6ab17fa1ce6397c1e582930f61280e0fb2da2642cde4cd06e52308e3319c752f	bytes hashed	6	structural inventory only
research/literature/cross_lang/julia/export_metrics.jl.example	421814d7a0be8f2dd9fc5bfe06dd5e500d0dc0fb9d8ed7b03b933ce1355bff8c	bytes hashed	35	structural inventory only
research/literature/cross_lang/julia/pnas_scaling.jl	777c208f49ec65c1cc819fdac5fadcc2870c54edca716ea9da2fe9543aa49983	bytes hashed	44	structural inventory only
research/literature/cross_lang/runner.py	ed372c776f61bc57d99145e9de3ef2b36c165f49c4bd6a2fa6ac5adcd498e18a	Python AST parsed	147	structural inventory only
research/literature/extract_figure_notes.py	7ccd043a96b08a5faa37dbd3770b812276dc3c82fbbd60933cecc414084a1998	Python AST parsed	106	structural inventory only
research/literature/figure_snippets.json	d47915df5bad0bde50e274112c0a311e9f2461003bd4150cc98a3701a01d15c1	bytes hashed	456	structural inventory only
research/literature/index.json	d3d7e1d55340cbbc66ef76085e13e012c7a7abcc19f30f6c1dd635bdf560565b	bytes hashed	455	structural inventory only
research/literature/papers/README.md	2ef9a8992a20e0ed045421244cdbef13c39a25b586b4db2fc357459aa8a0e1ed	bytes hashed	25	structural inventory only
research/literature/parity/PROTOCOLS.md	d88962ab07702f92f1a2d7e32c7ceded70398d894a0c643355157e896e29a7fb	bytes hashed	286	structural inventory only
research/literature/parity/coin2024_demo.yaml	c4567784af13379d82ffc78c64e513f3f02c73f529f30d7f8bb4520b4b1a9905	bytes hashed	25	structural inventory only
research/literature/parity/colt2022_mnist.yaml	aead1a6e5c51864ec122f5bb3c390514044fce5636ce58bb319289bbcdc2d521	bytes hashed	27	structural inventory only
research/literature/parity/configs/README.md	700e476ade76b37b8d66e3221cb4f56691b3b006a119720652aef05e1d75d84a	bytes hashed	25	structural inventory only
research/literature/parity/configs/aaai2022.yaml	a10a1ced1ea3f0bed7a5270ae37fe5aab4af0059dc836d084c9449ab9ad05c5a	bytes hashed	50	structural inventory only
research/literature/parity/configs/coin2024.yaml	d4f5350c14d610f133a86e199689e0ab3b99c7a24800bf0c16edb4cbad6c4b10	bytes hashed	67	structural inventory only
research/literature/parity/configs/colt2022.yaml	32454cf8d531f897b97caa181a3625658568180cabf328823f2af58b27911fc5	bytes hashed	56	structural inventory only
research/literature/parity/configs/direct2026.yaml	23c9b85730a17e8e09e691e84ac8d91eb921a3edd800539576af31f8dbbf69ed	bytes hashed	58	structural inventory only
research/literature/parity/configs/hoff2026.yaml	9d84d73954b811e3c1617da5baf14e9f419a795b21eb0a16075a5c610351279b	bytes hashed	57	structural inventory only
research/literature/parity/configs/itcs2019.yaml	b0b06855d901302bcf392453ada0b1fa8333acb1b66e8a0ff7c2c88a32dec835	bytes hashed	28	structural inventory only
research/literature/parity/configs/naloma2022.yaml	59abd30964d46646cab14ecd5fcaba17d533c75c138a1651409012079c44289f	bytes hashed	41	structural inventory only
research/literature/parity/configs/nemo2025.yaml	483bb3d89f1a35b251124d71ecfb1a2c762963a94f48a5175596689b35726569	bytes hashed	144	structural inventory only
research/literature/parity/configs/onasch2025.yaml	7d7dffcd697260d0b9872481b29139f7f51b5aaa66cf3aa747c38d4f7a4d7d16	bytes hashed	29	structural inventory only
research/literature/parity/configs/organ2023.yaml	1c18f5df4f1312a8d26cfd61a1fd4661b68b0c566c29c15ac1784ae417a087f5	bytes hashed	39	structural inventory only
research/literature/parity/configs/pnas2020.yaml	ad9f41f4df487507e6a6f9c06ae7d3e8dce24cda4bf0d29f3559f0fe4323c3e5	bytes hashed	89	structural inventory only
research/literature/parity/configs/sequences2025.yaml	e9ab4e2be786851cb9f56feb63083873f0622b172ab073ba052e3c35550250dc	bytes hashed	85	structural inventory only
research/literature/parity/configs/tacl2021.yaml	faf2fae8f60c689d79eac2916c5261dc8cc582956febc471c41d3d51f1f088cd	bytes hashed	82	structural inventory only
research/literature/parity/configs/ting2026.yaml	bf5b7729528c7b73cce3a3225ccf81f81a0ebbaf720d3f317b9001e80de2a3f8	bytes hashed	66	structural inventory only
research/literature/parity/golden/.gitkeep	bb4ca8a642648cf8b827de070c2c4d775875a4962e3ce552675e280dcbadf365	bytes hashed	2	structural inventory only
research/literature/parity/golden/coin2024_compete.json	88ab9d61353b7287545a42c047b8dc86a61d84ba00afeb594223d960db7ca153	bytes hashed	26	structural inventory only
research/literature/parity/golden/coin2024_demo.json	1acf0e72434f1480925ea6c1dc9dcf57009b04328fccc972bb9f50dbfbc88caf	bytes hashed	35	structural inventory only
research/literature/parity/golden/coin2024_markov_arc.json	c42d015694950f946310c6e6844f6851b0d182b4b642649a6db3d13a0c08e15e	bytes hashed	25	structural inventory only
research/literature/parity/golden/coin2024_softmax.json	5b68909ec2355df7b406363ce580d73f2c2aa9762f2e1cfbd1d9412d89cee66f	bytes hashed	24	structural inventory only
research/literature/parity/golden/colt2022_halfspace.json	acce5c7a81495be5d4bc39e6784bc7090ec25928a3109a51ae0779dba5f25801	bytes hashed	47	structural inventory only
research/literature/parity/golden/colt2022_mnist.json	ecf06b818d331f39770f0b6bef7b7418f60058302c5b43f43828bc7010655683	bytes hashed	34	structural inventory only
research/literature/parity/golden/colt2022_mnist_brain.json	5c3c1e2563080b2c516d6e55ce629f7331b027e64572e193b044b93687550479	bytes hashed	25	structural inventory only
research/literature/parity/golden/colt2022_mnist_hierarchical.json	4f5740850daa2d67f4e03417f6fd4b8a6d5f8bd15ab5b2944fbdfd41afc34dad	bytes hashed	27	structural inventory only
research/literature/parity/golden/colt2022_mnist_notebook.json	9accfafba481008b43233d6ccc28d1be0386f5026aa0155f899e086f1f499e7b	bytes hashed	25	structural inventory only
research/literature/parity/golden/colt2022_mnist_notebook_full.json	76af1524f691ca59e39d43cd90b2af25311cf20ca17c258457da6def4ddcd485	bytes hashed	24	structural inventory only
research/literature/parity/golden/colt2022_mnist_notebook_paper.json	052e583838eb22fc297921b3e775743a9f4a46df46e771ec72362885fe45e60a	bytes hashed	24	structural inventory only
research/literature/parity/golden/colt2022_multiassembly.json	dd8156e553542eb38ecfad4a793c1b85e0ff5f479d3e0c334c5e4d0579b69b22	bytes hashed	67	structural inventory only
research/literature/parity/golden/cross_lang_pnas_scaling.json	a52ad2208bcc45d658aca4d3bbce0244a81fadab93fc9fe8d1bb5a238d4365af	bytes hashed	45	structural inventory only
research/literature/parity/golden/direct2026_pearl.json	9a858e5fc4786516a1d6d341bd834c7a7ce9c4e2d6e80ac55dd96413282efb2a	bytes hashed	32	structural inventory only
research/literature/parity/golden/hoff2026_size_dist.json	2e01c84be22918e6468b8e1a0d74856fbbeb3edb114d1b24bcc0fba1df04b902	bytes hashed	30	structural inventory only
research/literature/parity/golden/nemo2025_curriculum.json	076f7b167391914fdb5e8c2e28671e91068069a920fe7ae109a90e91c765c745	bytes hashed	99	structural inventory only
research/literature/parity/golden/nemo2025_fsm_mod3.json	836789c17a0e118cd5d7cb7fc147305bddeb03e3c97e2431c2dc6bc217e75580	bytes hashed	47	structural inventory only
research/literature/parity/golden/nemo2025_fsm_mod3_numpy.json	eaf6104c037ff7c00661ac97e971ca03a75e2de34d2e9493cdb0a9df45ea027d	bytes hashed	29	structural inventory only
research/literature/parity/golden/nemo2025_scaffold.json	bbc4ff4d89acc4b88c60d999db044c6560dca815c0342027b96b9964477bf896	bytes hashed	50	structural inventory only
research/literature/parity/golden/pnas2020_pattern_complete.json	8514c07dd4e1b0d4c2d2d5093c87115f777f80fd468834fe93479dbce9714094	bytes hashed	26	structural inventory only
research/literature/parity/golden/pnas2020_reciprocal.json	412853fd24a57d5fecfe580003dbdad726cae2da15adfd68231cdab58b79eaf7	bytes hashed	25	structural inventory only
research/literature/parity/golden/pnas2020_scaling.json	019581cb6a96f087bb803318b6d8f1397731aa19f87098be0b41008da549c393	bytes hashed	43	structural inventory only
research/literature/parity/golden/seq25_multi_recall.json	01177b8061f9c5efbfe8cf104a46b9f607dcb8949dea7499695280e6f7588d23	bytes hashed	27	structural inventory only
research/literature/parity/golden/tacl2021_parser_f1.json	a320d98c2215b3b6788d532533f0f8b0434f05cf045cc73e1d64e88148f36a5c	bytes hashed	17	structural inventory only
research/literature/parity/nemo2025_curriculum.yaml	06796cde3fe66e2ef91e0d13eea2a0d4e8d00e327829149f5a96c4282175bfc5	bytes hashed	40	structural inventory only
research/literature/parity/pnas2020_paper_claims.py	3545186039bed471425a7571b99961aeb2a743e3e5de0b4d2a433537e9211151	Python AST parsed	252	structural inventory only
research/literature/parity/pnas2020_scaling.yaml	f6bea231dfda18430d6df2902790fe23ebf0221507611bdbbd4a1ee7cbd67a56	bytes hashed	36	structural inventory only
research/literature/parity/record_coin_compete.py	969967d52bd0b268a7c7557399e6655feb76a4fbfe031b8e43957cbc28c3af52	Python AST parsed	73	structural inventory only
research/literature/parity/record_coin_demo.py	d4b4f911099f0435426493703f6f029f557d34c938d977bc2104a71626c2d35d	Python AST parsed	79	structural inventory only
research/literature/parity/record_colt_halfspace.py	8976428e0ec7b21ba842da09109db52b88c7c8fd09264e103c503f09c32caf0f	Python AST parsed	73	structural inventory only
research/literature/parity/record_colt_mnist.py	c616f8d59f79e21e69bd736fa0829d7e5a497cb3072f4445492634dfe4271cb1	Python AST parsed	76	structural inventory only
research/literature/parity/record_colt_mnist_notebook.py	ff185725157a492fd1c423e87955980cce96a981790e30feb6036d8483a219f5	Python AST parsed	42	structural inventory only
research/literature/parity/record_colt_multiassembly.py	867da60c258ac95b2843395d5e5f263922786ac31156934a58b6f73d828965ff	Python AST parsed	115	structural inventory only
research/literature/parity/record_direct_pearl.py	5638c23a3d6513b123c9d6176bbbcf023bd2f99da5fb727dc6be2b6d51a1d9ac	Python AST parsed	76	structural inventory only
research/literature/parity/record_nemo_curriculum.py	39b77c0104c5953416cf69b1fb1c38324aee036d0e167b6e1a0a279e58d82286	Python AST parsed	100	structural inventory only
research/literature/parity/record_pnas_golden.py	827a9e808f362828c422b9d56b4538903cb8902701e67009b28bbff70dc88df6	Python AST parsed	200	structural inventory only
research/literature/parity/record_pnas_scaling.py	e36b9ae0c40b1b14734c9910fa960c758d3db3a2f477c99c6fd672fb927c688c	Python AST parsed	63	structural inventory only
research/literature/parity/record_scaffold_sequence.py	02e55f0d981a2b04c9e204686c1b928ef5e2863059bf351d44c7424979187c46	Python AST parsed	67	structural inventory only
research/literature/parity/reference_pnas_golden.json	ebdcc7ec56ae32aa34ca077be819a6e1dfade7a0c844180ee92557c1be54e390	bytes hashed	34	structural inventory only
research/literature/parity/registry.json	3ae71c3e6cd532c524ef747d53d8ca72210aa5510368b108caf7e4bf6240c61b	bytes hashed	239	structural inventory only
research/literature/reference/manifest.json	8be69fe3ad3b5122372ebfd8900f5352e58c722860c404d2036c71108d1fedff	bytes hashed	121	structural inventory only
research/literature/reference/nemo_site.json	cffdc6760ece93ff56695002a122b9248f17af9b1eaa0310240a8ae0a81fd5d0	bytes hashed	211	structural inventory only
research/literature/reproduce.py	29eee8a58d07671e310fc3ec1b5ed7eba8a0266ee55b95a01aff65217a6edc9b	Python AST parsed	115	structural inventory only
research/literature/reproduction_matrix.json	fbd12d3ca8fe693010b3f45209ae152989850e6edc4b3f910c2305b62871dc2c	bytes hashed	1449	structural inventory only
research/literature/reproduction_matrix_supplement.json	8f34491766b5db3549998db356f1482fb50d0b2ab2e550b604a69d054cc9a0fd	bytes hashed	1651	structural inventory only
research/literature/sync_matrix_repro.py	727e2f07f8216f92f7a61dc1df2704d3d4b64f15406f5c571ef15369792adbfa	Python AST parsed	76	structural inventory only
research/literature/sync_reference_repos.py	b790d441eb329850baa6a1b5e648c0af0e378eaa9c2b738f8475a698bef85e85	Python AST parsed	57	structural inventory only
research/literature/validate_index.py	8f817d0e169ca5b76679fe79ba4c40b172ffad7d821e56633c17673813882742	Python AST parsed	194	structural inventory only
research/literature/validate_matrix.py	99cd971aae3b3e0baab6ac2e8cef800341c108c7fe12d3faa817f25b95c8021d	Python AST parsed	106	structural inventory only
research/nemo/__init__.py	c498445245684df81e815269946cf8b7bb70550ddb812dac3581c4212e0d29d3	Python AST parsed	3	structural inventory only
research/nemo/nemo_full_system.py	53a447c60e46f448988f656826577b5dbc287783fa4c40920fa1454106e1b102	Python AST parsed	932	structural inventory only
research/nemo/nemo_hierarchical.py	e5a335b9fa5538c0d79c1ad0578781aee20dfb94b1af43e03891586f8c224410	Python AST parsed	682	structural inventory only
research/nemo/nemo_ultra.py	7521e4d23f8e6d70bf015430baf690a2afea91052cac2306012236a83502a80a	Python AST parsed	661	structural inventory only
research/notebooks/substrate_phase_diagram.ipynb	ae3a72dd52e6fdecbb265a10cca4f7292e56d2431b1aad877cde7fafff5014be	notebook JSON parsed; code not executed	499	structural inventory only
research/notes/README.md	cd2845de0e81e3ac605f4354332188261dc55e811f67907d8f089a68b8694240	bytes hashed	268	structural inventory only
research/notes/aligner/DESIGN_hashed_aligner.md	ad4e54a6e5ee2ef6644f9bee75cfa747757a96adc1a2264314f7c89f0c1ed521	bytes hashed	163	structural inventory only
research/notes/aligner/DESIGN_scheduled_training.md	94c0fec45da6688a3b9cb31e3cc46591ee618ec795c8a3810a0f0bbd6625dfff	bytes hashed	92	structural inventory only
research/notes/aligner/PREREG_alignment_load.md	263b74484cb45b26d63464a01b31794d85412d9bd67f56b746a1224e334a297b	bytes hashed	177	structural inventory only
research/notes/aligner/PREREG_drive_share_remeasure.md	13b5a45fe5eca3a89d33b5ac37472c95914386632d3681a1a41c563ce90b3cb1	bytes hashed	112	structural inventory only
research/notes/aligner/PREREG_unaligned_scenes.md	6db75d30e7f0118ff84b26db766440cf5124d8acde6acb465ab2224897c4bd63	bytes hashed	228	structural inventory only
research/notes/aligner/PREREG_word_capacity.md	be13ca6ee9f53316a554a20e75cecf08712b12282167b8a01a4c823a4be31fa7	bytes hashed	287	structural inventory only
research/notes/aligner/README.md	80d525f770771f11dcc1085d1c46f8ef53d3f79d1a05e4fb7d5b905243d73a46	bytes hashed	13	structural inventory only
research/notes/aligner/the_dead_fiber_was_a_growth_ratchet.md	0129129e111b21aaedf2af3c7e2725905012459ada12cdd33f1b6a06c7df0b3d	bytes hashed	81	structural inventory only
research/notes/aligner/the_gate_passed_and_found_a_dead_fiber.md	d60835c865d8e87835a7202f76809561d3ff84b751ef36d9d320b66c44e69b62	bytes hashed	65	structural inventory only
research/notes/categories/README.md	8974fcc4dce2062bc85b8005cc1cc94900e7092dbd2d5d41179f337b83854203	bytes hashed	32	structural inventory only
research/notes/categories/afferent_energy_is_not_adopted.md	77f969fcc2fc13ea0e449ee4af9a2087da4ad07baf467d2e555b05862dbeb9b7	bytes hashed	73	structural inventory only
research/notes/categories/calibration_is_not_information.md	320e9b884a22a5af7de63f2b1adb76e7a892c4c0dc9b1ef0034f30763204d5ee	bytes hashed	61	structural inventory only
research/notes/categories/capacity_is_not_the_constraint_separation_is.md	af92213c9b30f56933b82f3a1fc5fcc1e92d3ff32d358b7b4d01bb5dbd9bc14e	bytes hashed	97	structural inventory only
research/notes/categories/diversity_without_data_is_dilution.md	d6831b6b9f1bcb4cd1e9a35dbd12a942c9e632d54ca61f984cb6303b695318ea	bytes hashed	29	structural inventory only
research/notes/categories/gain_and_scaling_compose.md	8a4a2b99ffbc44d1d044d49b67cf3b23a4422f66a6a772e6bab3bb50d62a258f	bytes hashed	32	structural inventory only
research/notes/categories/more_data_merges_the_teacher_labels.md	e7d64abda67ac1946e411da469c0953de9d83b64405dc0d6c93558b70cc7f0f5	bytes hashed	79	structural inventory only
research/notes/categories/novelty_cannot_see_class_mass.md	c30793786be43b08eaa330840f9a26ea06bd0fb1647327cb03f14fca21b28b4c	bytes hashed	31	structural inventory only
research/notes/categories/rebinding_redistributes_it_does_not_learn.md	587f17dd8d5c67904e7ea24d033e80e61a14cb6b0502d8f3c374134a4520153c	bytes hashed	89	structural inventory only
research/notes/categories/redistribution_needs_a_budget_worth_redistributing.md	4b8e504bdec382bb0410ea196df72af71afd8d1f765ecd10d09c4c9f2506a32a	bytes hashed	72	structural inventory only
research/notes/categories/repetition_works_scaling_interferes.md	721a826944df200eb361ec713b5c32cc1598efaa6fc9953b67c10942db724b74	bytes hashed	30	structural inventory only
research/notes/categories/scaling_rebalances_but_cannot_invent.md	ade41d0a0ceeb438a33b0dac993094f1ac74c51f498150949f5a3fc9735f4c43	bytes hashed	33	structural inventory only
research/notes/categories/the_assembly_decides_the_wrong_question.md	a10242f29343237c4a3f2c7a052eff587952168a042176b34ec81beebbbd665a	bytes hashed	114	structural inventory only
research/notes/categories/the_assembly_now_decides.md	386258ed5b506c88ccf4accd2f0bb0480ee8f6bd1ffdba7e18f261dcccadb2c6	bytes hashed	101	structural inventory only
research/notes/categories/the_best_case_was_the_undefined_one.md	c6da6a039202c8740df80d132153948f513864c5e1e6e92681206f842997da4b	bytes hashed	117	structural inventory only
research/notes/categories/the_cap_is_innocent_under_scaling.md	f611db69650b25bae020e39828937be002bb9eb59770b50f7e8ad9969cac94b9	bytes hashed	21	structural inventory only
research/notes/categories/the_ceiling_is_image_structure.md	036e78f59fb59628125c8dd5baa2660fcb4d4ffb9f166d512541cd9273f40538	bytes hashed	29	structural inventory only
research/notes/categories/the_decision_was_the_bottleneck.md	53840abc0cfbb8c48b8f79f7ec2b9e55c089018d527c86fee656cbbc3d53970c	bytes hashed	70	structural inventory only
research/notes/categories/the_gain_cap_was_vacuous.md	39779012ef1f3e0ef740ad9c4cf173a8adb6c08ac0f6730a38733f6d88d43269	bytes hashed	34	structural inventory only
research/notes/categories/the_margin_lever_only_pays_below_the_margin.md	cb1f65610e0e3305cf0c14651ccf188965ebd6900b20c2acc99faac0b3fbf317	bytes hashed	112	structural inventory only
research/notes/categories/the_mass_is_the_decision_and_repetition_merges_the_images.md	814282d99acecb30984c727856dc972d7be3a93b091177f01374080a2de1d45a	bytes hashed	57	structural inventory only
research/notes/categories/the_mean_spread_was_hiding_a_bimodal_distribution.md	efb155bad6393a03120b5a1ff9399f9e840654d0d0f8fcb72deb082fec4031bf	bytes hashed	152	structural inventory only
research/notes/categories/the_optimum_is_interior.md	176122a5ba51a375fb9a0fe4acb487de2ac8ca8eaf8773cb7c6259aa700da74d	bytes hashed	63	structural inventory only
research/notes/categories/the_papers_regime_works_and_a_seed_gates_the_rare_class.md	337a5bb0389cc356577bd7e59fc0c8a483c57a659951842c1246c19c7ba6d1b4	bytes hashed	73	structural inventory only
research/notes/categories/the_source_core_is_still_the_observed_category.md	6b2fd585397c0f3dd20b00bd642d4a2f72508e41754a009850ec91d9fd05ebcc	bytes hashed	82	structural inventory only
research/notes/categories/the_stability_probe_was_saturated_not_the_split.md	740118e286890d072308cc60922e1018e4fbcc70614e041296e99fc81db9e6e8	bytes hashed	128	structural inventory only
research/notes/categories/the_substituted_value_carries_the_novel_arm.md	a59dce8112ecc5f8d8c12bed68eb612fd4089293f742b40330b202d90dc5ef82	bytes hashed	81	structural inventory only
research/notes/categories/the_unsupervised_route_is_not_the_problem.md	13ef9c01725747ddafd5a8a3652298dc57fbc7c7a640f8cfdc09680bb5bb96fb	bytes hashed	93	structural inventory only
research/notes/coin/README.md	1f9328f32a332ae1c5057810786e067226e74c5471cd7b660b082344e665182a	bytes hashed	6	structural inventory only
research/notes/coin/neural_coin_fairness.md	ed04c7519edb573772fcf99dd70786dfa724cae7963379f29417dfe3ecd985fe	bytes hashed	316	structural inventory only
research/notes/figures/coin_cap_density.png	5ef1550b766ccb3cdb41c7f00ab4545cb1c5e7596c2fc2ed34e18c34d4329811	bytes hashed	0	structural inventory only
research/notes/figures/coin_distribution.png	1597137916eac251ffe745a78912a0165671e155750713b35137f6afcc8c6829	bytes hashed	0	structural inventory only
research/notes/figures/coin_finite_size.png	6a27a8918416a9e21ec1ad4988e95699a5570016d5d189cc45590a2ea9ed5d77	bytes hashed	0	structural inventory only
research/notes/figures/coin_mechanism.png	de5279ec026bbc28e0569169cd03bbea60be81f9e9627ca62ad80e3f463b4aeb	bytes hashed	0	structural inventory only
research/notes/figures/coin_null_contrast.png	945715f9467a43cfcb5c2707b453987bda6452a6df562b14aa1f908a9099a223	bytes hashed	0	structural inventory only
research/notes/figures/coin_per_brain.png	11c91217da9c58b411807b5e49d452419f12e80739f8ed9e3aa784d4e8d6ce50	bytes hashed	0	structural inventory only
research/notes/figures/coin_settling.png	66557666ba7e010f1a0dd4411b4b3fcc5dbcc03e18a889dccf192d21398af680	bytes hashed	0	structural inventory only
research/notes/figures/memory_ceiling_vs_nk.png	fc66b9bfaac381c4c0cdbe5b87f4550936d31fb787b178f64451ef411b9b8636	bytes hashed	0	structural inventory only
research/notes/figures/memory_gate_U.png	b2e4eaff688d2fd6a995d1047933fb5e2743301e8465e77e4e9b77efc53d77b5	bytes hashed	0	structural inventory only
research/notes/figures/memory_recall_vs_M.png	35f850c5f32246595eeeab17ea8e696c2f5289ed67074065951f6d97919ba419	bytes hashed	0	structural inventory only
research/notes/figures/organ_arc_drift.png	105098b5f563b1d0af468b15c30416697dd0fadd4748924f91cfda5fd7b36662	bytes hashed	0	structural inventory only
research/notes/figures/organ_clip_relocation.png	9bd49a788db9a3efec52c8926a54b9293da5b60fa7e3f024d162ce89cb6ceee1	bytes hashed	0	structural inventory only
research/notes/figures/organ_order10_window.png	42679fb9d75531e67c09b55874d12c1946af822bcb6dc0d29e7bc3894eff31fb	bytes hashed	0	structural inventory only
research/notes/figures/organ_soft_rate.png	4a6035da5220cba72f0d8b73f5d80df606fe97ddea16fd9b23d416759d7cf29e	bytes hashed	0	structural inventory only
research/notes/figures/organ_strength_pinned.png	c454cfe16bc909caa90a0597c5e97c86327fd99739ed9c1634c2fa76560b8bb9	bytes hashed	0	structural inventory only
research/notes/figures/parity_gates.png	33a0643949808e36ea0c416419889cea2161525b80d8c6164a19c6b57e2131d3	bytes hashed	0	structural inventory only
research/notes/figures/sampler_artifacts.png	95449cf3f815e3df6200026fe1e8314a7a7906a4828f0705bf49ac37073ad0ac	bytes hashed	0	structural inventory only
research/notes/figures/task90_ceiling.png	d29511f8bd6f41214fdeccfa4daee4c919bc2d9c90fe1121d389d7673c585a87	bytes hashed	0	structural inventory only
research/notes/figures/task90_context.png	cb39ac3dd26f991ac387d33c99dca51d2a9b1a4dda69b18d359e53d247cebb76	bytes hashed	0	structural inventory only
research/notes/figures/task90_gain_confound.png	9124749cb9335a1dd232a5edbd8ae7ae6cce76da14e2810bfabe64fc4ca9d947	bytes hashed	0	structural inventory only
research/notes/figures/task90_load_triage.png	9ca0f71dfb107c9df3add1862c96bf3d9a9134f9b1743e8b3a0c0220fb4dc79d	bytes hashed	0	structural inventory only
research/notes/figures/task90_many_areas.png	9c6268f38b0ccf56f36a19d3894f7b69a3ca90ac2eb84d1dcac2cb0a567556c2	bytes hashed	0	structural inventory only
research/notes/figures/task90_sampler_sign.png	ec2dccaf7161dd9c8be99ea2e38735cda17e3c11cf3543cdf88007ace73183f5	bytes hashed	0	structural inventory only
research/notes/figures/throughput.png	26b80f99d56022fec6ea3939015ab179cd571af5ead7a2bdf0d5bf1320dc54cd	bytes hashed	0	structural inventory only
research/notes/language/README.md	79ecd827d4b3b73f4d145ee85582a1169751ebdee51decbdc314777d734aa306	bytes hashed	45	structural inventory only
research/notes/language/a_grammar_that_cannot_reject.md	2c40eab21c5f77da9e931946385e66655a85385894b744afac884dcd5ab0d3b5	bytes hashed	94	structural inventory only
research/notes/language/erp_metric_is_clipped.md	ebef9e1386e6b478384c45e2f1076000007bf24232ec42e91e68fbc2808cb25b	bytes hashed	266	structural inventory only
research/notes/language/erp_probe_isolation.md	995f6a3abbb025c98027db17b5155164d2a8a5977750635c14b991c4da809636	bytes hashed	126	structural inventory only
research/notes/language/erp_scale_is_an_implementation_detail.md	005d67b75e96b2b9f21c1f20594177d38ffb02323eb0edc00c44aa142c25c359	bytes hashed	273	structural inventory only
research/notes/language/literature_clues_for_the_three_obstacles.md	0b6694e9ab1f585a48d90bb1e9921983ac77059f4e69c68db194215fe86eabc7	bytes hashed	229	structural inventory only
research/notes/language/n400_saturated_because_prediction_has_no_signal.md	d5635205032169abe5a2ebb5b96daec08cecad7e4eef1754bd50c0aa2c7c2079	bytes hashed	92	structural inventory only
research/notes/language/nemo_subtree_audit.md	969ee37d0db55c384c21b244587fda87bbbfd7b8d49e6e54d7fcd48a5e4b5905	bytes hashed	100	structural inventory only
research/notes/language/number_saturates_tense_composes.md	ce7f89e2c26cbeb69363ac5fd9663e67e74b8c9b8d831b26666d1132e39aa3f1	bytes hashed	29	structural inventory only
research/notes/language/p600_is_confounded_with_area_identity.md	fbc404dfc821e69bc8bec512f6c9a1d18cfd619669d1e6ab7db6cdd93c0af906	bytes hashed	238	structural inventory only
research/notes/language/p600_the_honest_number_is_0717.md	9b82ca417ff1b095ac4c3043d93739d1812ae3d98dea627f557af3be6eb1ec34	bytes hashed	148	structural inventory only
research/notes/language/passives_need_scene_derived_roles.md	4bed8e58ea661abd3f47c1bcb646554cc64103f1b1574dc163750a16c5ce93d3	bytes hashed	107	structural inventory only
research/notes/language/passives_pay_off_but_the_substrate_is_not_deciding.md	ef62b7d2571afc6c727585d3eb9d866db8a1c0f84cef41a3d56ce5f1ca76f5e9	bytes hashed	88	structural inventory only
research/notes/language/passives_work_and_two_lookups_disagreed.md	928f7d01f7ab1c888a64aa3d06b1be2a668c382607e7e38e7bd7fb7b752cbadd	bytes hashed	101	structural inventory only
research/notes/language/phase1_on_the_recipe.md	66ead3cd3a7a635c9b644c696fa7ef6d43a33b4a517e8a15de2db3adc3e72646	bytes hashed	59	structural inventory only
research/notes/language/phase_a_beta_helps_the_parser.md	d774b81e4f498eb71f5591789bda622cc93fba8d68251bfd8c9e147f96df6881	bytes hashed	69	structural inventory only
research/notes/language/phase_b_drive_share_is_the_lever.md	193fbbe4d62f962f1a3d15682858245232972bf21041cb66157964656732d747	bytes hashed	92	structural inventory only
research/notes/language/production_configuration.md	3638bc44f36760605c0222bc408375bcde79d0e94122106150b6e46eeaff83f5	bytes hashed	155	structural inventory only
research/notes/language/role_binding_readback_is_inverted_UNRESOLVED.md	074f7daa98fd037dcca01ba77ffc123340cf8dd7fa532496eded95235e3f56f0	bytes hashed	82	structural inventory only
research/notes/language/role_binding_works_the_metric_cannot_see_it.md	04b17090490b45867ba75e37c5875075e70cddbfc867139f60c7282b1afc5c85	bytes hashed	92	structural inventory only
research/notes/language/shared_lexical_area.md	ac016ddbebe20cb5d7f3e2a2b960aa7e9d708b0ce9de11fc4149277c35238be6	bytes hashed	127	structural inventory only
research/notes/language/stored_assemblies_and_the_live_parse_have_diverged.md	ff1faf0266073a3766ab4cf9fdf1ffee6c9674dad18bae6488f9751a6373acee	bytes hashed	130	structural inventory only
research/notes/language/the_calibration_frames_are_untrained.md	d00fc3e5832c6cb26d1cd33c9332e6548dbb19202d712280d314b8004449da34	bytes hashed	100	structural inventory only
research/notes/language/the_corpus_now_varies_on_every_censused_axis.md	280fd26ce5945503ab39ce2b29c05543caa4f8864633df6128689d9462a88926	bytes hashed	83	structural inventory only
research/notes/language/the_curriculum_role_golden_never_measured_the_substrate.md	51861a9ca4f15d4a71ef79327ca07962a34576e65cebe7ff085280929facce6a	bytes hashed	130	structural inventory only
research/notes/language/the_erp_layer_no_longer_reads_the_environment.md	c39c28db558aeeb4642c842360cf89cf5da4fbb1fd4cd6e237705f7137fe8343	bytes hashed	63	structural inventory only
research/notes/language/the_flush_schedule_was_the_channel.md	16f32de75077bb5018a7a07d757ef358fb087ecc4a5f9ed6bf1c2ff2676292a1	bytes hashed	58	structural inventory only
research/notes/language/the_forms_do_not_share_the_lemma.md	2b9ded15524066eaec6619ab8afcd601d45d70c1a51ae4ae16dbe625d3f52f09	bytes hashed	60	structural inventory only
research/notes/language/the_generated_corpus_was_not_english.md	cf8a623e89f4955247c487e1a8d10ae9d81fdb503281ed8812c631a006175c76	bytes hashed	101	structural inventory only
research/notes/language/the_p600_is_area_identity_not_pathway_learning.md	c67e218aeffa1ff11701e1a4c1fc32ee2eb9d8a325a1883806f1185290d7d0e3	bytes hashed	120	structural inventory only
research/notes/language/the_p600_needed_the_where_channel.md	737f87a28699a9939e87e9f0d09609d2562858f06505fd2fdb8b91979a52a7d1	bytes hashed	82	structural inventory only
research/notes/language/the_parsers_regime_is_not_reachable_from_two_areas.md	ad620d60fc94bff44d4df635e15668bc2197791a1d70c44321faa1588b198700	bytes hashed	123	structural inventory only
research/notes/language/the_real_corpus_inverts_the_collapse.md	e5e3e8d457ccb319df4f6284472f4a578814943a1cbfc95af92c20bda0a74fc0	bytes hashed	89	structural inventory only
research/notes/language/the_role_margin_branch_that_never_fires.md	6d8fe42857ebc38cf3db1aeb1697383be4a86866cc777793968f66a2299e22f3	bytes hashed	90	structural inventory only
research/notes/language/the_scene_route_is_more_accurate_than_position.md	c0a1bd224635276865e6ecef05e7313cf91c367351b7185df4465840a21d9e70	bytes hashed	223	structural inventory only
research/notes/language/the_schedule_has_two_walls.md	3feb1e98e60c1e3f4c19e757bff9ed339e816e3e44426cd1c5957eff21c40337	bytes hashed	87	structural inventory only
research/notes/language/trained_frames_score_1000_and_that_is_the_problem.md	4e7fb1877561416c1649a0ac2e9c295647176f28de004f391f1c8e5a176a5c11	bytes hashed	85	structural inventory only
research/notes/language/uniform_corpora_pin_exposure.md	a72abf6b6e5bcc687d907a940df53caeb416d2f0424d149d662b4b711258b7eb	bytes hashed	32	structural inventory only
research/notes/language/what_the_p600_can_and_cannot_support.md	b132f98c6abedac4605b434060b439a292fdc36ef922e13a2b499babc367f1b0	bytes hashed	132	structural inventory only
research/notes/language/what_the_papers_actually_prescribe.md	50e4c75c724130bf3bea1cc1ec371b36433a012c84480bc7c60fa73b96750a58	bytes hashed	91	structural inventory only
research/notes/language/what_the_variation_bought.md	b7752ce090f66b2feae8d2fbccd6cd8ac93f7f66882581ee7a13e46bdc90d2ed	bytes hashed	52	structural inventory only
research/notes/memory/AUDIT_refraction_scaling.md	1dbc50d9d480d701ca04e9c8132b1c67e5ddafa58e82841918626ae126ef74bc	bytes hashed	64	structural inventory only
research/notes/memory/PREREG_anchor_ratio.md	4b4518f0097087bd16f2325992f7a4b2ae88301acdf2e455245c53e2d374c32a	bytes hashed	80	structural inventory only
research/notes/memory/PREREG_capacity_nk_law.md	9020ab112679e51f05f5cecb2754576ebfe5f02f88d186b775acfd2307259022	bytes hashed	247	structural inventory only
research/notes/memory/PREREG_capacity_scaling.md	f9390010b29a1dd00c0dc6190e48b042e7c3e7f5d891ced6c690d960f3e8f68b	bytes hashed	306	structural inventory only
research/notes/memory/PREREG_crosstalk_mechanism.md	bcf9a51110146c618a26e6447536f6856fa0e98047ebc5cf0241de3e1727a1d2	bytes hashed	103	structural inventory only
research/notes/memory/PREREG_formation_interference.md	06b50332e9ac1b31ea50402dfb61d3f0ceca3fb4dab4edf41ba0f59d6ebfac86	bytes hashed	97	structural inventory only
research/notes/memory/PREREG_gated_recurrence.md	d177968b1f6014707231ef0cc844eba5c2fb22bd2f047b58d948e7fa315c840b	bytes hashed	232	structural inventory only
research/notes/memory/PREREG_recurrent_ratchet.md	abc3287bec9d3dcd5b39e39b38704c806925ead6f2e4c3684e9b8a05af4bc2eb	bytes hashed	620	structural inventory only
research/notes/memory/PREREG_refraction_capacity.md	ca4b7915c75936ed9e578c3da25d4e152c50a46b23831cb49817f96d7b4fc6ff	bytes hashed	269	structural inventory only
research/notes/memory/PREREG_refraction_memory.md	d2be763ec240af23cd7ca572ffe878d1638d690aa18ff0637154ab140918654f	bytes hashed	637	structural inventory only
research/notes/memory/PREREG_refraction_stability.md	b381f085362f12b1f1e8b8d859c33869b34f8df7d435bf14fff0f3f0e05da26b	bytes hashed	254	structural inventory only
research/notes/memory/PREREG_substrate_ceiling.md	e91c32aabf8fdc8b28b779791728cf4ecc503e4d29498001f6cd7be30aaad872	bytes hashed	214	structural inventory only
research/notes/memory/README.md	5b33f1019b02ff72d4aaf53f513b3b3833d5951e4d0bebfbc725cdea6ffbf037	bytes hashed	22	structural inventory only
research/notes/memory/ceiling_n_scaling_on_exact_drive.md	a0b6014d49abd50b2d246b93d562c6e5815e4cf4a921e07227d51629e4b5de21	bytes hashed	129	structural inventory only
research/notes/memory/recurrence_ceiling_on_exact_drive.md	8c54a6b9e2154d6234e4c4d2c1ae39b9f957d1c19a17c8ab18eb80accfdfbb1b	bytes hashed	105	structural inventory only
research/notes/memory/recurrent_retention_design_law.md	0e55d4f4508ff2f0ae8cf38fecd79e05ea01249bb7f55c7a15b9e4a4eaa0c2c1	bytes hashed	128	structural inventory only
research/notes/memory/the_attractor_is_typical_and_the_background_is_extreme.md	fc28ac911b23290ba7f49e06b4792e0686d0a556c0efaef7e0f99e7279060e3d	bytes hashed	76	structural inventory only
research/notes/memory/the_latch_holds_and_the_attractor_flattens.md	8bf69a17e17b87a8578d3bf2ea8f00bc8db63d37f2f446c47d17b9af6fe0c171	bytes hashed	60	structural inventory only
research/notes/sequence/DESIGN_sequence_port.md	bf42800df6ef077cbccd16e3e8f1e4326a6577c3d522462579707ac9af89d5eb	bytes hashed	222	structural inventory only
research/notes/sequence/PREREG_agreement_corpus.md	b9b91b4ce322b40d4eb19b7b2a196c418ba9983744a2110e7edec2752e732a0d	bytes hashed	62	structural inventory only
research/notes/sequence/PREREG_context_beyond_bigram.md	6f7557d4b52a952f5e9ea8aff6856742acd52a625b9ac87db1f708cf632fd84a	bytes hashed	125	structural inventory only
research/notes/sequence/PREREG_context_recurrence_off.md	284fbebef76bd6a8f72ec4568162e596d737dea264a6eacd0e502c7171afa5c8	bytes hashed	99	structural inventory only
research/notes/sequence/PREREG_feature_register.md	4feeacec8ef1cc64e45b88c1ccee85792fd653aea805f36aee4c1ef874de2337	bytes hashed	101	structural inventory only
research/notes/sequence/PREREG_next_token_predictive.md	16a13bf753d3193d532480be3ccd3f827ce2a7e217c9a41346c3363090d75454	bytes hashed	189	structural inventory only
research/notes/sequence/PREREG_s5_cliff_anatomy.md	72941f0263faef7446d6a61e45fc03681b337e68b43a5b41aec208edad669cd8	bytes hashed	671	structural inventory only
research/notes/sequence/PREREG_s5_norm_init_intervention.md	645db0f3a07935a8521732ca95bac2a7791b2cdd13233388915a83b4ab190acb	bytes hashed	143	structural inventory only
research/notes/sequence/PREREG_s5_word_problem.md	c8d88d518936e926e634b75be950ab900e3caaa38ef38065d515ae0a2b45aadf	bytes hashed	173	structural inventory only
research/notes/sequence/PREREG_sampler_audit.md	c0f53ead07f958038a308c508d40cc9e790565f76dc6c09bf3ae131975fc4ad3	bytes hashed	67	structural inventory only
research/notes/sequence/PREREG_seq_a1_fsm_parity.md	f98952d886b09ad326740b4089f497bbcc490451589a62ad8ae0b9fc5a459aef	bytes hashed	165	structural inventory only
research/notes/sequence/PREREG_seq_a3_transducer.md	fef7e644dc916cc0452e1cec839c4cd88d2dbe6ec21446e75eaaf8baa4fb8ba8	bytes hashed	285	structural inventory only
research/notes/sequence/PREREG_state_refraction.md	310dad9caf9ce05c2dcbe8dd7286a47abed199f90799a54ba602d2aceee85c4c	bytes hashed	118	structural inventory only
research/notes/sequence/PREREG_successor_state.md	4dffaadf4edcc66e5de5e0f8ef829c98aa38960b99fa34e0ae850f56fa1a818c	bytes hashed	120	structural inventory only
research/notes/sequence/PREREG_temporal_memory.md	c8d83b658b7e9b17a629dc7b4b2e5893452aef748e2f1d890a818387b39d97e9	bytes hashed	316	structural inventory only
research/notes/sequence/README.md	0e4e9beadc9acf1ff11d2dbf46030f6cc7d4b49c7d433f0d7b0d0a5bd3ea049a	bytes hashed	22	structural inventory only
research/notes/sequence/arc_conjunction_has_no_operating_point.md	cf26c07fb3363aea81f5a833efede8438098cc807345ac8f13238295e84eea3b	bytes hashed	126	structural inventory only
research/notes/sequence/conjunctive_arc_measured.md	81a75da89decbb0723a057d57d694cc72737dae72747db64edf689b04c0c1a9a	bytes hashed	129	structural inventory only
research/notes/sequence/state_tracking_reading_synthesis.md	10ab8f1a1812ebb2f41ab1badfd4b5db0707af9c4af1ad1a3ae400523a9e7686	bytes hashed	241	structural inventory only
research/notes/sequence/the_arc_collapses_onto_whichever_conjunct_fires_more.md	549d31fb302d5229d4c158bb08cdfeae5161ba75bae97e9ac58b3e7def0ee219	bytes hashed	117	structural inventory only
research/notes/sequence/the_arc_has_an_operating_window_in_load.md	0dc32ad6085e29601b1c8a3d9c977659cc9b492865f7f7d521b01182ebb56539	bytes hashed	96	structural inventory only
research/notes/sequence/the_arc_is_a_conjunction_and_the_state_drifts.md	e08e6ad1c9927b9164359eaaf4f9877a787abc575bfef4aba12dffbde4886890	bytes hashed	278	structural inventory only
research/notes/sequence/the_cliff_is_a_soft_transition_census.md	2b82903abc8ce4762521d4d8836054bb2885c3a93a29e73df6853f443ea06855	bytes hashed	62	structural inventory only
research/notes/substrate/DESIGN_dense_cross_fiber.md	289c2e406661225b3a2158f7745817d0a51cd85214b1adb9c0c59423e3913075	bytes hashed	73	structural inventory only
research/notes/substrate/DESIGN_dense_floor.md	6565a370b432cade55cea524a59f7abb09bbf9ff20558f7ef52b52617f398296	bytes hashed	229	structural inventory only
research/notes/substrate/DESIGN_exact_drive.md	39e9d0a11bf46dbc9035951e404de361127e22f1761152a96fc105ec1eab30c2	bytes hashed	147	structural inventory only
research/notes/substrate/DESIGN_gpu_hashed_drive.md	c1af34eca67be300e5ddb8971acc73f0103f11cb8e904620c5daafa53b9f3c81	bytes hashed	592	structural inventory only
research/notes/substrate/DESIGN_present_only.md	ea5bfd9f0089ae914373e99960215c9e66e11fe5c8fdfcecb0c6925ee6187147	bytes hashed	175	structural inventory only
research/notes/substrate/DESIGN_readout_mode.md	4b84bc4bffa9153dd5e078ea2911457dbb8a6088e5f8ad02a7b0fd05b5695478	bytes hashed	42	structural inventory only
research/notes/substrate/DESIGN_virtual_connectome.md	270befa8822916e870602340724108ec2aaefff5ae157b0024526cfe1fa52c1a	bytes hashed	90	structural inventory only
research/notes/substrate/FINDING_torch_pricing_exposed.md	c2417de55061750528b5b0e71bcb67fc4d8925c7f527e5c301651cf076967200	bytes hashed	108	structural inventory only
research/notes/substrate/PREREG_bar_tie.md	8d8b52e0f558433a0bced46a898b368eb2e46b217e6dc8b1b9bf83747c63605b	bytes hashed	120	structural inventory only
research/notes/substrate/PREREG_drive_semantics_v2.md	8b873b1a6568a8483ee4d1b3e9fcff9b74e21921ee02392cdd5bca1091444ebd	bytes hashed	119	structural inventory only
research/notes/substrate/PREREG_organ_substrate.md	1706e76b7ad7e53f587684ce4f6ad352b162ee0a98e7c8a174c0e1db50cb346c	bytes hashed	314	structural inventory only
research/notes/substrate/PREREG_substrate_c_homeostasis.md	4ff64c51bf237cf66909d506a30035dff3f33b6205b9b04dc46fbd55dd3ae099	bytes hashed	200	structural inventory only
research/notes/substrate/PREREG_theorem_regime.md	0cedbc54c4f837458b6b09a42855a6a26863d6a84144066d03c25b8e7a3094ac	bytes hashed	165	structural inventory only
research/notes/substrate/README.md	da28e916f0a5b4d4af0d027e7d16386d5bcdbc94dccf276efcc35550414c05d9	bytes hashed	29	structural inventory only
research/notes/substrate/a_beta_zero_null_does_not_hold_the_connectome_still.md	a8df80a654e52b2d107d7763135be0e997b30691ce16db88fe0388da20f63806	bytes hashed	86	structural inventory only
research/notes/substrate/candidate_sampler_ground_truth.md	286359d8ae19300ccd0485ff07aadffeb8a4fa2b7e7703d5bbb1f5c0a895da04	bytes hashed	552	structural inventory only
research/notes/substrate/canonical_refactor_plan.md	a900a12e60a22fa51f0e0fa01d9af4d1cd2854c144f9b84b57350f2695b407f4	bytes hashed	466	structural inventory only
research/notes/substrate/engine_pricing_unification.md	1fd1383b6fa57ad33d238caf61a3a95d2c55b8b57b3227c2549021170f4b8611	bytes hashed	117	structural inventory only
research/notes/substrate/epercent_wta_was_measuring_recruitment.md	5386a6c6a8a511c3ae5a299ac5422ec03925b5347013364a65f10d1eb28d32d3	bytes hashed	79	structural inventory only
research/notes/substrate/exact_drive_equivalences.md	ffae1021bdced81b72e1cd114e146a8d9b4e74841170a4d1f5ae2b700a54d0d2	bytes hashed	208	structural inventory only
research/notes/substrate/graded_similarity_and_sampler_load.md	64ee097592d5b687571dbfb6bed545cf9a00bd54c55f48f072bc45c9c5ed0fae	bytes hashed	120	structural inventory only
research/notes/substrate/input_drive_normalization_is_disabled.md	d4dea34df49476664c79d07d51f8088b81b6b3e3382d725bc62f8caad6800962	bytes hashed	75	structural inventory only
research/notes/substrate/kwta_amplifies_input_overlap.md	7447ed13064833043fee827450a4ffbd14cf22ccbdeb2c5d8a284fe00a5fa918	bytes hashed	138	structural inventory only
research/notes/substrate/materialization_semantics.md	579ff3652c5707a7b2991d6a94171a73611b982e584a6ddd3761d58500eea66d	bytes hashed	164	structural inventory only
research/notes/substrate/the_bimodality_was_27_coin_flips.md	2bba24f01e5818916f0a3de98ad080d2c03246dcdcacecfa64e2111657b3b843	bytes hashed	73	structural inventory only
research/notes/substrate/w_alias_back_catalogue.md	5bbc40e85bd733d32acae590aedb3bd143cf294a6e2d48ab4bb8388ce87358b9	bytes hashed	92	structural inventory only
research/open_questions.md	4eb57eb0dec80f87a48be336c3d6090d63e191312c31b07adc4015cbcbf806e7	bytes hashed	258	structural inventory only
research/papers/README.md	b92b656cc103457219209f05337f5fb686b392eec9c3ba00a7b51342cb26d260	bytes hashed	109	structural inventory only
research/papers/_latex_infrastructure/README.md	e62589b24d3dcb7cacdaa40d32534c8c620bb82a2e665a46679ef787b8c8b846	bytes hashed	410	structural inventory only
research/papers/_latex_infrastructure/build_tools/Makefile	708e39c9f2d246e1c0dc45da4aa46602ee3b954afa5ce7bf50acb06dc39dde37	bytes hashed	132	structural inventory only
research/papers/_latex_infrastructure/build_tools/build.ps1	7ae14d06700b675e4c98cc3a20a154f2f8b50c4fcb0c8531b05948be851835ce	bytes hashed	179	structural inventory only
research/papers/_latex_infrastructure/preambles/neuroscience_preamble.tex	3237d54ff8f92015d9fe771f4510c56b85ebdc89dd2962f46f13aa545bd7d917	bytes hashed	158	structural inventory only
research/papers/_latex_infrastructure/preambles/standard_preamble.tex	52c4f15bccffda23a1ba9de23afd01b9508d1752f95c199b7ce0e4b561b56976	bytes hashed	136	structural inventory only
research/papers/_latex_infrastructure/templates/simple/README.md	bd91ab65ed84cf37b2aa90360721bc44ab18656ecc953837ad8e3ec2f9cd4c20	bytes hashed	178	structural inventory only
research/papers/_latex_infrastructure/templates/simple/check_template.ps1	d9a67e0c1908ad11d7d7b3152af422f0b1c6fd00e9a6ac57997111f28b84d827	bytes hashed	60	structural inventory only
research/papers/_latex_infrastructure/templates/simple/main.tex	74bcfdc01c6e99e14f40aa9d229956c2f35e0bd17a21c54f308a75723b1ca2f6	bytes hashed	215	structural inventory only
research/papers/_latex_infrastructure/templates/simple/test_syntax.tex	d77ca4c3d699efdd56c5904f07e23384f17b913ec5e2a7a4576f4898fb882dd1	bytes hashed	29	structural inventory only
research/papers/_latex_infrastructure/templates/simple/validate_template.ps1	9a395f54011e6719ebb8c74d648695e96603a5fa7895d7d235cfc45b1ccb77fa	bytes hashed	122	structural inventory only
research/papers/_shared_assets/bibliography/references.bib	970d656ce423b07c1303b557b5e4aaeb95490ed6951f30f114095c96785b7f28	bytes hashed	361	structural inventory only
research/plans/ASSEMBLIES_AS_NEURAL_COMPILER.md	fdafb19b8ab9952e3759cc0c860d173cb180d4a734785b926421f8d09251f490	bytes hashed	283	structural inventory only
research/plans/ASSEMBLIES_MAPPED_CONNECTOMES.md	f3b68267516bee5e062fc809bcd51e56dcaade577c03dde23558728cbbb0c594	bytes hashed	260	structural inventory only
research/plans/ASSEMBLY_SYSTEMS_PAPER_VISION.md	ee3d4beafbb5061cdbf7d32be1a7902e70d0d734c3fe06a18e0c9d1c96b01e41	bytes hashed	829	structural inventory only
research/plans/BRIDGE_WEBSCALE_CURRICULUM.md	864017764df70e8e7fb7dbf2a28bd8413a11bd4447c0b6f934b2fde7c76b3e0d	bytes hashed	451	structural inventory only
research/plans/GPU_ENGINE_UNIFICATION.md	936ac1f8c5ec2e2af5c21f1b5a473683ed6b91d942c9d1ff8fe35f06b96f4867	bytes hashed	226	structural inventory only
research/plans/IMPLICATIONS_AND_PREDICTIONS.md	ce237b972c546f0b391cedbc81f303437780e9149992f602a72e41654bd62317	bytes hashed	550	structural inventory only
research/plans/N400_MATHEMATICAL_ANALYSIS.md	a8b2047e3f90c448e05126a82e8d592f64dea8381a3d6811bc7070af40222566	bytes hashed	301	structural inventory only
research/plans/N400_NEXT_STEPS.md	2a8a2d69454becaf21790aec3888398928135e59468343a75e64a6afc545dad8	bytes hashed	333	structural inventory only
research/plans/P600_REANALYSIS.md	7768bc6dce62191799b634e56db1dd991f7079386ae495e731fc057a09171e87	bytes hashed	387	structural inventory only
research/plans/PAPERS.md	0ecc408ab96535785922cb94c4ffdf8a388289d2b0517b6ce519db273dcd28b6	bytes hashed	271	structural inventory only
research/plans/PRIORITIES_AND_GAPS.md	855e6a11a9b29fba18f5dfa16ee9f81328c9da0a43a77b9ef52e8103be24a6a2	bytes hashed	82	structural inventory only
research/plans/README.md	bd4759d3dcbf941e49cae2f69fb8ae3ddf50b46d749eff3fc46345cacbf1e0fc	bytes hashed	47	structural inventory only
research/plans/SELF_ASSEMBLING_NEURAL_NANOTECH.md	37fc6e135c04644092664afe75e974cdf0ea4646dd6b7c67b0c8544ae58816ed	bytes hashed	83	structural inventory only
research/plans/SOUNDNESS_PROGRAM.md	beb38e7a1602a29c88c375b9741cc349e28ea1e66a349f8c6b607ae72d3d7808	bytes hashed	360	structural inventory only
research/plans/THEORETICAL_THROUGHLINES.md	9089d6e7307e2b6e8e5f6699ed8b7bb7f516667cd3e39c10c885dfdb77950564	bytes hashed	116	structural inventory only
research/plans/TYPE_SAFETY_PROGRAM.md	ee2658f9c2582f0a8c47dc5c806a84f39cecdf42b2d6c00c4035b97be50eebad	bytes hashed	99	structural inventory only
research/plans/VISUALS_DYNAMICAL_SYSTEMS.md	f18c036702e891758ab9cb5753bd6ac6b3304f2721a0e660e1412c42ba4e3d85	bytes hashed	203	structural inventory only
research/plans/control/CONTROL_SPEED_FROM_CUDA.md	494ec9731e1dea1e600328a5db7c39ffacdf24473ce7da2c8c84a477fd37ceef	bytes hashed	124	structural inventory only
research/plans/curriculum/CURRICULUM_TASK_ANALYSIS_AND_EVIDENCE.md	81fed466ad31bccb52d2202ed44db355511b6f4d609f4731c864dee169c19696	bytes hashed	246	structural inventory only
research/plans/curriculum/EMBODIED_SOCIAL_CURRICULUM.md	09524432b1eff5f0313e31707c5da92dafecc646474232eaf3824d7656d0c7ca	bytes hashed	276	structural inventory only
research/plans/robotics_embodiment/ISAAC_LAB_ASSEMBLY_BRAINSTORM.md	6849c29b6a4d27cc91fb54d10c37e2bfeebed780ee34e02c262e3b3cded3709c	bytes hashed	120	structural inventory only
research/registry.json	6267ce0771e8bb2bfdd91f6dec47e4afc9317833e7a85378dc914852d51c256c	bytes hashed	90	structural inventory only
research/results/README.md	9038562ac5f67fc4c5951112cbef6d383113781f7596283c9a4d46febac69311	bytes hashed	14	structural inventory only
research/results/aligner/word_capacity_ladder.json	b8c6b6f9f205935705ed4d853c7636c38c40ffcff231f22326197afff4f57138	bytes hashed	1048	structural inventory only
research/results/aligner/word_capacity_results.json	dbc1e9b7c0f8e1f905a13394b9251ac2e68301b9f9b8b11f3cdef9796208420d	bytes hashed	196	structural inventory only
research/results/aligner/word_capacity_results_hashed.json	284316d61b511c445f8e53b663e0b5af22e8cafe7e068706df20f647341e1eef	bytes hashed	196	structural inventory only
research/results/aligner/word_capacity_results_scheduled.json	08331fc75784464d91118b9e6d10f551f7d3a1456a1840dee4c1b4a2568f5031	bytes hashed	231	structural inventory only
research/results/aligner/word_capacity_results_scheduled_feat4000x100.json	0f736058da21e14cdb56e27e2982c92ad318a557317f98046b242f26508a47c4	bytes hashed	806	structural inventory only
research/results/applications/agreement_exploration_20260218_060224_quick.json	e8c484c0a06b12735088ac1a060868ffd2086e29f081d3fbdff132ed6a452fc9	bytes hashed	117	structural inventory only
research/results/applications/agreement_number_20260217_190403.json	1eb2d14e81ba32bae501b9f3991df1a7e970a583bdeb73c2b37cd498356f4471	bytes hashed	235	structural inventory only
research/results/applications/agreement_number_20260217_190852.json	3916ccffe78e52b974628bdc47e8084d0523593e8318b0ec1d6d6b836c3ee1e2	bytes hashed	235	structural inventory only
research/results/applications/agreement_number_20260217_191250.json	5b90aa4e15948caa2ca49421bea1d5a6dbfe4cf803de152899433291cfcbbbc9	bytes hashed	235	structural inventory only
research/results/applications/agreement_number_20260217_191647.json	eaecca840b288339c01c5f76a663fb67730a679bdd41e38ddd93d4e61d8523d2	bytes hashed	235	structural inventory only
research/results/applications/agreement_number_20260217_192546.json	c488ca6faa783a431be01f91db528ce5fedb400a5c682ad8f9697a1be56c80b0	bytes hashed	191	structural inventory only
research/results/applications/agreement_number_20260217_193752.json	31d2e1a1ffc4502985c29ebecd2f81040e3252513908c51219c383ed2c1cbece	bytes hashed	191	structural inventory only
research/results/applications/agreement_number_20260217_194002.json	fcf446d6c2be95e548d313bf17141efbfdb887c5194b91a937ad5f6e5954bd24	bytes hashed	191	structural inventory only
research/results/applications/agreement_number_20260217_194454.json	e5e924fe6493500bdf19801dedd0a7d0ba9fdcaaa11cc0d07f86fa2b1726bbac	bytes hashed	191	structural inventory only
research/results/applications/agreement_number_20260217_195018.json	28d72c123ec2adc9dc7a27e1cec70219cc3ba7af91e4c3d0a346a25a092622a9	bytes hashed	204	structural inventory only
research/results/applications/agreement_number_20260217_195217.json	351c7f5c7c24e3e45c51c69c9236e4a9c722bd9455c7e2b309be1f2045b55c5f	bytes hashed	204	structural inventory only
research/results/applications/agreement_number_20260217_195546.json	d67fea13a75cbc427a275603f5477901d73f08b6751ced516bd1f01b110a6cdb	bytes hashed	243	structural inventory only
research/results/applications/agreement_number_20260217_195704.json	cbe00ea2cc466a81d1db30f7e60ffde131a01c580a126ca4487bbd1ccc6756da	bytes hashed	243	structural inventory only
research/results/applications/agreement_number_20260218_005851.json	c4152d2fe9652771375204fe660edd3d2ebb64c21058497526b67892c7314bd2	bytes hashed	243	structural inventory only
research/results/applications/agreement_number_20260218_010107.json	b74039972ab0de50653462c0f18ae2e5bb55c611852000263d2c233cda94bdbc	bytes hashed	243	structural inventory only
research/results/applications/agreement_number_20260218_010244.json	da270aec1a480aafabe04a6bc5891b40486715a4b94761dae61006473069e7fc	bytes hashed	243	structural inventory only
research/results/applications/agreement_number_20260218_010406.json	0859ee414d946497af5173c98145d88c89dafd597e9fe18f26bfdf182b71f856	bytes hashed	243	structural inventory only
research/results/applications/agreement_number_20260218_010503.json	9d8c86512402be9592ce893435aa2d6f56866b0ea3b601c64c4f07cd9eaa93f4	bytes hashed	243	structural inventory only
research/results/applications/agreement_number_20260218_060223.json	adabfdab11f94171583603e4ca0dd5e6f0c8ad77d5ee41a194c813d1cf41fbf3	bytes hashed	243	structural inventory only
research/results/applications/agreement_number_20260218_060508.json	3216556279b8abadedcaf3e9468c161342c534594335f5228a2dd50bae0b7c40	bytes hashed	243	structural inventory only
research/results/applications/agreement_number_20260218_060851.json	69c35c37ff7f4fab9a8c1cdd4606f44919fcc567ae15361c02cab48eef37e5ed	bytes hashed	243	structural inventory only
research/results/applications/agreement_number_20260218_121517.json	20a78f6d747f9a0ea3f4473ed5a008b581cf47cebe7114b1223c20d254730242	bytes hashed	243	structural inventory only
research/results/applications/agreement_number_20260218_121619.json	6fc39fa9fb6e41ff68e88ed8c7418313f9ff601b2a665b2e93fa00e05947b81f	bytes hashed	243	structural inventory only
research/results/applications/agreement_number_20260218_121731.json	51ad9ad5e8e03a3a35a8813e74482efb4f1b23478a38379725e13aaa5094719e	bytes hashed	243	structural inventory only
research/results/applications/agreement_number_20260218_121817.json	d64bcf74c271b7c6ae0645316e8d7985736d2605bef69ea8e06407d6dcd8cd22	bytes hashed	243	structural inventory only
research/results/applications/agreement_number_20260218_121907.json	a5be101af4cf3cd741412a6d12cc97d0a67fcdf8c47dcc87a50f6a9301f589f1	bytes hashed	243	structural inventory only
research/results/applications/agreement_number_20260221_203759.json	f3cacebb13168c8e817a9bbc50d2818f7a2570b9bdadae99dff29b165b7806f9	bytes hashed	243	structural inventory only
research/results/applications/agreement_violations_20260217_180842.json	fb370c43abfd04e8073d5625ca3041df22e97ade6157405747fb67210da56fb1	bytes hashed	78	structural inventory only
research/results/applications/agreement_violations_20260217_183723.json	fa40249d6bdcdc5450d74594e0e9fd860bf21305f1ef6a3b80b0d4f13b4b64e9	bytes hashed	308	structural inventory only
research/results/applications/compositional_deep_20260211_004612.json	07cf76a07349c51fd71a2a499824c2d13b1de2f81aca6a2f786d39f2ab3531a5	bytes hashed	238	structural inventory only
research/results/applications/compositional_deep_20260211_004749.json	c1756ef1c3ffe3ed4974d2db1ff1c14cabdcc5eb5f01967c1b2c3b8c119f7364	bytes hashed	238	structural inventory only
research/results/applications/compositional_deep_20260211_010236.json	d4c2b9bd255becedc5a8fd5115498988a8907c0e39132c89b89f7265e56f573d	bytes hashed	238	structural inventory only
research/results/applications/compositional_deep_20260211_010740.json	00eef9a918610ca29d41563b228ea377a610db64df251346f4d047d63030ec92	bytes hashed	238	structural inventory only
research/results/applications/compositional_generalization_20260209_203519.json	ed359b49531396ac0178ee13040a24a155ecdfb277c7dc091c7d895b5e4fc194	bytes hashed	179	structural inventory only
research/results/applications/cross_linguistic_20260217_180920.json	f53751459dae20f3f14f1d3cdfca6799028b8a37b196b7aa98e03e1718dcd218	bytes hashed	144	structural inventory only
research/results/applications/crosslinguistic_typology_20260209_171109_quick.json	f5080157aafcdc37feb8fed277aa060c1c11518da08df594c27fd1041d8299b9	bytes hashed	295	structural inventory only
research/results/applications/developmental_curves_20260210_230904_quick.json	98ab52eeebe5c8c25c6a3aa1eec86df00b0f14d9f07924f967783963efd2c850	bytes hashed	614	structural inventory only
research/results/applications/developmental_trajectory_20260217_180643.json	fe3606253b4345d49b00d0f065b359bca3200096e0561ef70a65721eb6d704d8	bytes hashed	156	structural inventory only
research/results/applications/function_word_discovery_20260210_235753.json	d7157e686d963be92a2bd067518afdbf77151ff6dd983449e171929a04853afd	bytes hashed	113	structural inventory only
research/results/applications/garden_path_20260210_232020.json	ecdb4bd470fd339d3daadccb20488ed235b69346453fad01c58bced90209d693	bytes hashed	93	structural inventory only
research/results/applications/garden_path_20260210_235401.json	8eebb7200ffb55c6b3833af2e3640651a2d757f8dc360a8155f17da1642715b1	bytes hashed	93	structural inventory only
research/results/applications/garden_path_20260211_002525.json	4ae0704bf5bba12f0b90887c5c52345fc9cc07555b1e8386960e4c51113c9a8f	bytes hashed	93	structural inventory only
research/results/applications/garden_path_20260211_010345.json	0563c1d2dd6e93f603e6092d3a41145031bc94e58c5ac966baf7d1622fc0e966	bytes hashed	93	structural inventory only
research/results/applications/garden_path_20260211_010813.json	4837e14681c636df17ba2dcae6bf342970a40767634cda4719d24e199b4e95b1	bytes hashed	93	structural inventory only
research/results/applications/l2_processing_20260217_180633.json	f11ac7be523f1e86282ba591facbb8efc20fae714be3598c75fd3e5311df1cc4	bytes hashed	137	structural inventory only
research/results/applications/language_syntax_20251129_155811_quick.json	682c627f97b383264b5a2494225a315f8d674fd39250c5fc8eb5dfcfd96da22b	bytes hashed	35	structural inventory only
research/results/applications/learned_gating_20260211_002809.json	0650a29b0c47ca75059ec25ea9cb31ea6cefe12d2c13bf69a32c3bdd8d01b726	bytes hashed	247	structural inventory only
research/results/applications/morphological_agreement_20260210_230833.json	81f3ec72c2ecc1cf5eee9a3d3d8293ace7de56e099198ef9c811df1c4a07cd07	bytes hashed	478	structural inventory only
research/results/applications/multiclause_coordination_20260210_230849_quick.json	ad6e46846108368283abc4940655da71f9ac13a2767874f8af118a8ef5c1bd64	bytes hashed	130	structural inventory only
research/results/applications/n400_amplification_20260211_011310.json	842a9ffdced9b7c00188d4bf9f02c22a4ef4d9f0c39c33bf37f56b99e5ba6f25	bytes hashed	957	structural inventory only
research/results/applications/n400_cloze_20260211_133136.json	118c46200d7a68d435f44be61bbcba8e6e210db7062e973cfa3cb8689d2f4778	bytes hashed	78	structural inventory only
research/results/applications/n400_context_20260211_012458.json	ec8740ae594509da7aca6f31967c0dcf2750c5d03d92f53a9366cfc2b8e02936	bytes hashed	243	structural inventory only
research/results/applications/n400_context_20260211_013031.json	2cf5fbf13504412950348bd7df2e6384469288c77fedd80f5e4253e845bb2975	bytes hashed	243	structural inventory only
research/results/applications/n400_context_20260211_013515.json	4f26b348d68fcf80d155a7bd6eb4290e2fb1aabb238e904c38d4711a5987713d	bytes hashed	311	structural inventory only
research/results/applications/n400_controls_20260211_131815.json	22061b3206526b650082394cc2d50cf8cbdd6bad9e056a11dbeb0bd49e5982ed	bytes hashed	156	structural inventory only
research/results/applications/n400_controls_20260211_132144.json	f7f6063efd27d0adb031b5f84c717a939762f2ee5eac85ea9f752aeae46758cb	bytes hashed	156	structural inventory only
research/results/applications/n400_controls_20260212_113926.json	11ecd1cb707798cd3c02dae23a90e018c99807921b8aa433cf6965a44e5156c5	bytes hashed	156	structural inventory only
research/results/applications/n400_controls_20260217_180457.json	8794477dd33824717d97e5347ec6cb1ef1881a8e19c8d078c1ec2d0fb0ada394	bytes hashed	156	structural inventory only
research/results/applications/n400_diagnostic_20260211_004212.json	d4114d2fb8880d517b56de7d8b1ed86b42f3a968ef419a5b5cf1bf46210bf213	bytes hashed	240	structural inventory only
research/results/applications/n400_diagnostic_20260211_004616.json	8c4c259d84604d76dbd6f41ba73eec97d644e76b7a2d4bc6508f640c3402532a	bytes hashed	240	structural inventory only
research/results/applications/n400_diagnostic_20260211_004716.json	1d719850cce075b050e7ab8833a9df7cf579490c0e901b050cf5e8897bd93087	bytes hashed	240	structural inventory only
research/results/applications/n400_graded_20260211_133137.json	ed48f39baaf1ceeaee90b2d861f65d8ee1d29f89d47c90a193f23058ce80260c	bytes hashed	106	structural inventory only
research/results/applications/n400_graded_20260217_180949.json	a2466c504599afe2696216e33d237bbb5f220dd5a73090c1f9094cf69be53400	bytes hashed	106	structural inventory only
research/results/applications/n400_parameter_sweep_20260211_131909.json	7868d52fb9f2305ef149fa32f5dec7ef66504aa3788c89b59aad723624f09509	bytes hashed	1080	structural inventory only
research/results/applications/n400_parameter_sweep_20260212_114001.json	241f8954e5bdcf55ac72a5c9dd970afe55d817a1788755fd9a4f1ebfed187102	bytes hashed	1080	structural inventory only
research/results/applications/n400_pre_kwta_20260211_124000.json	6704a41ee802e849efa94bc1a59d678e55b546247cd7cb34b4c53653e76442b6	bytes hashed	91	structural inventory only
research/results/applications/n400_pre_kwta_20260211_124300.json	8b9bf5536ecdc8420ce11b946d6b44c447712ab0db405347cf4ad62752dcb533	bytes hashed	225	structural inventory only
research/results/applications/n400_pre_kwta_20260211_124720.json	c2e8467ddb43f09ae9946ba52c9c680be6055b71e7cf53beab7cc38ede3b214c	bytes hashed	225	structural inventory only
research/results/applications/n400_pre_kwta_20260211_131944.json	122f310874729fdf054d970db4ba2fc89e171d5c3129624ce0f5fd845b6515e8	bytes hashed	226	structural inventory only
research/results/applications/n400_pre_kwta_20260212_113859.json	00eb4a502ad1e209b622edb4544b7ce6dc1f1bca46c2012acfad3ea66d86fa32	bytes hashed	226	structural inventory only
research/results/applications/n400_vocab_scaling_20260211_133254.json	654f0f2a256d52d15959ee24e439385f0b77384d4834d138f181b4ea95be5963	bytes hashed	120	structural inventory only
research/results/applications/n400_vocab_scaling_20260217_181140.json	385c65e7b751721a4a57353294b236395622499df9c7cfab16c71531e878d8be	bytes hashed	120	structural inventory only
research/results/applications/nemo_benchmark_20260210_231640.json	7b78df612a25017c3769404352605fa9ab3d2c320ea81136a7fd9ca0b2ae1ec9	bytes hashed	629	structural inventory only
research/results/applications/p600_syntactic_20260211_140623.json	9c324341952d163496a2f44bbfdb1ca8827ec83c0797cb71d889c6c306d38b40	bytes hashed	150	structural inventory only
research/results/applications/p600_syntactic_20260211_141438.json	1f6ef9e044892f7ec49784636a98a0a132b5223806722902931a609e4cdd6ae4	bytes hashed	315	structural inventory only
research/results/applications/p600_syntactic_20260211_175627.json	e5cb1d2087af5292026779ea1034f7c2d6795470cfc814d17f1f8b707093183d	bytes hashed	544	structural inventory only
research/results/applications/p600_syntactic_20260211_180235.json	d3b326d171bb6d5a189825e8747f297f821688e69c0e45ef6f4decf297ac90a4	bytes hashed	544	structural inventory only
research/results/applications/p600_syntactic_20260211_195009.json	0c97d581718e86b9cce6cca4e3b0d00a965ebd401788ca6574152f61bcab240f	bytes hashed	605	structural inventory only
research/results/applications/p600_syntactic_20260211_195202.json	a87fecd9164d7801bc1cdfdad08880b2f5cbc415116c9b42b1891a15339708d7	bytes hashed	605	structural inventory only
research/results/applications/p600_syntactic_20260211_195615.json	24700369a0fbcb8eba3ecaf09ea4867661fe447a1758091eeb4dca9509bbdca7	bytes hashed	605	structural inventory only
research/results/applications/p600_syntactic_20260212_113907.json	3e04cc89a00b7896ee17d6fcdf02f14c210aaed4984df3b6c5d473b853f536b1	bytes hashed	605	structural inventory only
research/results/applications/p600_syntactic_20260217_180101.json	0e668287726e12eacc9b1c78c08dee14936b44a13f41b956340a0f682dd260b9	bytes hashed	605	structural inventory only
research/results/applications/p600_syntactic_20260217_195815.json	c17aae3961ecef69998f2735909eacd6ae2120ca6a5f0c4f1cff3af1e9b54ec7	bytes hashed	605	structural inventory only
research/results/applications/parser_scaling_laws_20260209_204104_quick.json	5951aa7df191477f3a93b9bfae195810f8cf2534cb8bde2772ba30dc456fec85	bytes hashed	411	structural inventory only
research/results/applications/relative_clauses_20260210_232018.json	3b0d6422a19aebe2a98ad74e4e5b4d151671f9ef656c77c33bf730af1a60881c	bytes hashed	90	structural inventory only
research/results/applications/relative_clauses_20260210_235354.json	03d96fc14f7dd0adb5bc28009a70044ad82e0ddce4e380e5a5c21ea8cf717afb	bytes hashed	90	structural inventory only
research/results/applications/relative_clauses_20260211_002458.json	bb8a0c6fcf6204cb6779678a63ca016473a092e46955a2b67e6d0221cff445e6	bytes hashed	90	structural inventory only
research/results/applications/relative_clauses_20260211_010316.json	862d8969fa01dab52de14e09360a343dc65262361583cea144ec72aa0d9c7165	bytes hashed	90	structural inventory only
research/results/applications/relative_clauses_20260211_010720.json	6a916818f747de1232f45b3aed762cdb3d19d19e78154d28cff8c5e6b9949b2d	bytes hashed	90	structural inventory only
research/results/applications/semantic_priming_20260210_232033.json	85051fe38c8ce82a65dfb7b8bfa88bfe3bcf838a49d0fbe2552020912ba2f824	bytes hashed	151	structural inventory only
research/results/applications/semantic_priming_20260210_235402.json	e3e2fdc7867a7800c26a924282b0f46e0d20855eba63d7ad967daa7169161c1e	bytes hashed	151	structural inventory only
research/results/applications/structural_ambiguity_20260210_230840.json	a8c47a5ee161e9832db5e6c69ebea1b42220d806bc9973364cf99c3d9f001298	bytes hashed	109	structural inventory only
research/results/biological_validation/biological_parameters_20251128_231133_quick.json	574cf430703be64aaf862f63d61f5ebc9076b64f110e6ae0da13c9c05315acdf	bytes hashed	118	structural inventory only
research/results/biological_validation/biological_parameters_20251128_231237_quick.json	bf79678269e7b35d084c1016ce118e4e902b957058116e78e9ee4cba57796ad5	bytes hashed	118	structural inventory only
research/results/biological_validation/neural_data_comparison_20251129_155913_quick.json	2ba5791497eebc831dc28b79e9d79dc39e4daf399ff1267f9d95c762dcdd44f5	bytes hashed	93	structural inventory only
research/results/center_embedded_baseline_20260222_230130_quick.json	7ecf8d71a599d252dcb83dcb56d4b6a3dfeec6995364beea59a0c45768fb4027	bytes hashed	170	structural inventory only
research/results/center_embedded_baseline_20260223_012035_quick.json	f1e71944af19f5388b9f8ac43fb0480fde929e0479da60ffb9e1c1e4c4e666d3	bytes hashed	170	structural inventory only
research/results/coin_fairness/coin_fairness.json	3792b331eecd9f7b23905b84ab0c58579528a3ad8368ed7b0c8cf911a9bf56f1	bytes hashed	1466	structural inventory only
research/results/coin_fairness/coin_null_ladder.json	3000d020911b30bd34f72bf2af179e2b4847d478377ba81786d68aa0c6b4c570	bytes hashed	254	structural inventory only
research/results/dev_runs/ablate_developmental.csv	be8da5f7daff35aa5df1da4968b98a6560ed7b6ce7b845f385ba7b64870a6b9a	bytes hashed	8	structural inventory only
research/results/dev_runs/ablate_seed42.json	7e157e37edd116c76eac36638eafa42759d4dd732e24763a4e9f9b417d0cab16	bytes hashed	88	structural inventory only
research/results/dev_runs/ablate_seed43.json	88ef10790a67a60a6cb7e035922416bc856a6b1c6f1c0a8640802f29955320e4	bytes hashed	94	structural inventory only
research/results/dev_runs/ablate_seed44.json	e798def5b2db7358c66449e59117dfb40b3c08f022a4efbdd1346f4efe6bd0ff	bytes hashed	109	structural inventory only
research/results/dev_runs/compare_battery.csv	26562766011cba7738cb18874d405465d0c7a7efbb53adcc4cdfdfe6edcee35e	bytes hashed	4	structural inventory only
research/results/dev_runs/compare_battery.json	d89db2a3050afedde1eb38561be5152f5bd83578f74f490089ae04e822cb0cde	bytes hashed	54	structural inventory only
research/results/dev_runs/compare_battery_v2.csv	6fb59504fd74b3a452adbcd87e6c377c723f2fee20ddc0512223318332f62de8	bytes hashed	10	structural inventory only
research/results/dev_runs/compare_battery_v2.json	c589bac6c6a091f2fedc00c0a4a53724d3a4b3da34067a7dd5b7103f4adcf22e	bytes hashed	315	structural inventory only
research/results/dev_runs/compare_battery_v2_dev42.json	f6c6400069a72b5ddce4862b5b7f82cf0939b9f7ada6778eae813ac11fa63066	bytes hashed	54	structural inventory only
research/results/dev_runs/compare_battery_v3.csv	96d5d4f8bb9aab9d4e89ef16b73a8d0db492faf8fa86f33a8da3cf2feac029f7	bytes hashed	10	structural inventory only
research/results/dev_runs/compare_battery_v3.json	7594129a915afc48257fe59dc5be7376763bcff92157ab6fa13d110bccb166fc	bytes hashed	315	structural inventory only
research/results/dev_runs/compare_battery_v4.csv	1e5f2b6653e284d99b36c97a828c7b5e5d40233223184d88724771257c99041e	bytes hashed	13	structural inventory only
research/results/dev_runs/compare_battery_v4.json	adba62d1ec9e445fe782a1b66f271e58a316e3c3cdc3a860a33b96069eab1d05	bytes hashed	428	structural inventory only
research/results/dev_runs/compare_battery_v5.csv	1359fae448de556329b5ab64234e14775db12b6e71e55470d7da7ea43114a3c2	bytes hashed	10	structural inventory only
research/results/dev_runs/compare_battery_v5.json	004abad14f0c79c0901d3492f18dbd0ede34dc997d8561468938c0d19fb224cf	bytes hashed	345	structural inventory only
research/results/dev_runs/compare_battery_v5b_seed42.json	c78dec4839f4d97e8425991f43976910c5c54327e0915202882dbc2d2b44a3c8	bytes hashed	143	structural inventory only
research/results/dev_runs/compare_dev_only_v2.json	e3c9e4e86b7719e7cf2ae18ecb9b9ba5d720c818d40ac83392bcb531435eb9ef	bytes hashed	119	structural inventory only
research/results/dev_runs/compare_paths_seed42.json	8dd3bacb5d3c1a8269386e1b5bbe678c8d08485864cfc0a196b855a03174c09f	bytes hashed	56	structural inventory only
research/results/dev_runs/dev_sentences_42.json	bd60821decfe4f8f8ba9c39537b9d67d43c7c6d22d29759795e55c3dc14d36cf	bytes hashed	428	structural inventory only
research/results/dev_runs/dev_sentences_42.txt	f48a0c3c846a28aee872148423c40eb1221d5f076df59e3c583ae8cd0e2d6da7	bytes hashed	47	structural inventory only
research/results/distinctiveness/capacity_limits_20260208_171552_quick.json	7324b7b0174aaa8a3998a6ca82ce9252216f18e3366824505389df928b80411c	bytes hashed	356	structural inventory only
research/results/distinctiveness/competition_mechanisms_20251128_232917_quick.json	7eaa442003d72610b69825902b63b3e83bf58bd071973b46ebf8674485b094b2	bytes hashed	328	structural inventory only
research/results/freeform_rc_20260222_221420_quick.json	2593e784eece726e0ecb0b8648160d84e65dbada96beba7a3b3e339f663ecdc1	bytes hashed	245	structural inventory only
research/results/freeform_rc_20260222_223615.json	14b834d26ff6fbd8db98ab0635436092ec0c30594995d74024bcb35254e7545a	bytes hashed	497	structural inventory only
research/results/freeform_rc_20260223_000019_quick.json	f593c63bc5bb5a9676b41b4c45e89ebd92a2794d7e0b59b46a7b0b2ecb5d9d22	bytes hashed	245	structural inventory only
research/results/freeform_rc_20260223_000253_quick.json	3eb27c35c22e99899a1a76d3ac1427acf8973909d36751abcecb70f480ac666c	bytes hashed	245	structural inventory only
research/results/information_theory/coding_capacity_20251128_231126_quick.json	3bba5155fcc881051651cd503adfa52da1135bbc783388f16f2e6237735c5f23	bytes hashed	170	structural inventory only
research/results/information_theory/coding_capacity_20251128_231237_quick.json	b3df86b66ac506e4274bf44fe81b04d9dbc0e3e3b39a6286806ae20c1cd5b3c4	bytes hashed	170	structural inventory only
research/results/logs/adoption_gate.log	f4688982b9a55fccd1cecf52eb64a146e5608461991be567bbf821d5fdca0817	bytes hashed	70	structural inventory only
research/results/logs/afferent_cold.log	be2ca8fca0ea102f1f3a1f62d4c5f01579c6a2da4497761a4d90e9ca70a23f4d	bytes hashed	13	structural inventory only
research/results/logs/alignment_load.log	c742b2638bc1bad67b35b6f87e5ebf9cb2f8cffbcac8108c7708caeef9b5d1e0	bytes hashed	88	structural inventory only
research/results/logs/anchor_ratio_A1.log	abd324d756c952e87321a4fa9c0a0c12b156dc3657ce36ee4562a57d6d3fdab8	bytes hashed	20	structural inventory only
research/results/logs/anchor_ratio_A2.log	b0411bc140ab1d34a60671a6968b90e24cfc4f18222433b666683da60c95bdb8	bytes hashed	20	structural inventory only
research/results/logs/anchor_ratio_A3.log	b7e29aaa7f6a735a0dd8f383f651d4e39654d9a69112d9a824d6effc0d07374a	bytes hashed	20	structural inventory only
research/results/logs/bound_pathway_capacity.log	94ef723805813c21937f8d2411b16c4e418bb28a8bd3cd05471cecb5f65977ee	bytes hashed	17	structural inventory only
research/results/logs/bound_pathway_minimal.log	b6e463b84e7e2ce9f1edb46691c66ff8abff46fed59218c5ade296ef7ea4ada5	bytes hashed	22	structural inventory only
research/results/logs/bridge_capacity.log	3337b9098b978e4484451a8e9e2387670707d2a0751512c970d25312599ab268	bytes hashed	89	structural inventory only
research/results/logs/bridge_parser.log	82d9a921078d5bd5c3a14f409894553c7d8a4b48023aae6f734b98f13bf2235e	bytes hashed	75	structural inventory only
research/results/logs/capacity_scaling_run.log	a082fc16a08da1440fa2154b11b7321dc7122ec25a8977e43c330b92e040316f	bytes hashed	43	structural inventory only
research/results/logs/ceiling_vs_n.log	375488e938746634497e10ff8c1834f3979dbdd52fcc296f5eac312a3221b42a	bytes hashed	65	structural inventory only
research/results/logs/childes_arm_d.log	75bb65e02512207bbfdcf0f9f397f1501e17f3b9a6910d3a7fe56745fb4ec670	bytes hashed	14	structural inventory only
research/results/logs/childes_arm_e.log	fd73c6d246e6b30880f4cff9e53e9302ca82bf0b7ddc8a502c591ea0315292cb	bytes hashed	14	structural inventory only
research/results/logs/childes_phase1.log	065c423cbe9ee0a6d052cdf245d2433245ba7953c5dcb251e5fb59012289fa06	bytes hashed	87	structural inventory only
research/results/logs/childes_phase1_recipe.log	68a6f4bfa817c3484e2387f2ceedeba359585669e8ea4a5654738159caa9b055	bytes hashed	91	structural inventory only
research/results/logs/clean_substrate_400.log	40b7fc3d624550af12de7a745be072c7c8f781445c391fa2e4136f65dd3ca70c	bytes hashed	83	structural inventory only
research/results/logs/cliff_e.log	41a23f7df73e7e56f3352c2461c52a0aa2e8ea7a5d8ed62985e2d56bece3e88f	bytes hashed	17	structural inventory only
research/results/logs/competition_dynamics.log	7b2e1cfa55aed850cd510fe1a02608dd194b91e479a1dfb2b1c211bb9c42b5a9	bytes hashed	94	structural inventory only
research/results/logs/critical_point_scan.log	a1a288b9744b0424abc19fa4eeb432a06a662b3f7136fecc04b24cfd90fc9b98	bytes hashed	44	structural inventory only
research/results/logs/cs1_exact.log	ab04acabd8db1afb7180f54a4b4ac6141d1d042a5e6ef3b92ae1fa658d0badf7	bytes hashed	39	structural inventory only
research/results/logs/dead_fiber_hunt_healed.log	eab4cd09ac7b0f5284e7ae024c073db0ef97f1e60f584cf52c57a876a786bb8b	bytes hashed	7	structural inventory only
research/results/logs/dead_fiber_hunt_prefix.log	1bfb4294cd47471b6152711e88c43c6762b7ad3d528e7a6e2ef46ce0f406cbad	bytes hashed	7	structural inventory only
research/results/logs/depth_exact.log	97a887fb0e74df3131bbf3fdc2f28a41d2d15c99fcfac2857354ebd330e35665	bytes hashed	13	structural inventory only
research/results/logs/diverse_forms_recall.log	704b5324c90a9facfbd77d3bb6cd2d1a75cacbc232413bc70e26f12c215b8ced	bytes hashed	69	structural inventory only
research/results/logs/drift_vs_crowding.log	3c40bf2775390797937024e95c80c4130b729395b3f137c9fa8a619a68eaefa1	bytes hashed	60	structural inventory only
research/results/logs/drive_decomposition.log	9c6d9c81acffc53c18f5d9da5533a602c63a311413bb64464497ab9859b4ff58	bytes hashed	34	structural inventory only
research/results/logs/episode_budget_recall.log	e5f126f20f97e97e51e8af2d671c44495d76d48151750391e49bdf78e57c3be0	bytes hashed	132	structural inventory only
research/results/logs/erp_afferent_vs_recurrent.log	988e941c82261dc9e1899d2b2a32612963c046a6ed7e8d52911cd28b70d3f549	bytes hashed	12	structural inventory only
research/results/logs/erp_denominator_invariance.log	f9c2a4001aac3b4d988edca1121cc1946b23886e3cc75a4905549adfa061e8f0	bytes hashed	22	structural inventory only
research/results/logs/erp_expected_slot_ab.log	e5a19cf45312f81a7e127a96953ae997a8eaae27d28be6366a4f5d7be6f65355	bytes hashed	13	structural inventory only
research/results/logs/erp_expected_slot_ab10.log	0b3530c41ad41370d644b2bef46805100545ae25107a7484666600b66117665b	bytes hashed	13	structural inventory only
research/results/logs/erp_expected_slot_study.log	806eeffda33db1a93a1635b33c552ed50b64703aee8bc97efb0f1398d44deae4	bytes hashed	10	structural inventory only
research/results/logs/erp_expected_slot_study_cold.log	883438c8468c4aa58d0f482dfa581e1784e227f4f8b9cecc49aa8dd8fec519d3	bytes hashed	8	structural inventory only
research/results/logs/erp_full_substrate.log	c43a9b738387ad6d72b1ed4e7ccc136c7d290c5dcf77ab1ee0f57391a465b71a	bytes hashed	12	structural inventory only
research/results/logs/erp_growth_neutrality.log	ddb8bbcd45157859292b2a51fa85552c5c49f3e296eabcc9214b5bdf0d29cfa6	bytes hashed	13	structural inventory only
research/results/logs/erp_pathway_vs_area_binding.log	ca10e5a8be67cc03865a83f0dff57a9ed98e20b123c5374c8a5321701639d5d9	bytes hashed	48	structural inventory only
research/results/logs/expected_slot_cold_recheck.log	883438c8468c4aa58d0f482dfa581e1784e227f4f8b9cecc49aa8dd8fec519d3	bytes hashed	8	structural inventory only
research/results/logs/expected_slot_default_on.log	92516daba30f60bd5f5e1bec3e279bb3030194b89f1d0c0f654fa4dcc18291af	bytes hashed	90	structural inventory only
research/results/logs/expected_slot_tests.log	b5985971f234d6c06abdb9561fd2e92c87c9f657d837503810814d31442a6356	bytes hashed	3	structural inventory only
research/results/logs/flush_rate_e19b.log	833e96af372c050a0d616ef7fb8e962e591747beb65af37dcc6639119ed24ddd	bytes hashed	149	structural inventory only
research/results/logs/flush_rate_sweep.log	1fecf3da67a0c89a2a996e9f66f5a0e95cc1bd9a59d09fcba60112f4e9503695	bytes hashed	116	structural inventory only
research/results/logs/frame_vocab_audit.log	2fe051f8b451067acc0ffe760c7768cf85f9e7303fd862665d1ae351bac81c51	bytes hashed	63	structural inventory only
research/results/logs/gain_max_sweep.log	1e46e8a80582a35cb0aa1347b5c1b93e4fefff31e2a3f6510857d65d8ebe175a	bytes hashed	138	structural inventory only
research/results/logs/hashed_depth_scaling.log	8efafa3a7ade1c10c07cce75e60d2bc59ff6b2bc8a731641d6f20779030fe360	bytes hashed	13	structural inventory only
research/results/logs/imbalance_attractor_probe.log	fd09c2aaefee4a8de6f04ceec25f35a0d7a0dae93d1a19abd967b9938842b741	bytes hashed	6	structural inventory only
research/results/logs/imbalance_attribution.log	01b7be8ea17eac80dc09b8106a65bb5099fa50391010af23c53b2edb15c53ee8	bytes hashed	36	structural inventory only
research/results/logs/linear_gain_recall.log	6d32166131513cd675bd60c07d59a8fc3b384b5618830c12a3b69ad729619905	bytes hashed	95	structural inventory only
research/results/logs/many_areas.log	502e5e41ae68becf169055d5baea5261fe0193f2b7173ad868efb5b335d0882a	bytes hashed	39	structural inventory only
research/results/logs/mass_readout_gate.log	03cd2396f6b958fc5ecccba7f0c642497be5e5b686433886e01c7fb2e2beeb02	bytes hashed	43	structural inventory only
research/results/logs/mass_readout_gate_raw.log	414b1d57c6841220e0bf575beaefe9a46dfa475942504a00f156f89dfc9fb232	bytes hashed	43	structural inventory only
research/results/logs/n400_landing_2x2.log	b739c36864b890b4a8305b4e1df6c4fc1a596b2a531a4739093fadf643843404	bytes hashed	38	structural inventory only
research/results/logs/overlap_ceiling.log	a1220e9f0afe6f55657f7af32e4daf5c7df1cb9c45c97b3694f5ca86d1424c3b	bytes hashed	26	structural inventory only
research/results/logs/p600_default_on_fast.log	ed4bb2f960b4da8fb1085f699723bfc135c88a790a01cc0364a244cef6d36a17	bytes hashed	68	structural inventory only
research/results/logs/paper_regime_2x2.log	52ca79ae916eecee53c1b5c3e96796fd32458f2761d1631fcbcda75189f7ee57	bytes hashed	113	structural inventory only
research/results/logs/paper_regime_scale.log	d5bbf8c429210607a37c85a1d130ccbe9c865c1836bb68d4e8da90ced0617319	bytes hashed	7	structural inventory only
research/results/logs/paper_regime_scale_g2.log	318824fbcf57d4dbad217eebbb84a7140954dc2ce59b4300a79c54bc7cb5d58a	bytes hashed	3	structural inventory only
research/results/logs/parity_dump.log	aa284f1b9b47a0fa2cd8f51dd792ed2af9dca8fc2942ee847f646117ed9281e5	bytes hashed	4	structural inventory only
research/results/logs/pathway_vs_area.log	4b64024ab93294200f87d1be5df2ce070690007e63fd2e452203c6380ca0537e	bytes hashed	50	structural inventory only
research/results/logs/pathway_vs_area_twoword.log	b7ac4640f9fed5b151b2b09b1a380a080249ec9c3100a05f9f2bf9d8e7430d7c	bytes hashed	6	structural inventory only
research/results/logs/per_seed_pl_attribution.log	ae63a7797b08046497a9e506d88c1e1dc25a1ddbec6cfd7b9c94cee4607548b4	bytes hashed	57	structural inventory only
research/results/logs/phase12_fast.log	dbdd44bbeffecfb16f1167dfb700262d0deafa0911acd8acb5404229b3d16416	bytes hashed	38	structural inventory only
research/results/logs/phase12_guards.log	b8ded088be6b381a65c1100a4c889df940c4588c13296a3969ef2759b0b65634	bytes hashed	2	structural inventory only
research/results/logs/phase1_fast_tier.log	0b412f33693e5e5d26eeffe0e37543b93ff3d99f89294b881a7daf0a05c71f56	bytes hashed	54	structural inventory only
research/results/logs/phase2_erp.log	e8749217fe28686134b38e84d187c1cc5153d9407b72254dcdbaceef90c5b249	bytes hashed	31	structural inventory only
research/results/logs/phase2_erp2.log	1e8e3b36b33a81973480c7a3d38ecc1b01825c67a5be9eb66c785b3ac1bf7eb3	bytes hashed	2	structural inventory only
research/results/logs/phase2b_erp.log	7a252e197c14d27e837d647b19f7f6a71b8e3b16eaae202579b7e9afae5b358e	bytes hashed	3	structural inventory only
research/results/logs/phase2c_erp.log	f15e1c0f32495f2226d2cfe2fbe8736ff419f08b40912add225849ed0cee8f7c	bytes hashed	3	structural inventory only
research/results/logs/phase2d_erp.log	63fca7ea32e207e622fcce1dc21ad7e55fd7df91ed0c7939d8f29f5ad65dd92d	bytes hashed	3	structural inventory only
research/results/logs/phase2e_erp.log	657a6e2a9cdd136696a07a42970afbd806417e35c40eb276e2a1c89bbe53563b	bytes hashed	3	structural inventory only
research/results/logs/phase2e_fast.log	ba4446564190f4664df16564def02898eeef720212fcea13914a410012169feb	bytes hashed	43	structural inventory only
research/results/logs/phase2f_fast.log	2bbc31e8063cdf66caf3097fb0fae1209af8caa279e626f7cf75cb4dc1722fea	bytes hashed	64	structural inventory only
research/results/logs/phase2f_nemo.log	1acab32cfb16f11425d2f447bcec70979da138c6d627f45a27d9096fbac32fc2	bytes hashed	1	structural inventory only
research/results/logs/phase5_cold_recheck.log	5054e8a5fd0ac95ab0e53be0aaa34715d48802dc322857da6101f11769b340eb	bytes hashed	21	structural inventory only
research/results/logs/readout_decision_rules.log	f53147dbafc3ec7294e36f0cf8c8cef162c029244393dda2e97d5603255bb1a0	bytes hashed	61	structural inventory only
research/results/logs/refraction_P0_bias_on.log	d2f15b9f80579e3c2a5ab240a9b6f444c8e37a8c794d5af67725df6ca13679a4	bytes hashed	22	structural inventory only
research/results/logs/refraction_P1_bias_masked.log	84c909c115fbab44272430579913aeca654e34edbf9797848152d51d1eb477c3	bytes hashed	24	structural inventory only
research/results/logs/refraction_P2_strength_sweep.log	8facbf90468ac08b5121671aa90c4736f79314bc2b5989ff4786d0634cb85b35	bytes hashed	44	structural inventory only
research/results/logs/refraction_amend1_0.5_masked.log	6b087cbed750265f38da93cd1068f09f58278390a23fba2e056c34cf873e8a2e	bytes hashed	23	structural inventory only
research/results/logs/refraction_amend1_0.5_net.log	5d95c4b2b2f532b2c57abcc4a811eeec1ae12b47d7fdd45f5c083996fad2b163	bytes hashed	23	structural inventory only
research/results/logs/refraction_amend1_0.7_masked.log	5be00c7171d4d1c06c2c622e528921aec199317dba5e5d029c2df16621303419	bytes hashed	23	structural inventory only
research/results/logs/refraction_amend1_0.7_net.log	d358225d4337c2cbcc170605e4a1600b807a9d273347163f7796505e958cd5f5	bytes hashed	23	structural inventory only
research/results/logs/refraction_audit_scaling.log	8e80d84af9b505a41a217774bba3926287a22037da6ee6d45adef40e398468ca	bytes hashed	19	structural inventory only
research/results/logs/repetition_recall.log	f3325d0dd23dd3d5d2711f9a656067a9cf40471e2417bcd4cd1f4da655cd79fb	bytes hashed	88	structural inventory only
research/results/logs/retrieval_guided_rebinding.log	39b913be6a90e69310064a12a180b3c4e83497040557cc85be77c262f49e1ec8	bytes hashed	44	structural inventory only
research/results/logs/role_area_state.log	69a95673ccb9dcd3b455d31b6353ecf4856c30fae29aa310915a50ae32d35ffb	bytes hashed	32	structural inventory only
research/results/logs/role_binding_readback.log	e4f7c25cef0d8afaefc5d050dd72485d0f19060ff5eef6c74373046548934daa	bytes hashed	46	structural inventory only
research/results/logs/role_recipe_2x2.log	226d5b95157750d90f5b3f955ded62c2113533070cffe0d9b834865feb96e600	bytes hashed	103	structural inventory only
research/results/logs/role_recipe_2x2_ext.log	37ad9079d173d8f4a2981a4173a3b41e732d57401dc76682154ca4dbea298e8c	bytes hashed	83	structural inventory only
research/results/logs/sampling_budget_interaction.log	6755b90aaaf6f7f7942640595f101454d19e43c6b3bf898aa3b90b3d3ab8a1af	bytes hashed	149	structural inventory only
research/results/logs/scaled_feature_recall.log	14dc9babdc23e77b3e6c6c70975d895b1ba7ca284d58b801fa687b3a68dbb584	bytes hashed	17	structural inventory only
research/results/logs/seq_a1_fsm_parity.log	1bb2f549ae4c20f353f0983d03971cc5d883ec4b67d94896822a506b67fde590	bytes hashed	79	structural inventory only
research/results/logs/seq_a1_fsm_parity_p040.log	f42cd8cb9c0d8dc1e0af44d256851c842d2ea8009b36c8dade007e8ecbf86bd1	bytes hashed	80	structural inventory only
research/results/logs/seq_a1_horizon_hashed_int8_timing.log	42f99125253c27052401a7352b8654be638cad94121e41030bb8d20d9c83ea8a	bytes hashed	34	structural inventory only
research/results/logs/seq_a1_local_regime.log	f0c3ef0d5e6569b22f20a5f9d5442917876ee52fea7014ae92e3b264d4a9d322	bytes hashed	41	structural inventory only
research/results/logs/seq_a1_step_accuracy.log	e29340ecff284844338a34828b278e4fa0c872f94c6d788b437aac93adf87fc3	bytes hashed	18	structural inventory only
research/results/logs/seq_a2_refraction_load.log	c0b6fb4fbd8fa0332f71a8ff538b125dc497015f45f7e41b621cfd5631d39485	bytes hashed	18	structural inventory only
research/results/logs/seq_a2_word_order.log	51e0a1d16cb64d8351f40d6675617b59a774201550047218bf393d6ddf205bad	bytes hashed	61	structural inventory only
research/results/logs/seq_a3_register_chain_gap2.log	090cc5cc4b5f33f38eaf422fba3001a07123396e3a84a2cbeebdff31a3a499eb	bytes hashed	33	structural inventory only
research/results/logs/seq_a3_temporal_amend2_fresh.log	0ebf1b5b48d1f3c051320b9a02860a450d2c6960b707f61b75ac01c228c8de98	bytes hashed	42	structural inventory only
research/results/logs/seq_a3_temporal_amend2_gap3.log	3af49fe82b5614b486764f2a332c14cc000c105561f1eaf870c19eb0e7b85733	bytes hashed	22	structural inventory only
research/results/logs/seq_arc_refraction_reference.log	1feaee590c78ee9f4ad4a9082c4a4912339aec42b6c7a57cadb8719882892b87	bytes hashed	26	structural inventory only
research/results/logs/seq_recurrent_ratchet.log	fd0bba999eb65bd1fb0acd69e36801d174eb7a0f388afdb512d58995781aed3f	bytes hashed	118	structural inventory only
research/results/logs/seq_s5_arc_clip.log	f1df0702d10ad0687ee67b50b184577db941d8a472799abaa871a73c8d28d6eb	bytes hashed	9	structural inventory only
research/results/logs/seq_s5_bar_tie.log	0b5cb24e5fb4947cfec014a14d421fd8d4a263d422a06a862dbfeda4c418bf83	bytes hashed	37	structural inventory only
research/results/logs/seq_s5_census_amend6_s0.1.log	6e2ece7f28e8a16d4ce310c9a595ba689ae574b1b389b231d60d8de1d9ae8190	bytes hashed	153	structural inventory only
research/results/logs/seq_s5_norm_init.log	6e0253d514a9af22fa2e6d820ffcd64355383b8bc53d3901d9bf9b58f28ccf80	bytes hashed	142	structural inventory only
research/results/logs/seq_s5_semantics_v2.log	f55005f5f31f258d7a922ecfffd89b05fc14b586c282d847373fd601cc79021f	bytes hashed	29	structural inventory only
research/results/logs/seq_s5_soft_census.log	02093aef4d5f226c5bcd365a90c5f68b03183ddf318dbdc32183f40b54c93d3e	bytes hashed	53	structural inventory only
research/results/logs/seq_s5_substrate_c_scoped.log	2104eba2d0d622caf9ec752eb26b59c942ccf6ac3418964652e8bb568d449b59	bytes hashed	96	structural inventory only
research/results/logs/seq_s5_theorem_regime.log	d68a82515bc483bc4cf0769b7758670da6117e1dfb583fd4f54d0f8736739673	bytes hashed	180	structural inventory only
research/results/logs/seq_s5_word_problem.log	5cf4c477b5c70398354d299549f6c75b5680cee1f7713e7d14dfc43f61e31772	bytes hashed	61	structural inventory only
research/results/logs/shared_target_capacity.log	5cb1183daf0b8108e090ffa5cc501d1f2be1e9baa76543612a07f3ebcf9bd0ab	bytes hashed	34	structural inventory only
research/results/logs/slow_homeostasis_recall.log	e52799d2c867dedba3a1a10c475ab9763982c68c22a95cfc0f7b2c57f0ff2eda	bytes hashed	48	structural inventory only
research/results/logs/source_core_cold.log	81a63ae8141eab43ab971b683634d75ff773ff4776cf605777b53257e2fd967d	bytes hashed	12	structural inventory only
research/results/logs/source_separation.log	d087da21c5a0fe6d5c80c99cb20ae1cee2f8679d74d85250cd7116508244cfc0	bytes hashed	28	structural inventory only
research/results/logs/split_architecture_2x2.log	574a8a62f4e5d81db46a14f00c704fea28971aeab95a0f3597045f82a365a6a0	bytes hashed	146	structural inventory only
research/results/logs/split_default_gate.log	4286913d8545eec287179249ca0d66d5356ab8857102a8c98fa1a278440b5d4a	bytes hashed	14	structural inventory only
research/results/logs/stored_assemblies_current.log	8edc467bbee1c5b8960903e886904b4b18e11489e470c9f51c3e51fcd4b7372e	bytes hashed	38	structural inventory only
research/results/logs/substrate_c_scaling_probe.log	ce602a45c65e485873c2b19c287ace62f77c81a09e5c7f5d2809ededc8cb6368	bytes hashed	5	structural inventory only
research/results/logs/suite_after_recip.log	4f4e4e3cfe9828611971a663e9156b3c10e0616fa736b57a2dde07d5f058fd9f	bytes hashed	5	structural inventory only
research/results/logs/suite_auc.log	8c148953b4496bdfdeeb2018ef4e5836748cdff56ecf23dba2182259bf5f86ee	bytes hashed	29	structural inventory only
research/results/logs/suite_backend.log	02476530b9660e51a40048d31bcce33f34e12e7379e90a7a6982ad6f06715e73	bytes hashed	89	structural inventory only
research/results/logs/suite_backend2.log	b788e115cc051123eed8d7324dfd732e8f38774c2261dc51ce1875124cc8e7bc	bytes hashed	48	structural inventory only
research/results/logs/suite_clean.log	2e3814e432a78dc275a31b90c98d64b3c77e653523fc111bb404a197ace9daa7	bytes hashed	4	structural inventory only
research/results/logs/suite_cleanup.log	797d76f59bb2e40dfcc83eb9d0c4c5bb5d5f199224eea7e412281feb929392e4	bytes hashed	86	structural inventory only
research/results/logs/suite_final.log	e05920f809d905f6278464af2d78695b3326d9a5488e5032b80d970314d378aa	bytes hashed	4	structural inventory only
research/results/logs/suite_final2.log	0ec75763f9aca0176c54f4d8673d27cd0253c0b869328d6f07114f85890f4805	bytes hashed	59	structural inventory only
research/results/logs/suite_hashseed.log	359d6a643de0f5bf926d0896c3e115466905eff104c923bd1594534522a1f2df	bytes hashed	53	structural inventory only
research/results/logs/suite_hashseed2.log	5f27ffe6cb3878388a88500adc8c9d3626d92ece0c0ba1277ffe9675e1521c7b	bytes hashed	33	structural inventory only
research/results/logs/suite_lazy.log	a1f491cc0fbca30d45e25145363293038794bc782b3f84d67ad927ca32f46d3f	bytes hashed	59	structural inventory only
research/results/logs/suite_perf.log	5def34a0aeb4c95c05ab651ee29ff99c10acc63f51263676674b2d07de8db77d	bytes hashed	62	structural inventory only
research/results/logs/suite_perf2.log	307d8a78b303f6dc1b4169f8eb793cad6974ed8b994940a7ad330b288889bac5	bytes hashed	65	structural inventory only
research/results/logs/suite_post_e1.log	d8c0bec469906df28f4246360fa3c650f682dc450b4fd1295d4d909700873bfd	bytes hashed	40	structural inventory only
research/results/logs/suite_post_refactor.log	05cc3f33007cfe9fd7a1148cb21046cf9095f99df6c507877b074226eed08c99	bytes hashed	36	structural inventory only
research/results/logs/suite_strict_probes.log	1847f3326c1290bbb333eaa26fc179fd465d2a93fd97d5b440f8e3c781454fa4	bytes hashed	0	structural inventory only
research/results/logs/suite_targeted.log	e23f47e06060204ca8d7511711fed5f876c39416b1dcef87958b7b69b6caca26	bytes hashed	2	structural inventory only
research/results/logs/suite_task100.log	fd41755bce3b39362fca7fcd2c61d834bbbcd0165dca26cea60f811c09f8e064	bytes hashed	32	structural inventory only
research/results/logs/suite_task69.log	e7450e9907bdeaecc816b6f952d5b2413144ff0f516af92e09344d4a26164bc2	bytes hashed	57	structural inventory only
research/results/logs/suite_typesafety.log	2de738783f311ffd4489ce3ed920d9294e5bfcf2a4222aec2a6c942376d135df	bytes hashed	80	structural inventory only
research/results/logs/suite_typesafety2.log	86c82bfe1c57574663792ad2742dbb798330d145db50164122b783af2cd4a2b5	bytes hashed	37	structural inventory only
research/results/logs/suite_verified.log	e05920f809d905f6278464af2d78695b3326d9a5488e5032b80d970314d378aa	bytes hashed	4	structural inventory only
research/results/logs/supervised_vs_unsupervised.log	93eefe33ebed142485afc055313a26ed8173da13ec13a158dd7ad9aae3e3311d	bytes hashed	37	structural inventory only
research/results/logs/surprise_gain_recall.log	af66e237e567eb295e0ef0c7c07494dfccddd4115dda00e0df405472cde0582a	bytes hashed	53	structural inventory only
research/results/logs/sweep_closure.log	d6551e6d689d2035946e71b0e131cc8d6f394394d3009ce741e4760a9a9cb4c9	bytes hashed	48	structural inventory only
research/results/logs/sweep_gain_x_alpha.log	2e5be999860a6fece48f50f414063accb2794fd34b5f41e5751dbadfcbcec755	bytes hashed	94	structural inventory only
research/results/logs/sweep_remaining.log	dec95795deb5895a67df82947b7c67ae3fac99cbb6d20e7dadf327d848ead5d2	bytes hashed	167	structural inventory only
research/results/logs/sweep_round2.log	491787f21da78e62a0e410e636639ca23cad66dc761698cef7185d51418ea0b0	bytes hashed	164	structural inventory only
research/results/logs/sweep_seeds.log	dc1b51bd2c170b5c33d61faf1afd99e3003ebfa421554513114de5dcc0aee4ff	bytes hashed	162	structural inventory only
research/results/logs/task100_erp.log	d3a9c41f44dda41cfdb2dd8d06ff8dfef922278c104f3ea17d6690d14ba18ddb	bytes hashed	9	structural inventory only
research/results/logs/task100_erp10.log	dd16c03d5631d829f69928d0df11e6bc6c7f16dd4cd3da5ae103c7772f2af54c	bytes hashed	9	structural inventory only
research/results/logs/task100_erp_rerun.log	7cfe2e24ebb29e754560a5a88434a44f606f5b1b22c95837cc5488827a5d7c89	bytes hashed	13	structural inventory only
research/results/logs/task102.log	88b22682a14f607f4d03f6e3d8fff31a24f1985eec92ba527c5b26c6c4fbac9d	bytes hashed	11	structural inventory only
research/results/logs/task102_rerun.log	8d5769ebdee5cb3e2d36baeef0ed63c857d79184901fd3ccc0eeae6afebf73fb	bytes hashed	15	structural inventory only
research/results/logs/task90_ab_triage.log	e99c057c228401597dc965b5bc492120625554baef4be7f513caac6d2ab3349f	bytes hashed	72	structural inventory only
research/results/logs/task90_context.log	ff800071194672b0100c5771edb24cc67ee892d3f27620e1df234aa458aa0716	bytes hashed	41	structural inventory only
research/results/logs/task90_extend_n4000.log	56e3556829e923429c5879dfb626476bedc2e52d6aed6124e1fc7a7f023e1382	bytes hashed	32	structural inventory only
research/results/logs/task90_fine_grid.log	f70ec20ed421a2999f72e0150062441863125e1b130d2f4dd91dee0973f224be	bytes hashed	54	structural inventory only
research/results/logs/task90_gain_confound.log	392ec6242015e0e75ded309ef5c31e3e1040573d1b8f1be13cbcf88e6fde4052	bytes hashed	89	structural inventory only
research/results/logs/task90_n_scaling.log	b335e881aeea5bc598006ef4b273eab3661b1696988ddc8edbe275b4b6943be5	bytes hashed	67	structural inventory only
research/results/logs/task90_recurrence.log	3ed9c41a82442f64b445552f4d340b6ac097594ca3b0ac95fdaf983aa116982a	bytes hashed	63	structural inventory only
research/results/logs/task90_screen_sensitivity.log	170c9a538996331248438f68d6641f4fa1561d8ce86c98eda3bdafcd92b70b9e	bytes hashed	31	structural inventory only
research/results/logs/task91_emergent_noun_verb.log	7fb1cdedb822dd6e239d72c54a28c7b5c32404116970628651df7fbef6c88b8d	bytes hashed	11	structural inventory only
research/results/logs/task91_exposure_sweep.log	c4c86008e09994fe3775f295b2f0d941fc8e8df6a85212bf7eff0928e1a4b903	bytes hashed	28	structural inventory only
research/results/logs/task93_conjunction_budget.log	925100497fd84352da28e0bb1a6a60e29ebbcb618c3259729b3b6a7eb09e7d53	bytes hashed	33	structural inventory only
research/results/logs/task95_arc_beta_sweep.log	66a3afd9d60041392e661f2f56064e25e4c351ae44fc144523f8eee79a438354	bytes hashed	7	structural inventory only
research/results/logs/task95_readout_arc.log	49fe5e57b55519e896e53996bcb583b30b0a8cd09cbf3d621d84518a778475d9	bytes hashed	22	structural inventory only
research/results/logs/task98_multimood_on_exact.log	dcddc6c793f273d456f9137fb177eaa7ac8fa1c90d6035a84ed9a101acc06d19	bytes hashed	29	structural inventory only
research/results/logs/trained_frames_cold.log	be3ecb8786a73e5be6262c591c2c002a20b7fcb1b86f8cb371bc65fec4f800a4	bytes hashed	27	structural inventory only
research/results/logs/trained_frames_postfix.log	927b862c9f02ef38eb99878110b4b6699b29e3baa4f2e475613682075723c3d6	bytes hashed	27	structural inventory only
research/results/logs/unaligned_scenes.log	ac01e26607c8a4c40af660979712475d92e7a9e7cc2f0bc4ed9c1be2f165ecd9	bytes hashed	63	structural inventory only
research/results/logs/word_capacity_hashed.log	ea3ef3d71ac51f85907790752ac4306e3af133d0688eed6b765df0a2605bc8c7	bytes hashed	40	structural inventory only
research/results/logs/zipf_gain.log	790589c50643dd9eea0df0430a66e1bd4fcd2fc99b0bfa987295b47bdf0704a9	bytes hashed	30	structural inventory only
research/results/logs/zipf_lowgain.log	a73eec34e51941f2175086b32c7d6e0456b2bd320aac6f97e9dd4942520d9fab	bytes hashed	12	structural inventory only
research/results/logs/zipf_lowgain_noscale.log	6e123d27dede9954e2d8192d0f4b4ae90e0dd9508a55d60e4d84a378206eb23a	bytes hashed	12	structural inventory only
research/results/logs/zipf_rerun_fixed_divisor.log	678d617fb4b1ef89b81287d2cdb57fe38464563539117a560a32234d76b396eb	bytes hashed	39	structural inventory only
research/results/logs/zipf_scaled.log	db363f84b5b3868f4799b9d1bbe8bab6d17311900bd3ff26542112dd4a54f346	bytes hashed	18	structural inventory only
research/results/logs/zipf_synthesis.log	7c4ffc906d0fdcb3fcb0ccd4614a9a3f91b312e6c8a59260a8fe56394bb50a37	bytes hashed	98	structural inventory only
research/results/master_summary_20251128_231237.json	ff1efaecfea3cfc72c5475acf9c365d81ba65ba2ac19deb11c5f92fb62b8a6a5	bytes hashed	37	structural inventory only
research/results/memory/capacity_scaling_results_amend4_ref133.json	7b2f665c427f1839f9b39aed92d2ba269f81b48f1853efe64c53263f90baf5f8	bytes hashed	3442	structural inventory only
research/results/memory/capacity_scaling_results_amend5_ctl_gated.json	69ca5dce2851c22b5c7f0b77ee320e48043b3af676db4ee32129e9173c50fbdf	bytes hashed	1486	structural inventory only
research/results/memory/capacity_scaling_results_amend5_g5.json	803b287879068349f32d8fdcbab0ad2a1751b2465dc23f97330fd064d425a794	bytes hashed	2290	structural inventory only
research/results/memory/capacity_scaling_results_amend5_ref_gated.json	298d32a9c392364f9c3664f6c273a1d76389024bb4a9d372935cbd86c4beab8b	bytes hashed	2290	structural inventory only
research/results/memory/capacity_scaling_results_amend5_ref_gated_refine.json	cb7d6f8e18129772b44ecc96dea710ecfa724c35795532f974212f4eb1a516b8	bytes hashed	1218	structural inventory only
research/results/memory/capacity_scaling_results_amend6_g6_gated133.json	dc00a119e63119c20d632a3b7ffc588ea414a2c32fafb0308604a94ba05ced47	bytes hashed	1620	structural inventory only
research/results/memory/capacity_scaling_results_amend6_s0.3.json	25f8b018fd01b9bbcab0538585c7628c97c4e936c7ca43f96b81e71a2b23cb0f	bytes hashed	1362	structural inventory only
research/results/memory/capacity_scaling_results_amend6_s0.4.json	47478cefde3d33e1ffb6e14ad9d19bc2219c37e06e01992ffd5ea72b107ab9d5	bytes hashed	1362	structural inventory only
research/results/memory/capacity_scaling_results_amend6_s0.6.json	b340cfb62896dc1e3d681ab6b26a98385ac57e502cf1664ba1b962dca837f358	bytes hashed	1362	structural inventory only
research/results/memory/capacity_scaling_results_ctl_T16.json	9058f27bfa9736e7cfbfc0fd8ce95ca7776d77e5cfa3230d907543b112bb9257	bytes hashed	822	structural inventory only
research/results/memory/capacity_scaling_results_figure_ctl.json	4de0c70164df47ab1309578b4ca75fa634376a11b114bc346bcb379b1b767b66	bytes hashed	1002	structural inventory only
research/results/memory/capacity_scaling_results_figure_ref.json	9b0c3236eec7379a76f7b66d58491d888a06941fa2a9c2062765a40b9ae0a378	bytes hashed	1362	structural inventory only
research/results/memory/capacity_scaling_results_ksweep_ctl.json	e41f42c00ab9d87b101612c277d7b12a2b4ccff1821833bc0668195bb8fd6387	bytes hashed	4082	structural inventory only
research/results/memory/refraction_memory_numpy_results.json	b086d2ab47a60d4c2dcbf0784848ac0840e9ae8599dbf0617456db98d0fed466	bytes hashed	464	structural inventory only
research/results/mnist_n5000_accuracy.txt	f641361b91b4db28c257186080520ad363fe2621c79690fe44b3fb7223d866e5	bytes hashed	0	structural inventory only
research/results/primitives/RESULTS_association.md	25a023812a1f0cd258440c263055afc6b2dbc37ac01d82f4d80d0ad31ce54129	bytes hashed	109	structural inventory only
research/results/primitives/RESULTS_association_chain.md	63cf1a38475773e373f3a0b18139334207a26d9435cbc08848a03b6316081bea	bytes hashed	162	structural inventory only
research/results/primitives/RESULTS_bidirectional_association.md	0de7976fb70ccbe92adc3e5633ae6260b635e7790e66dfec415840a7a59b5a0f	bytes hashed	113	structural inventory only
research/results/primitives/RESULTS_composed_erp.md	2b255ed32dd70d9a1ce012b559a3ad60c77e856e932b61104f05428296c51067	bytes hashed	233	structural inventory only
research/results/primitives/RESULTS_merge.md	31199350fe93a2127cffdd1064b7ca67ebfcc0ff2223c6d4c1307cdd8bf32828	bytes hashed	119	structural inventory only
research/results/primitives/RESULTS_merge_association.md	c8059d59f44330e628b9d59fc2e86699883ddefb56a3b1c9c6e5c17fa229392a	bytes hashed	134	structural inventory only
research/results/primitives/RESULTS_projection.md	95cdbe1ecf498a3719e764b869cdd4ce31b49e6cdfd82574447fcab809a2f115	bytes hashed	100	structural inventory only
research/results/primitives/agreement_attraction_20260222_023338_quick.json	ef308f9c8351356704287a17b4f3803e00426e346bfded392b718bb7df1c75f6	bytes hashed	153	structural inventory only
research/results/primitives/area_self_organization_20260221_213857_quick.json	627b2e0cb8051ca0dd7aba9e9ef86ce39ea954890ac03fade7052b751fe8e8ec	bytes hashed	353	structural inventory only
research/results/primitives/area_self_organization_20260221_214456_quick.json	6b9ff5b25590fa17960859d5e52629e20b253992c705b0f79a6820dc7ae5d949	bytes hashed	353	structural inventory only
research/results/primitives/area_self_organization_20260221_215521.json	fd056541555740e15fcadd196f46cfc19915f574814353f186f60e9eeae67ff9	bytes hashed	353	structural inventory only
research/results/primitives/association_20260206_130337.json	a2367e1994e322f0ff35e365d0be466ca0e7131ba4bc33d1f29230a76696bec0	bytes hashed	318	structural inventory only
research/results/primitives/association_20260206_135711.json	75cb627f4259a32ba641d80d5c5b92e3f9b556f7b381cd022397c38a04d1cf25	bytes hashed	318	structural inventory only
research/results/primitives/association_20260206_142212.json	113e8a3e385e774947572f73fc76ca4c655fec1d41f7d0c8e1388bb1be07405a	bytes hashed	318	structural inventory only
research/results/primitives/association_20260206_142833.json	cac065b4e5eac43e6ed9dfd523208a9cf833dd5a8f0592a0121820af1c47588e	bytes hashed	318	structural inventory only
research/results/primitives/association_20260206_144409.json	39a992097d995532837035c122c502657853e01a0006e65d995932f13a34582f	bytes hashed	318	structural inventory only
research/results/primitives/association_binding_20251128_230322_quick.json	0b9b81cb119cf6366178c0d5186794c30463a8cb437246fd4d46ac09ac0a0f2b	bytes hashed	89	structural inventory only
research/results/primitives/association_binding_20251128_230356_quick.json	207e53b590df58a7d7b2f6d35dbb8c2aec9ba88e9e0c6efaeb016ece2e453bd3	bytes hashed	287	structural inventory only
research/results/primitives/association_binding_20251128_230403_quick.json	3273b1633be8f5877e28e4714b6ec8f23057ae111d9021672f961f3718c8b7ab	bytes hashed	287	structural inventory only
research/results/primitives/association_binding_20251128_230714_quick.json	2e30f1c82db054617c2b558666bfdea745b9b100b506a16267be188422798998	bytes hashed	287	structural inventory only
research/results/primitives/association_binding_20251128_230730_quick.json	2bbd812bd2879a14928b567bea467a5a6638534fc68c924a1daebdd5cc133062	bytes hashed	287	structural inventory only
research/results/primitives/association_binding_20251128_231225_quick.json	eaa3cd84698f7388328025d3f6e08173a24b54af9f2ac590c2476fca666fdab3	bytes hashed	287	structural inventory only
research/results/primitives/association_binding_20260207_161937_full.json	c3c4527f0b89682d61228caa91ee32d86ffe4ecd86da0dfb8a33a231ead76445	bytes hashed	3284	structural inventory only
research/results/primitives/association_chain_20260206_170239.json	6dd7571c975ef6615f0292e83983c0f0d6def95d877bcd25b6fd2aed02969aba	bytes hashed	1104	structural inventory only
research/results/primitives/association_chain_20260206_171818.json	8786192da9ab2a7071b6dd5e76f7ea637637605fd6d014a2097589f3b8c5314d	bytes hashed	2606	structural inventory only
research/results/primitives/bidirectional_association_20260206_173748.json	03d4b68cf0fd74423190bc5ee4a08db002f87add9f668ec31e988a26bec3d2cc	bytes hashed	323	structural inventory only
research/results/primitives/binding_exploration_20260221_235841_quick.json	d4e042278ee8cb3f2ac60b2895d0fb73af684449f19e22f12711e6ef3776226b	bytes hashed	1697	structural inventory only
research/results/primitives/binding_p600_20260222_003337_quick.json	a1950daba0007e80cdf3ca3d1c779d3b9c9cd34921b7fbed026b9fe4b90fb4e3	bytes hashed	103	structural inventory only
research/results/primitives/binding_p600_20260222_003745_quick.json	4f6bdb102ca69eb75f7b9bbd52726fdd05a2d1cafc38ad1f418e227f902f59a4	bytes hashed	103	structural inventory only
research/results/primitives/binding_p600_20260222_012517_quick.json	be6df4c80c4e25ebbe61381637c8f1175623ae725fda41fb9698364e5b70786c	bytes hashed	77	structural inventory only
research/results/primitives/binding_retrieval_20260221_232045_quick.json	ffa5122c87946dcae390a67be969fc731eae21384e6273abfac29a2abff0f81b	bytes hashed	296	structural inventory only
research/results/primitives/binding_retrieval_20260221_232206_quick.json	841354d6715bde14b7ed0d589cac0a423de7bc8f2836de805107c6b6d6d4ed37	bytes hashed	296	structural inventory only
research/results/primitives/binding_retrieval_20260221_232423_quick.json	3966cbfcd4bc07020fa74806acae96e5f7c5addfb9fbac8763aebaedbd774cdc	bytes hashed	296	structural inventory only
research/results/primitives/binding_retrieval_20260221_234919_quick.json	5dd6e7a509f412fcdfbab7d3f74c5f116e7a44598c1e40698b2f95f891068100	bytes hashed	296	structural inventory only
research/results/primitives/binding_retrieval_20260221_235214_quick.json	506f07c78bba5a6fb7298ae1069a9759c91916dfcf53bc1654b15414b2ef59e0	bytes hashed	296	structural inventory only
research/results/primitives/binding_retrieval_20260221_235350.json	0ecb7f71f2203bc8b4936a8f8a363421e4626727bd773ffac8ad29d3694e5850	bytes hashed	296	structural inventory only
research/results/primitives/cloze_probability_20260222_030223_quick.json	72c753e0c2147e663ebabea7977bf158660454811001ebeb6536b5456da2a785	bytes hashed	109	structural inventory only
research/results/primitives/composed_erp_20260222_003923_quick.json	0a28efdbd45ab5eef6851dee2daa9b6706e46aff2fd275b89b4134ae630b6a89	bytes hashed	178	structural inventory only
research/results/primitives/composed_erp_20260222_012511_quick.json	1e80890f0aeee945ab34178584723d640240d35a2ea02082929656754eea6c48	bytes hashed	178	structural inventory only
research/results/primitives/composed_erp_20260222_014937_quick.json	73da132f8c874524d5748fa971cb33a01171ad78312633d24080d545713dd085	bytes hashed	178	structural inventory only
research/results/primitives/composed_erp_20260222_020014_quick.json	4962462c06df5fd6d3981390311b9af61c20255fc83417cd610e3586424b816f	bytes hashed	178	structural inventory only
research/results/primitives/composed_erp_20260222_020856_quick.json	59741ec0f9b8f548bbfcc2d7fc2a4d262cbd6f8abe0e6461614ccad8d262bc50	bytes hashed	178	structural inventory only
research/results/primitives/composed_erp_exploration_20260222_004110_quick.json	e09a281dc88ec061c85486c232273ab36038e73d52b9f928a26798902eab5b3d	bytes hashed	2333	structural inventory only
research/results/primitives/composed_erp_exploration_20260222_012732_quick.json	ab26e3dded8c8619cd66ce2788e7b0a96e3fbbab19e8ff913ad8566187a89521	bytes hashed	2333	structural inventory only
research/results/primitives/curriculum_ablation_20260222_035503_quick.json	8b77a85737a1904c8da70649da2369b19b120b9ed9b56f8d8bfc2cfc59f4cc16	bytes hashed	301	structural inventory only
research/results/primitives/depth_generalization_20260222_035402_quick.json	a381eb56f41d8ec51a5075e320c31cc4655da1dd4c56b79ecaa606f3ac85235a	bytes hashed	127	structural inventory only
research/results/primitives/depth_generalization_20260222_035611_quick.json	6ef776bcb0cd1749d75f6d96f334d8a8c71b6abbd1cbae966215103400fe9f88	bytes hashed	127	structural inventory only
research/results/primitives/developmental_curriculum_20260222_033157_quick.json	54803692b54ce56b4af8fc9eae24447f3421063040d65c00cd9564702e3d9971	bytes hashed	120	structural inventory only
research/results/primitives/developmental_curriculum_20260222_035647_quick.json	19d75e44b71c09d318d99d11c238e20bd3f135b927d58e4ea20704d98a319ca7	bytes hashed	90	structural inventory only
research/results/primitives/developmental_curriculum_20260222_041714_quick.json	7a084b45c5d8a148cbcecbf56bfd896f83e434aa5a413fc5fb6ff1be5b3ab4eb	bytes hashed	90	structural inventory only
research/results/primitives/diagnose_erp_dynamics_20260222_010608_geometry_quick.json	19463efb8c5d381e673206339c713eb5933f375a893ed39b8d02298deb9cece2	bytes hashed	113	structural inventory only
research/results/primitives/diagnose_erp_dynamics_20260222_010621_signal_flow_quick.json	b3a1005c244cc8538895546607c2150008c557c0a9d20a88a11aa045304dfeb7	bytes hashed	136	structural inventory only
research/results/primitives/diagnose_erp_dynamics_20260222_010629_p600_metrics_quick.json	6b85cc132b2a566e172c9d08a10b5e7c9f3c0e8caec045ea1366b36553874863	bytes hashed	91	structural inventory only
research/results/primitives/diagnose_erp_dynamics_20260222_010647_exposure_quick.json	10a73679aafd44ad718a3b9751f3c54cd6cd72236801e37d6580a28f32221c5b	bytes hashed	73	structural inventory only
research/results/primitives/diagnose_erp_dynamics_20260222_010654_settling_quick.json	58502b83537a38b3b7aaf51850ee355a333b74629ed24c8baa6491e1e203a698	bytes hashed	622	structural inventory only
research/results/primitives/forward_prediction_20260221_231311_quick.json	d034395a0238ec153d65b5d8457c801e8b04f96246d8b49fa9236defea3b0bf7	bytes hashed	126	structural inventory only
research/results/primitives/forward_prediction_20260221_231404.json	1528a38db0dab1a9122f0c554686f126f2250a7ab27d298bc43bdb1506fe2bff	bytes hashed	126	structural inventory only
research/results/primitives/forward_prediction_20260221_234854_quick.json	8a1f78201783b91815a8beb45cb5ae8cf2fa45ea036a48a2a3fd43f326f95401	bytes hashed	126	structural inventory only
research/results/primitives/forward_prediction_exploration_20260221_231854_quick.json	ed7eb67ec0026af35193903e4cd3b39c36b77970c84442e1b5c6ffeac6e76a80	bytes hashed	1794	structural inventory only
research/results/primitives/freeform_adj_20260222_160136_quick.json	6677af61537004829500ff7ffb2ec31605b09d011f86efbabc3ce65258f17cbf	bytes hashed	71	structural inventory only
research/results/primitives/freeform_adj_20260222_161255.json	44c013702d2b40a4f5ff9a3616591ae76b4bfef8de48f97112d64e49b4d30b92	bytes hashed	71	structural inventory only
research/results/primitives/freeform_adj_20260222_163832_quick.json	f093f41365e44a7a0cb1ed18d74562bbc2bd0ca1f0ab6047921577bbf94b5813	bytes hashed	71	structural inventory only
research/results/primitives/freeform_adj_20260222_221852_quick.json	d34e2847fa8b4c6d854f313faea3857c833bcfa3549737eea47d4d8d6acdb8c2	bytes hashed	71	structural inventory only
research/results/primitives/freeform_adj_20260222_235946_quick.json	f04eb391131cd0d71f27edb241f46482f222e5bf503e493c8a0e7ab2703cc629	bytes hashed	71	structural inventory only
research/results/primitives/freeform_adj_20260223_000602_quick.json	4ed2e8b1f4af2d2e63a4490691ff036e14fa1db56d8f8adecf8199d35c79eb8c	bytes hashed	71	structural inventory only
research/results/primitives/freeform_det_20260222_150342_quick.json	ed48fe87d49c0d9b907a7375348f1dd1b428e892445a6f35eed686860e6bfa60	bytes hashed	71	structural inventory only
research/results/primitives/freeform_det_20260222_150901.json	236b0f30472e96f3c298c71083e5495109f7d500a4a7754bf1cd0903e15cb619	bytes hashed	71	structural inventory only
research/results/primitives/freeform_det_20260222_151059_quick.json	32d7b3172d8f8c0606b714bd6aaba0cca893820a4512bcbab04db4a4a7b4d97d	bytes hashed	71	structural inventory only
research/results/primitives/freeform_det_20260222_151253_quick.json	2587bae07f59b70a11fdae6676aec257e872a68c94f772bd93a23091b7bd7c75	bytes hashed	71	structural inventory only
research/results/primitives/freeform_det_20260222_151514_quick.json	00802dbf2934324ed9c89cc372eb95a2a7baa5ff27760dc8346509e1bc06d7d9	bytes hashed	71	structural inventory only
research/results/primitives/freeform_det_20260222_151646_quick.json	d1807bd37e7cbf42af9b6dad468cb14fbedf724257249677dc23efc3e26cde4e	bytes hashed	71	structural inventory only
research/results/primitives/freeform_det_20260222_151804_quick.json	417d097f32446568ca8ff5c4aad50fd5da9d8c2079be9823c1504aaa9ac09ed8	bytes hashed	71	structural inventory only
research/results/primitives/freeform_det_20260222_152237.json	869af35c9cafbe914e8487cb445851abc27ceb9171943332cc414cc144661160	bytes hashed	71	structural inventory only
research/results/primitives/freeform_det_20260222_152429_quick.json	33fb70aca10862e61a942747e7b43e49ac2c90b6239e5d2ac356577ab8d7b76c	bytes hashed	71	structural inventory only
research/results/primitives/freeform_det_20260222_152543_quick.json	a2d3d7194097ab2aca2ea55fb350c53870ca1d126f2d1460615fb59cbbd1a326	bytes hashed	71	structural inventory only
research/results/primitives/freeform_det_20260222_152725_quick.json	0c8af29d2a90fd82aad0f8427579582412cdbd8b56dd2e0c09da71d24b396cfe	bytes hashed	71	structural inventory only
research/results/primitives/freeform_det_20260222_153403.json	a42c99a632382e0f65d785a4db91f9493499918fbb72218579dc7643e092fd7e	bytes hashed	71	structural inventory only
research/results/primitives/freeform_det_20260222_160229_quick.json	48c8e078d481e157dd0380cd64e440c1fbf4189c0d836a0b7dd726f39cd89305	bytes hashed	71	structural inventory only
research/results/primitives/freeform_det_20260222_161355_quick.json	ff430be22f616372056b1c6090137df193a4d9f1beadad644ba02832a17e191b	bytes hashed	71	structural inventory only
research/results/primitives/freeform_det_20260222_221656_quick.json	4f071c47c25c929bd4057cab350c11cb449ba50537aae51baace960e20403846	bytes hashed	71	structural inventory only
research/results/primitives/freeform_det_20260222_235909_quick.json	ca2c95eb4d083235042c7a6dff561c5aa3a9cf31d87ca92a0c70c931cff39dc8	bytes hashed	71	structural inventory only
research/results/primitives/freeform_learner_20260222_131302_quick.json	a6f7c113e2a9441e6c4bfde1b916d2f209959a0081c004da667b3e682a409630	bytes hashed	69	structural inventory only
research/results/primitives/freeform_learner_20260222_131808.json	8c4c86dcef5cf4bcf3409e631c6afc41fd70950811dd1c0cfec09c01fbae2b31	bytes hashed	69	structural inventory only
research/results/primitives/freeform_learner_20260222_132445_quick.json	2f96622ca0d7ed732f315130445438a6d65e15a1ad84ef63ad8717ab9e3fb29d	bytes hashed	69	structural inventory only
research/results/primitives/freeform_learner_20260222_133505_quick.json	264fb26f13d320d98b3eb53e099ce8951b5eb0a373d0830e6bad23600f8b696d	bytes hashed	72	structural inventory only
research/results/primitives/freeform_learner_20260222_133713_quick.json	4b06b74c1de359776d7ef4e9aff003fe7868e995850c3f28d873a50deb127ab2	bytes hashed	72	structural inventory only
research/results/primitives/freeform_learner_20260222_134015_quick.json	198ccdd7d9de365819f9a9a6f333234623cf8e08bcb1bad21484ca7a0d0c428b	bytes hashed	72	structural inventory only
research/results/primitives/freeform_learner_20260222_134505.json	fc91228a171fd6d6bcedb58fa422be66c238e67a728e9f603ca8c5b8b1328281	bytes hashed	72	structural inventory only
research/results/primitives/freeform_learner_20260222_135235_quick.json	ff14e7fccadbf63f2185516dd6227df3ffdd58ee4af445fe99a261200579f768	bytes hashed	72	structural inventory only
research/results/primitives/freeform_learner_20260222_140604.json	469348eb4af9ab64c34b94bd4efd91717f0e3408eee289f5870acd6c8bef7ce2	bytes hashed	72	structural inventory only
research/results/primitives/freeform_learner_20260222_141333_quick.json	7684c7cb882c235ad52172e7b8da1535590234e1ed1b2653938fb13386aef604	bytes hashed	72	structural inventory only
research/results/primitives/freeform_learner_20260222_141610_quick.json	19f57bf60a5e1950f36039b6fb655985671b421ca9f4d03dbac961e0458b9fca	bytes hashed	72	structural inventory only
research/results/primitives/freeform_learner_20260222_141759_quick.json	8379c5e59331fdbe86ce86e1850b15ac9f4cdfc55e101abee334581b098c202a	bytes hashed	72	structural inventory only
research/results/primitives/freeform_learner_20260222_142152_quick.json	43f4ebad71e5799b1846be035c051b0f1488a288d88d59a1b785c95f40a944d0	bytes hashed	72	structural inventory only
research/results/primitives/freeform_learner_20260222_142537.json	73694f101409c7f95991c0d5ce23fde3152fe5681bee9d74b056929f1748bcd0	bytes hashed	72	structural inventory only
research/results/primitives/freeform_learner_20260222_143031.json	38c63acb3011a303aa8730b97071702c2e76b4cfb4e40f5ed114af59efa376fd	bytes hashed	72	structural inventory only
research/results/primitives/freeform_learner_20260222_143904.json	85f591218532e2af170ff45dd89c51f8198c2e358b6e394b4c7ff74d41f15dfc	bytes hashed	72	structural inventory only
research/results/primitives/freeform_learner_20260222_153436_quick.json	b1a0354a1769be7aa48b5324e6552f140384d304c49f2102522ffd89bab9afea	bytes hashed	72	structural inventory only
research/results/primitives/freeform_learner_20260222_221543_quick.json	a97644b95969528693a2f9f487973f71a63cc5c5806d06de3bf3b2d81ba71111	bytes hashed	72	structural inventory only
research/results/primitives/freeform_learner_20260222_235855_quick.json	25cc4f7db333cabf68ca98ff2f27d47d63a5beb99a46634e29af5f7639a779aa	bytes hashed	72	structural inventory only
research/results/primitives/freeform_learner_20260223_001052_quick.json	c3f1cd6cc87aa47d032594553cee38a7b62aec6aecd966c6df0678ce237fda01	bytes hashed	72	structural inventory only
research/results/primitives/freeform_opt_adj_20260222_163457_quick.json	61ebfb90cbc88eba56b76d96cb57600dab13474a659c4cd0bc9c08e7f07a16db	bytes hashed	83	structural inventory only
research/results/primitives/freeform_opt_adj_20260222_164339_quick.json	3a0e96020a58ec55cbae14418cb5ad0fddbf6460ee8d587b6cc13dc30e6b4abe	bytes hashed	84	structural inventory only
research/results/primitives/freeform_opt_adj_20260222_170428.json	2b18eb217ee4538572c3cd909d32cc90cd9e5aab1d998c7791384e5ac0570acd	bytes hashed	84	structural inventory only
research/results/primitives/freeform_opt_adj_20260222_170449.json	96399303a29ecc7347d958453efea6b214b47f372e2f0699d26f6b7d532da534	bytes hashed	84	structural inventory only
research/results/primitives/freeform_opt_adj_20260222_222024_quick.json	b1b43e988b65d2152b38de3f21e0dc8b57360e8f0da975392b7aae51f43d2813	bytes hashed	84	structural inventory only
research/results/primitives/garden_path_erp_20260222_023128_quick.json	fed40ecb4b176eb49b9589e82b7143f2c3f808d9790818ceb5cc7a662b8f1298	bytes hashed	160	structural inventory only
research/results/primitives/generalization_20260222_030305_quick.json	f20e35f93041d2e348e6865baf8dc77cda01cdfe57d840fb9270bac556f97e3b	bytes hashed	158	structural inventory only
research/results/primitives/grammaticality_judgment_20260222_051811_quick.json	b6438d684e5d4dfd2e92abb86ed0fb13b72b3f71a06b6513c5f63a70939f61f6	bytes hashed	56	structural inventory only
research/results/primitives/grounded_language_20260222_041652_quick.json	7505fcba6cad2561cbfc7169a3e60071c5b7e9d4ec2befa1d90756655a3f703d	bytes hashed	104	structural inventory only
research/results/primitives/incremental_erp_20260222_012535_quick.json	604ab81748822fc3d18b97b8c8f39a9c1b4f10c04fe263946e5516a6afb94c2c	bytes hashed	316	structural inventory only
research/results/primitives/incremental_erp_20260222_020021_quick.json	045fa96f21f2281ba3a8832401913f5a897d4875cb4eff3f8e5da003c72c3065	bytes hashed	316	structural inventory only
research/results/primitives/inhibition_20260206_200256.json	417ac9a7a495ecdf0d5f4b4a06c38cd87bbc3267c1d89e88aa5f3a97ef4ea9da	bytes hashed	261	structural inventory only
research/results/primitives/inhibition_20260210_192246_quick.json	749b77a8c79593ab607f6c3d66699262d65590ff6562ed0bef79255b5827252d	bytes hashed	261	structural inventory only
research/results/primitives/integrated_learner_20260222_043703_quick.json	d9c62f019961d102fb46f8b15485b8c13fc3dc30b57e92db0ea1ab15a72fb3d7	bytes hashed	58	structural inventory only
research/results/primitives/integrated_learner_20260222_043934_quick.json	3fcb4b4a32ba24588fc7a8e8799b6ce2ac1e069ca8ea2ecf6d88e701bb5d3578	bytes hashed	58	structural inventory only
research/results/primitives/integrated_learner_20260222_044607_quick.json	252091ca8394ab086d81638ca4f53d56ea0ae64f3591a03cfaa497f584c22287	bytes hashed	58	structural inventory only
research/results/primitives/integrated_learner_20260222_044913_quick.json	d04137f2b30809b24f0f1cb9ba47876e98499a1e22572d549b5cabedec0a3550	bytes hashed	63	structural inventory only
research/results/primitives/integrated_learner_20260222_045347_quick.json	6b038c4a467f3c0a7a02d66a287d532a241a685f116a9345ac603dd4f42f128a	bytes hashed	63	structural inventory only
research/results/primitives/merge_association_20260206_174143.json	52256d813ba8bbc8ee25344e676876ba8d9388b634d39b599097866845efbfd2	bytes hashed	234	structural inventory only
research/results/primitives/merge_composition_20251128_230503_quick.json	72e9b68d481dbd2ce6ba825e8b287cac6a9e604c4557bab3038a7aeee2bfa55e	bytes hashed	90	structural inventory only
research/results/primitives/merge_composition_20251128_230521_quick.json	8d33e9fe5e1fabb7c232f00d4c6415a0d15e184dade23b5dfcd5c905480cce07	bytes hashed	216	structural inventory only
research/results/primitives/merge_composition_20251128_230715_quick.json	d5caa54c039a24b8018eaf7088e73ff34bab7271c4c201f5e25c87bde53d974c	bytes hashed	216	structural inventory only
research/results/primitives/merge_composition_20251128_230731_quick.json	6876a30d9509722a5c0dfc92f8563d7bb61d9ef0dd36cd7553937a41708c6144	bytes hashed	216	structural inventory only
research/results/primitives/merge_composition_20251128_231227_quick.json	201392fc6281edba4f12ae1e20dc88f432fcea800d8041ed063ad994362a22cd	bytes hashed	216	structural inventory only
research/results/primitives/merge_composition_20260206_145449_full.json	4fae2010d1b3124d7cd9ecd76e3bc9ebc508af87ccab5fb7e4e2a8079672f77d	bytes hashed	2073	structural inventory only
research/results/primitives/merge_composition_20260206_150119.json	5c560792c98d1ffa3e2e710c535a894f1ccef52950932deefda5ce2360f016d7	bytes hashed	314	structural inventory only
research/results/primitives/merge_composition_20260206_150412.json	82d5e15522e68ffda791a3dc06ff7a2f4f7962552ce39a8af091247dd4a9be46	bytes hashed	314	structural inventory only
research/results/primitives/merge_composition_20260207_162041_full.json	86d85353240da54a9060a4123a72b82ad36cb62571ef31a1e7599088eb642afc	bytes hashed	2325	structural inventory only
research/results/primitives/online_word_acquisition_20260222_051750_quick.json	48091a290bb23fd481e7f4488b72c40fb8a3da2cba80409926ef43de8b4f25fa	bytes hashed	50	structural inventory only
research/results/primitives/p600_informativeness_20260222_051811_quick.json	458c17ca494a87fe04ec5bab9baa216d42b145662b9ce212ad711d0af3712ae1	bytes hashed	56	structural inventory only
research/results/primitives/parameter_robustness_20260222_031430_quick.json	0ed7961983f3504e2287e0b5b0d17b68ae9ca9b64dec5f43c0a52528ddfe70dc	bytes hashed	383	structural inventory only
research/results/primitives/prediction_n400_20260222_003336_quick.json	494c49e41608ee4bd160e138228ed25fc8e606f7da467e336d85c0e9e12ec157	bytes hashed	84	structural inventory only
research/results/primitives/prediction_n400_20260222_003744_quick.json	bb630b42bc279789d93e911e6bcf22503c117bd89979c976c89d781abacb9f69	bytes hashed	126	structural inventory only
research/results/primitives/projection_20260206_130128.json	794cdb0ba57c33b834dfa39b8ef8bc665bb34ca107dad3aee6a7e347597022d3	bytes hashed	497	structural inventory only
research/results/primitives/projection_20260206_135502.json	fa3a2c66a555441109ca2407dbc2f3cb544503c187f52ea5d805e410a6f5dfb8	bytes hashed	497	structural inventory only
research/results/primitives/projection_20260206_144109.json	5a372ab6639e54c4c709e991fd31c1020f85bdf256f83a846e94b58c4c7c652c	bytes hashed	497	structural inventory only
research/results/primitives/projection_convergence_20251128_230228_quick.json	6e4f73f2227e6369bf93d0d8cf43e8f53703b2c872a6eff92a752f3c17090b3b	bytes hashed	1521	structural inventory only
research/results/primitives/projection_convergence_20251128_230713_quick.json	e041115fe0f79b2f992d32e4ca8d2f579a8749b645aee97683b802c8e1c2e1cd	bytes hashed	1510	structural inventory only
research/results/primitives/projection_convergence_20251128_230728_quick.json	f59b02bac12de3dca00a35cc238df2ca30f8b3dca9bdffb9dc48f537cea60d26	bytes hashed	1515	structural inventory only
research/results/primitives/projection_convergence_20251128_231224_quick.json	6f7e42a575ee7bad9d45c24ad9f3712848732f1675d6bf3a2fcc0a8df07740d9	bytes hashed	789	structural inventory only
research/results/primitives/rc_asymmetry_20260222_023233_quick.json	e86063f39ca3446de2a8e88507be76eed0f00335df2579a180892ebdae09c04a	bytes hashed	167	structural inventory only
research/results/primitives/recursive_structure_20260222_020806_quick.json	3918b4009b192a555624446a25e3e19cc0ea78ff53c9b5205c428581ec2bfbff	bytes hashed	280	structural inventory only
research/results/primitives/recursive_structure_20260222_023508_quick.json	a8b6fc271269ea42270b68a9c997b2ae87ee2ca3e0319cfe9914aa7b109a5b82	bytes hashed	280	structural inventory only
research/results/primitives/recursive_structure_20260222_031536_quick.json	ac7424f4e83f0eae4b3192073e081b623bfc42aeafb67f96b6f2b2aa3eb328cc	bytes hashed	280	structural inventory only
research/results/primitives/role_discovery_exploration_20260221_225808_quick.json	3c750d1753925e292ecaf8faab7d7b4d2ec24cc7ab0e58f7e5adb8f5faf3c913	bytes hashed	1314	structural inventory only
research/results/primitives/role_discovery_exploration_20260221_230159_quick.json	d9bca79e9a5e72cfc47ac7b80e83f3f9698d70fa1597b2cf7cb7443f0b7c7b55	bytes hashed	1314	structural inventory only
research/results/primitives/role_reuse_20260222_051854_quick.json	8d3e343b77e71a3be39db62e75de6d64d675309aabc049f7dd21bac97c2820a3	bytes hashed	224	structural inventory only
research/results/primitives/role_self_organization_20260221_224933_quick.json	2cb34de6ea27a56c501a68ad149dd530ac36c8e1ca2d4e389ae821501db56d7c	bytes hashed	85	structural inventory only
research/results/primitives/role_self_organization_20260221_225029.json	9aeb60cdb8abec1cb370cf0c66347175b249c433b3d97e58f101d1e72982a697	bytes hashed	85	structural inventory only
research/results/primitives/self_org_exploration_20260221_220649_quick.json	0ab85e11ac9bcb8cc6e67e23a9ca2a5c67dc47c497f1432689d5f730f964be04	bytes hashed	756	structural inventory only
research/results/primitives/semantic_similarity_20260222_030808_quick.json	9d4a818155acc9c8cc7a5d1afbae49c645866ae6a5de45aa397ab89eb20a8ebd	bytes hashed	102	structural inventory only
research/results/primitives/semantic_similarity_20260222_030934_quick.json	0b913d9c4264ef410596987999cd9626efb3c2b0a6be1a51364c07f241b382f1	bytes hashed	102	structural inventory only
research/results/primitives/sentence_generation_20260222_033150_quick.json	eae2d8d844ee2285be58b459ecdff707a9a58d26c039c596e20b722c5b759944	bytes hashed	526	structural inventory only
research/results/primitives/subgrammar_decomposition_20260222_035327_quick.json	92bbc2c0b47520d5e3ffc3671656f9d17b5c8f09f6660072d7fe2a4ab4c1361e	bytes hashed	128	structural inventory only
research/results/primitives/unified_phenomena_20260222_030824_quick.json	889e20fade5c2d601f5b16c0bb2c5bc8144180b9a0a58eee81d22ebdac4258c3	bytes hashed	269	structural inventory only
research/results/primitives/unsupervised_binding_20260222_041626_quick.json	42d3de52acf0b21f6f35c31498f0a1f8acb0e6aa747ba1d63023d9c5a49cc2ba	bytes hashed	61	structural inventory only
research/results/primitives/unsupervised_binding_20260222_044036_quick.json	6689280db97e06b88088f198cc7772f55247060fe35b976b49a1bb241c8ee5cb	bytes hashed	61	structural inventory only
research/results/primitives/variable_incremental_20260222_020000_quick.json	9df7ee210655dbc40bf80e18f3a164843b908032a5e30b479878273aa5f1b1f7	bytes hashed	577	structural inventory only
research/results/primitives/variable_incremental_20260222_020840_quick.json	669067a715d8820d6eca3bba126f7da1d2e80882cacafc5e6a26f3d1c4d8feb6	bytes hashed	577	structural inventory only
research/results/primitives/variable_length_20260222_015945_quick.json	fc07de3cb6a93e5d1875c5a92bdb834f8759dee8db7b198e136e68ecd1e9cf94	bytes hashed	239	structural inventory only
research/results/primitives/variable_length_20260222_020831_quick.json	df32c355670c466c7ba0142a762452521e5e29025bb653510f291448976909b9	bytes hashed	239	structural inventory only
research/results/primitives/vocabulary_scaling_20260222_051825_quick.json	6e242db5c1d29e1260b16230e8627c141c6028875fd8eb7decb506cb39f5d8e0	bytes hashed	131	structural inventory only
research/results/sequence/seq_a1_exactness_sweep_results.json	0632082687c2ef6cefbe6e5f4d4a0f3e676cf20217b34db62b56e5cb9806c4c0	bytes hashed	438	structural inventory only
research/results/sequence/seq_a1_exactness_sweep_results_materialized.json	d259a1b10d1c4b4b9460ec3844c89b2163bb83f628aaa3a961e6ec7ecd790a0b	bytes hashed	438	structural inventory only
research/results/sequence/seq_a1_horizon_materialized_check.json	b8bcac6fb563ffea8a50b2a68afaf9e35cbe481d80c188c4c6b04c99d431d786	bytes hashed	56	structural inventory only
research/results/sequence/seq_a1_horizon_results.json	6443f4f5fd83342877d63e348bb433fe514e0523fbee2024b793c9039ee5bf3c	bytes hashed	162	structural inventory only
research/results/sequence/seq_a1_horizon_results_hashed.json	f6110a9d9e4372f6908d04e6ab4eec933678a6974a37a75b2d2db77f8d2fba00	bytes hashed	729	structural inventory only
research/results/sequence/seq_a1_horizon_results_hashed_int8_timing.json	f6110a9d9e4372f6908d04e6ab4eec933678a6974a37a75b2d2db77f8d2fba00	bytes hashed	729	structural inventory only
research/results/sequence/seq_a1_local_regime_results.json	ba35ebcb8836fade5c2aeab1c6f01592ee54f321c7c0a7af48f2ec63278d07b7	bytes hashed	142	structural inventory only
research/results/sequence/seq_a1_local_regime_results_materialized.json	de5f99d11e2e2e2763e42ad8e3d666416ad84483cd77a366ce116c342721695e	bytes hashed	142	structural inventory only
research/results/sequence/seq_a2_refraction_load_results.json	fbd840d2ea749bc969cca219dbec1eefdff61f8cc1f5500ac5651665404930f7	bytes hashed	72	structural inventory only
research/results/sequence/seq_a2_refraction_load_results_materialized.json	6355d1ca4979cf88975c23a765d9ba436d2d07bdf8e8969e4caf7f98b1a48d4f	bytes hashed	72	structural inventory only
research/results/sequence/seq_a3_transducer_results.json	15656987eed7d680b512ca5c427be646b8b0e02d0efde7bbe22f457886078269	bytes hashed	112	structural inventory only
research/results/sequence/seq_a3_transducer_results_hashed.json	8fea4c9616c60d981e50c5406f04bb18c6a3a47b9a83a6f59ba61856f719b1a7	bytes hashed	275	structural inventory only
research/results/sequence/seq_a3_transducer_results_hashed_binomial_stimuli.json	42cc2a262eccfc2a4a4483edd6d8505af83ad741282ea908a0b476ceeda6f2c2	bytes hashed	275	structural inventory only
research/results/sequence/seq_a3_transducer_results_hashed_s0.05.json	fc87b82b8d601738c0027d5036cde3507735f4537f23c7abb9f6633dfc0e82d7	bytes hashed	125	structural inventory only
research/results/sequence/seq_a3_transducer_results_register_chain_gap2.json	587ce5dfd9a56b4b073ce74de11a905fb4eb7ecc94787a9d56bf14612149996f	bytes hashed	301	structural inventory only
research/results/sequence/seq_a3_transducer_results_successor_chain.json	686b39ce752489f7995b972ed8f0b2bc5587b54b2f76610c88527cf4490d9af7	bytes hashed	100	structural inventory only
research/results/sequence/seq_a3_transducer_results_successor_chain_gap2_g0.3.json	bcb74ef5a5274689d02ec95617d2648c5c0e80751f3f84dec7e2de7871edc0f4	bytes hashed	255	structural inventory only
research/results/sequence/seq_a3_transducer_results_successor_chain_gap2_g1.0.json	7fbfc59f47892b934f3c130dd49b925720efc676bdf0c728e57d843bb21ecc6c	bytes hashed	313	structural inventory only
research/results/sequence/seq_a3_transducer_results_temporal_chain_gap2.json	64b035817a0a5119ae41449181d94f5151e072515e19fde394ce29cf1fb81cca	bytes hashed	339	structural inventory only
research/results/sequence/seq_a3_transducer_results_temporal_chain_gap2_amend2_fresh.json	3bedc5af7598e532531562f661dc67150b7d338a9453bf472656d6201ed72971	bytes hashed	273	structural inventory only
research/results/sequence/seq_a3_transducer_results_temporal_chain_gap3_amend2_gap3.json	71a7797255a05ec1bf75e28c9c5f5c672b2e2649d5a0af1564a220113ed043e4	bytes hashed	168	structural inventory only
research/results/sequence/seq_s5_arc_clip.json	2f62bdf1b1f49066723bf1b3f3bf4cb93be07dbfb5fe5fe0efcb8b98b7a19b2d	bytes hashed	1	structural inventory only
research/results/sequence/seq_s5_arc_drift.json	22e1fde0d02fba75c3f0ca42e2e1abc30e9a03df69739415f620c987128c3cc4	bytes hashed	65	structural inventory only
research/results/sequence/seq_s5_soft_census_results.json	75bcd0103aa6a537714b5e68df0094e15585dfb6ea8b70f6ac5679fe111b3f46	bytes hashed	611	structural inventory only
research/results/sequence/seq_s5_soft_census_results_hashed.json	e1c8217448916a055054f0a112a1d4452bf54139e72835603be52bc67f9672bc	bytes hashed	610	structural inventory only
research/results/sequence/seq_s5_soft_census_results_hashed_amend4_100.json	8d10c803fcdbc28b6b8a850c164fb463bd937dd29d541ff38bdd3d04ac608c3b	bytes hashed	8528	structural inventory only
research/results/sequence/seq_s5_soft_census_results_hashed_amend5_p15.json	af423313467d36a9ca4ce930e6650b04f806f85aaed9ce2d430190d686a74961	bytes hashed	1870	structural inventory only
research/results/sequence/seq_s5_soft_census_results_hashed_amend5_p30.json	f07c176b194810349482a30f5d3596d6812ad12d8fa646328c3e6a4fa7ecee56	bytes hashed	2162	structural inventory only
research/results/sequence/seq_s5_soft_census_results_hashed_amend5_p8.json	a2e0ab9b90d7c1862e60abb4f4d41ce562890fe5d9b8fa86644e5c0dc2f61c56	bytes hashed	425922	structural inventory only
research/results/sequence/seq_s5_soft_census_results_hashed_amend6_s0.0.json	4bc56ad9d4f98af22b93731d54239a9cd9e5e63041814dbd697940ee90e8f92a	bytes hashed	25876	structural inventory only
research/results/sequence/seq_s5_soft_census_results_hashed_amend6_s0.05.json	b884b39835307e2f5f5cf139e4db6b5bc7e8882b39d36bc0bcf11eae211269cd	bytes hashed	374088	structural inventory only
research/results/sequence/seq_s5_soft_census_results_hashed_amend6_s0.08.json	2ee02840c74432ea9399003469849f089d2d5725096bf2ae7f7ec6d588a47bca	bytes hashed	6396	structural inventory only
research/results/sequence/seq_s5_soft_census_results_hashed_amend6_s0.1.json	7c6ad9837e758f68953d8257c670026f54266e82739c0ddd4d0f2d68d126ad0f	bytes hashed	2170	structural inventory only
research/results/sequence/seq_s5_soft_census_results_hashed_amend7_norm.json	429c40f85a24ddd940731e33726cd07baf8a3e5f2fb9e3768b188414b7fd54c8	bytes hashed	1974	structural inventory only
research/results/sequence/seq_s5_soft_census_results_hashed_amend7_p20.json	628ca5665d9658f99643492b6cbcd3f733c92123dfdd6b6715352fca882e1e74	bytes hashed	1902	structural inventory only
research/results/sequence/seq_s5_soft_census_results_hashed_amend7_p24.json	628ca5665d9658f99643492b6cbcd3f733c92123dfdd6b6715352fca882e1e74	bytes hashed	1902	structural inventory only
research/results/sequence/seq_s5_soft_census_results_hashed_amend8_p20_groups.json	d464d9be780cff86ed177427cdc3854019aab14dcb8f89f1f34c6a032c495d78	bytes hashed	7602	structural inventory only
research/results/sequence/seq_s5_soft_census_results_hashed_amend8_p28.json	0b2fc7894941e3de68167b314a9f26e9c4bb780540d4f0df4d9e178c47337497	bytes hashed	1902	structural inventory only
research/results/sequence/seq_tm_high_order_results.json	4b3f3900b606a6c39f274b3f7126121218b255fd456a1751cc219ec7f06a16d8	bytes hashed	17794	structural inventory only
research/results/sequence/seq_tm_high_order_results_p20.json	1acda5fb582f2fb284cc3beb116bf06cfa78e0062185b2fadd1aed3ea2311a36	bytes hashed	9334	structural inventory only
research/results/stability/RESULTS_assembly_distinctiveness.md	879cae8c9b74a972e117870aeb8dbef687eff44e62c9cb364910a78902d848ca	bytes hashed	115	structural inventory only
research/results/stability/RESULTS_attractor_dynamics.md	9a13985c21e5d6252db3b500c40f755cf64b388765f7b3a62a5fb444df216bb5	bytes hashed	154	structural inventory only
research/results/stability/RESULTS_loop_switching.md	3f492cf127311a6ce6c10a9b517f60083a668165ba37f16f0f6aaefb3d54be77	bytes hashed	107	structural inventory only
research/results/stability/RESULTS_noise_robustness.md	2e0cc6f4efb599b5a8b355701795d45396f7630e6dfe9c4c5b8606f108738416	bytes hashed	79	structural inventory only
research/results/stability/RESULTS_phase_diagram.md	bd1b1e75aa62dc256adf8a5f6ba96977d69f8e468325bc8a9d0c589e7f0eb2aa	bytes hashed	94	structural inventory only
research/results/stability/RESULTS_recurrent_loops.md	1a8c23eb443a7d5a804bf8dd04cc33051dc4c1de4356a67a6f160d00c9d4795a	bytes hashed	114	structural inventory only
research/results/stability/RESULTS_scaling_laws.md	1710fa12741cbb83c19a3ea41bfe3e3a92b1a94ce2cb0f4c6fd2d3e3b2ccc492	bytes hashed	88	structural inventory only
research/results/stability/assembly_distinctiveness_20251128_232403_quick.json	5953c2e8ebe7f3ebe2edb468b13fa6d5d11001f21f5212f6286e19328b743230	bytes hashed	121	structural inventory only
research/results/stability/assembly_distinctiveness_20260206_124740.json	382a88172ca07daa21e6587cf8a14e072f4f15813b09e68ff726caf51aa02be8	bytes hashed	274	structural inventory only
research/results/stability/assembly_distinctiveness_20260206_131609.json	c80b7ff3aa1bad20015842b6ed0724c86096fef64e9a85544621d2fc338dd822	bytes hashed	500	structural inventory only
research/results/stability/assembly_distinctiveness_20260206_132152.json	cc65cfbaf17ae1be25317368e66da40b48a80974ed788e25b2fd8d12bc64094a	bytes hashed	397	structural inventory only
research/results/stability/assembly_distinctiveness_20260206_135322.json	f8b4a96d5f9dc76da7f54612bed30049537a9b9ff1c53c6102b3d8a319a2589f	bytes hashed	397	structural inventory only
research/results/stability/assembly_distinctiveness_20260206_160448.json	c007d0a13d81850e04b9bcb6bb09e1d63870a2e68fc14fdbaa74fdf19aaaa3c3	bytes hashed	397	structural inventory only
research/results/stability/attractor_dynamics_20260206_121741.json	e879e76feb0158deb98815ca3a5b80d0c0de5a15b36959fb5e97f99daece34a7	bytes hashed	1259	structural inventory only
research/results/stability/loop_switching_20260206_174736.json	5700b253d5d5a51b4db90a7e914fbe1624d5364c87c2c1d73e949102ec3ec945	bytes hashed	273	structural inventory only
research/results/stability/loop_switching_20260206_191220.json	6b2a3dff155ffd0b47ff578d16c9e393448630227e79792df22cfd71ad70c330	bytes hashed	369	structural inventory only
research/results/stability/loop_switching_20260210_194639_quick.json	e2688fd64e68b0b03499205f7af52bb5c09080d95e7514b4632d9ebe4d157f6a	bytes hashed	375	structural inventory only
research/results/stability/loop_switching_20260210_194930_quick.json	4d724a2acdfb17862bfa248f93583f3ff2592e84437dafef1874959e4cab541d	bytes hashed	375	structural inventory only
research/results/stability/noise_robustness_20251128_231117_quick.json	0e3ade9d2761184522ab59bd5368e186926acd3a12451045715a7efe0cfa3518	bytes hashed	781	structural inventory only
research/results/stability/noise_robustness_20251128_231235_quick.json	98abfffaf8e5a7b88ceb07039c2b83ec8f62727285cb9315f2e8a62f7fab5f60	bytes hashed	781	structural inventory only
research/results/stability/noise_robustness_20260206_154726_quick.json	f7a17d8468551fa4c6ae02dba05b18656c58acfa9d719799b5bbacea4eaf5f5e	bytes hashed	300	structural inventory only
research/results/stability/noise_robustness_20260206_155043_quick.json	ac6aea7321e351c515aab7a9ea2645438cf0f8739883b64b31052f9336729250	bytes hashed	630	structural inventory only
research/results/stability/noise_robustness_20260206_155522.json	43bfa7623483937e5b1b45ae96902ebdadefeaac76dc12465aeb96efe632f9dc	bytes hashed	970	structural inventory only
research/results/stability/noise_robustness_v2_20251128_232255_quick.json	aab7826ce1624563b7b9c92658d08eea5142056752db4a0eb284df9fbe77b7c9	bytes hashed	49	structural inventory only
research/results/stability/phase_diagram_20251128_230642_quick.json	17147b1907aba575f93ce764efb6d025d5519015d7fdd4aeed994b703ee2fb5e	bytes hashed	121	structural inventory only
research/results/stability/phase_diagram_20251128_231227_quick.json	be6f16e99189623e18b0d00bad70c2742a806179a9c6f51dd1aa22a79d5eab50	bytes hashed	121	structural inventory only
research/results/stability/phase_diagram_20260206_123808.json	58c986c83fbbab612a1b12e4e69bd4e49cf27eed84f0645cff35a92615fe061e	bytes hashed	917	structural inventory only
research/results/stability/phase_diagram_20260206_160402.json	14bf7fe9fe6969f102864dc3b0a850c7a9998747c09bc3e204bc2837b9bc27cd	bytes hashed	909	structural inventory only
research/results/stability/recurrent_loops_20260206_171955.json	c4206b0ebe1a739b28b43531a443632804280740cdfb4eeaffe716c7ccfd223b	bytes hashed	1193	structural inventory only
research/results/stability/scaling_laws_20251128_231109_quick.json	8939d961dbaf1b2e308697bb5d8ce45ea1f7088d162ba77c3afb556f2cf2b44e	bytes hashed	127	structural inventory only
research/results/stability/scaling_laws_20251128_231235_quick.json	6c9fd689ac913081df2c797996fcded06029cebafa887ef7b006fe90468d9f78	bytes hashed	127	structural inventory only
research/results/stability/scaling_laws_20260206_155822.json	0981f63a4712bf72e75e904970405b22518ce92bdb5d57679d39cdd7b301a2d4	bytes hashed	235	structural inventory only
research/results/substrate/parity_errors.json	d00c6d3002edbb9e6fff5918d4c16611c04c2053f60a950593d71a26f09a76ae	bytes hashed	21	structural inventory only
research/results/sweeps/_prog_err.txt	e3b0c44298fc1c149afbf4c8996fb92427ae41e4649b934ca495991b7852b855	bytes hashed	0	structural inventory only
research/results/sweeps/_prog_test.txt	6dc2155613326f827ceeaf5f2af71f4b6d77effc85ae79b24949172b08514d43	bytes hashed	0	structural inventory only
research/results/sweeps/_vis_smoke.csv	e5bc895519422822a1208f1cc8a487f88f4236adc090a8cf20e98850e2a035e7	bytes hashed	2	structural inventory only
research/results/sweeps/_vis_smoke_fast.csv	a9745d4e5c785aeb8e6f3f3476a9bb62ba9372c5c4f48b9e34fe7fff26647b4a	bytes hashed	2	structural inventory only
research/results/sweeps/dynamics_n300.csv	48c31826fcb93d36a2a4c79b38479275861dcb5b662d4dded39a9b13ed4a4bc6	bytes hashed	5	structural inventory only
research/results/sweeps/dynamics_n300_two_word.csv	78514e9a2f3247de7a7d4dc1dee66302f77fed560828fe7b32502dec9e33bee5	bytes hashed	13	structural inventory only
research/results/sweeps/dynamics_smoke.csv	3c6b9bdbcd55cca66fe739311c5d545ca0ab99950b25c13fece2fc213d9f916e	bytes hashed	17	structural inventory only
research/results/sweeps/explore_checkpoint.csv	09cfb4da550601b0e82bbeeb404579dced6ab7d0a3a8c026c4a928198fcca186	bytes hashed	19	structural inventory only
research/results/sweeps/explore_perf2.csv	944e7fb84e1d4fbb250ebef0850dbdd0debd4277d0cc6b513fc70e86d2e46a5a	bytes hashed	19	structural inventory only
research/results/sweeps/explore_perf3.csv	b9fe2cdba29b2c3146f9307a9db070c2990d4395bd7c05a61200d59a6c5e44f4	bytes hashed	19	structural inventory only
research/results/sweeps/gpu.csv	dc2defa63af90f349d3339f531947222821542dd27adb2d29912d03d9261bb33	bytes hashed	3	structural inventory only
research/theory/README.md	b0c715eafe1443c14703c2da4d5dda664da8162e49c5e7484355cf3229e87a51	bytes hashed	23	structural inventory only
research/theory/assembly_statmech.tex	273b250d7d5546b5a96702c46c08d4afb2ebc2c482f2d582263c14b1b7044fe9	bytes hashed	433	structural inventory only
research/theory/role_binding_design.md	4a4fe5e6bc3be3b52b70785695256a40c11f9ef08a0646ca92ff0164433e201a	bytes hashed	216	structural inventory only
scripts/bench_cross_domain_iterate.py	7a4ee6c1a8c4a645ed189c599ee2e78f29c263315c051de49eba137f5a1359bd	Python AST parsed	55	structural inventory only
scripts/bench_merge_consol.py	c97a5b889881d802acff5b71bbe53b60b58f238b29f04e477b5af6df73bded75	Python AST parsed	10	structural inventory only
scripts/bench_tiers.py	77379650dcfb92230814d0871c9d321b363af8702de13796c02c887339216e1c	Python AST parsed	20	structural inventory only
scripts/check_gpu_engines.py	9f91db473da281ed54b9b01614a34dda8e8520ca0a4320e930459e430d016a4a	Python AST parsed	59	structural inventory only
scripts/check_stim_fastpath_equivalence.py	5ad4b14239278ce3904cc19a84e07cb79f28da309ce4280d6783881ee51eaf11	Python AST parsed	120	structural inventory only
scripts/codemod_emergent_imports.py	76253d3d7273970266e411d73d73d5da7beb3ed8b07461578258855a74f12857	Python AST parsed	87	structural inventory only
scripts/install_rust_kernels.py	d724b156d9986bf13d7fae67693aa5fc2e364c9b1746951e7116e6f369848a13	Python AST parsed	62	structural inventory only
tests/README.md	971ca4c010abd1c557831973cbd59fc42c717b649ef949df130c28c9853e979c	bytes hashed	36	structural inventory only
tests/conftest.py	9f7594e021a98659928acd8c691ba47b653159c8b8d69ae1a4aa8432b324aeff	Python AST parsed	17	structural inventory only
tests/performance/test_cpp.py	63361d6a0d563305c1c7a5317790f4c8f65cc944a31abc9f14c84e39f119dff6	Python AST parsed	35	structural inventory only
tests/performance/test_cuda.py	5238833f3ef53a740c8ddb0c2b967710652a2305ce13d8d48e6f90745539fd6e	Python AST parsed	197	structural inventory only
tests/performance/test_cuda_env.py	58e671c8a38d55948a043ed71851c53d7c460c2011c8cb8bda7298c5679a14fa	Python AST parsed	85	structural inventory only
tests/performance/test_simple_cuda.py	ee8f5552a3c3ae7ed0d36971738b2ed70efe79352743b8f1b9e774b25f414795	Python AST parsed	61	structural inventory only
tests/test_legacy_archived_layout.py	235024e09d81102c202cb8a53ae2bf795ed702633e95ccc693184adcd7fb2ead	Python AST parsed	23	structural inventory only
tests/test_legacy_root_shims.py	97940c15a94f11a457439d4c1b3f6ecfc3678bd2f942d0480eae57e53b53edc7	Python AST parsed	55	structural inventory only
tests/test_root_cleanliness.py	9e56717164091566d7e82a91abd2c05b5d9ba37a5480eb1c4a741b3fe5a959d6	Python AST parsed	45	structural inventory only
tests/test_simulations.py	a4b0038a3f7b37024fde99fafed4161a66c3360918462e5ca0396f160885f172	Python AST parsed	59	structural inventory only
uv.lock	8b8d39e3ffa3fdf198e156cda67176bd787618f5bce4dc3af68669916e20f60e	bytes hashed	4128	structural inventory only
