{
  "experiment_name": "assembly_distinctiveness",
  "timestamp": "2026-02-06T16:04:48.724947",
  "parameters": {
    "n_seeds": 10,
    "base_n": 1000,
    "base_k": 100,
    "base_p": 0.05,
    "base_beta": 0.1,
    "base_wmax": 20.0,
    "train_rounds": 30
  },
  "metrics": {
    "h1_distinctiveness": [
      {
        "n_stimuli": 2,
        "pairwise_overlap": {
          "mean": 0.121,
          "std": 0.02846049894151542,
          "sem": 0.009000000000000001,
          "ci95_lo": 0.10336,
          "ci95_hi": 0.13863999999999999,
          "min": 0.09,
          "max": 0.19,
          "n": 10
        },
        "test_vs_identical": {
          "t": -97.66666666666666,
          "p": 6.273039344950601e-15,
          "d": -30.884911814311167,
          "sig": "True"
        },
        "test_vs_chance": {
          "t": 2.333333333333332,
          "p": 0.044503537305576525,
          "d": 0.7378647873726214,
          "sig": "True"
        }
      },
      {
        "n_stimuli": 3,
        "pairwise_overlap": {
          "mean": 0.11099999999999999,
          "std": 0.016781088709365826,
          "sem": 0.005306646193893137,
          "ci95_lo": 0.10059897345996945,
          "ci95_hi": 0.12140102654003053,
          "min": 0.09333333333333332,
          "max": 0.1466666666666667,
          "n": 10
        },
        "test_vs_identical": {
          "t": -167.5257719316311,
          "p": 4.89290205969531e-17,
          "d": -52.976300608186,
          "sig": "True"
        },
        "test_vs_chance": {
          "t": 2.0728723186141047,
          "p": 0.0680466508069889,
          "d": 0.6554997825534815,
          "sig": "False"
        }
      },
      {
        "n_stimuli": 5,
        "pairwise_overlap": {
          "mean": 0.1036,
          "std": 0.00882169044017201,
          "sem": 0.00278966346038769,
          "ci95_lo": 0.09813225961764012,
          "ci95_hi": 0.10906774038235988,
          "min": 0.094,
          "max": 0.11800000000000002,
          "n": 10
        },
        "test_vs_identical": {
          "t": -321.32908242466766,
          "p": 1.393688352292942e-19,
          "d": -101.61317789139305,
          "sig": "True"
        },
        "test_vs_chance": {
          "t": 1.2904782426693453,
          "p": 0.22905017004892933,
          "d": 0.408085051772662,
          "sig": "False"
        }
      },
      {
        "n_stimuli": 8,
        "pairwise_overlap": {
          "mean": 0.1059642857142857,
          "std": 0.004354767762759999,
          "sem": 0.0013770984811397376,
          "ci95_lo": 0.10326517269125182,
          "ci95_hi": 0.10866339873731959,
          "min": 0.1025,
          "max": 0.11571428571428573,
          "n": 10
        },
        "test_vs_identical": {
          "t": -649.2169779649871,
          "p": 2.484986740597867e-22,
          "d": -205.30043460207054,
          "sig": "True"
        },
        "test_vs_chance": {
          "t": 4.331052423606942,
          "p": 0.001902173487846392,
          "d": 1.3695990324190348,
          "sig": "True"
        }
      }
    ],
    "h2_recovery": [
      {
        "n_stimuli": 2,
        "recovery_overlap": {
          "mean": 1.0,
          "std": 0.0,
          "sem": 0.0,
          "ci95_lo": 1.0,
          "ci95_hi": 1.0,
          "min": 1.0,
          "max": 1.0,
          "n": 10
        },
        "test_recovery_vs_chance": {
          "t": Infinity,
          "p": 0.0,
          "d": Infinity,
          "sig": true
        }
      },
      {
        "n_stimuli": 3,
        "recovery_overlap": {
          "mean": 1.0,
          "std": 0.0,
          "sem": 0.0,
          "ci95_lo": 1.0,
          "ci95_hi": 1.0,
          "min": 1.0,
          "max": 1.0,
          "n": 10
        },
        "test_recovery_vs_chance": {
          "t": Infinity,
          "p": 0.0,
          "d": Infinity,
          "sig": true
        }
      },
      {
        "n_stimuli": 5,
        "recovery_overlap": {
          "mean": 1.0,
          "std": 0.0,
          "sem": 0.0,
          "ci95_lo": 1.0,
          "ci95_hi": 1.0,
          "min": 1.0,
          "max": 1.0,
          "n": 10
        },
        "test_recovery_vs_chance": {
          "t": Infinity,
          "p": 0.0,
          "d": Infinity,
          "sig": true
        }
      },
      {
        "n_stimuli": 8,
        "recovery_overlap": {
          "mean": 1.0,
          "std": 0.0,
          "sem": 0.0,
          "ci95_lo": 1.0,
          "ci95_hi": 1.0,
          "min": 1.0,
          "max": 1.0,
          "n": 10
        },
        "test_recovery_vs_chance": {
          "t": Infinity,
          "p": 0.0,
          "d": Infinity,
          "sig": true
        }
      }
    ],
    "h3_capacity_vs_k": [
      {
        "k": 10,
        "k_over_n": 0.01,
        "null_overlap": 0.01,
        "theoretical_capacity": 100,
        "pairwise_overlap": {
          "mean": 0.011000000000000001,
          "std": 0.01286683937707919,
          "sem": 0.004068851871911235,
          "ci95_lo": 0.0030250503310539807,
          "ci95_hi": 0.01897494966894602,
          "min": 0.0,
          "max": 0.030000000000000006,
          "n": 10
        },
        "test_vs_chance": {
          "t": 0.24576957615571232,
          "p": 0.811373655241246,
          "d": 0.07771916402262602,
          "sig": "False"
        }
      },
      {
        "k": 20,
        "k_over_n": 0.02,
        "null_overlap": 0.02,
        "theoretical_capacity": 50,
        "pairwise_overlap": {
          "mean": 0.028500000000000004,
          "std": 0.012703892666773004,
          "sem": 0.004017323597731316,
          "ci95_lo": 0.020626045748446627,
          "ci95_hi": 0.03637395425155338,
          "min": 0.005,
          "max": 0.05,
          "n": 10
        },
        "test_vs_chance": {
          "t": 2.1158365247948074,
          "p": 0.06346536690734213,
          "d": 0.669086257492692,
          "sig": "False"
        }
      },
      {
        "k": 50,
        "k_over_n": 0.05,
        "null_overlap": 0.05,
        "theoretical_capacity": 20,
        "pairwise_overlap": {
          "mean": 0.0546,
          "std": 0.0068019605016985145,
          "sem": 0.002150968773986891,
          "ci95_lo": 0.0503841012029857,
          "ci95_hi": 0.05881589879701431,
          "min": 0.038,
          "max": 0.06200000000000001,
          "n": 10
        },
        "test_vs_chance": {
          "t": 2.138571259439415,
          "p": 0.06116319215107388,
          "d": 0.6762756118403416,
          "sig": "False"
        }
      },
      {
        "k": 100,
        "k_over_n": 0.1,
        "null_overlap": 0.1,
        "theoretical_capacity": 10,
        "pairwise_overlap": {
          "mean": 0.1099,
          "std": 0.007340148348485724,
          "sem": 0.002321158714473823,
          "ci95_lo": 0.1053505289196313,
          "ci95_hi": 0.1144494710803687,
          "min": 0.099,
          "max": 0.122,
          "n": 10
        },
        "test_vs_chance": {
          "t": 4.2651111870409935,
          "p": 0.00209532688353378,
          "d": 1.348746582491397,
          "sig": "True"
        }
      },
      {
        "k": 200,
        "k_over_n": 0.2,
        "null_overlap": 0.2,
        "theoretical_capacity": 5,
        "pairwise_overlap": {
          "mean": 0.20329999999999998,
          "std": 0.009744514126192006,
          "sem": 0.003081485933045217,
          "ci95_lo": 0.19726028757123135,
          "ci95_hi": 0.20933971242876862,
          "min": 0.191,
          "max": 0.2245,
          "n": 10
        },
        "test_vs_chance": {
          "t": 1.0709119144797814,
          "p": 0.3120860342973915,
          "d": 0.3386520823167563,
          "sig": "False"
        }
      }
    ],
    "h4_distinctiveness_vs_n": [
      {
        "n": 200,
        "k": 14,
        "null_overlap": 0.07,
        "pairwise_overlap": {
          "mean": 0.10857142857142857,
          "std": 0.030823909205109065,