{
  "experiment_name": "assembly_distinctiveness",
  "timestamp": "2026-02-06T13:21:52.352398",
  "parameters": {
    "n_seeds": 10,
    "base_n": 1000,
    "base_k": 100,
    "base_p": 0.05,
    "base_beta": 0.1,
    "base_wmax": 20.0,
    "train_rounds": 30
  },
  "metrics": {
    "h1_distinctiveness": [
      {
        "n_stimuli": 2,
        "pairwise_overlap": {
          "mean": 0.884,
          "std": 0.008432740427115686,
          "sem": 0.0026666666666666687,
          "ci95_lo": 0.8787733333333333,
          "ci95_hi": 0.8892266666666667,
          "min": 0.87,
          "max": 0.9,
          "n": 10
        },
        "test_vs_identical": {
          "t": -43.49999999999996,
          "p": 8.954411502908998e-12,
          "d": -13.755907821732437,
          "sig": "True"
        },
        "test_vs_chance": {
          "t": 293.9999999999997,
          "p": 3.101414946278173e-19,
          "d": 92.97096320895027,
          "sig": "True"
        }
      },
      {
        "n_stimuli": 3,
        "pairwise_overlap": {
          "mean": 0.8986666666666666,
          "std": 0.021953936062628385,
          "sem": 0.006942444156361469,
          "ci95_lo": 0.8850594761201981,
          "ci95_hi": 0.9122738572131351,
          "min": 0.86,
          "max": 0.93,
          "n": 10
        },
        "test_vs_identical": {
          "t": -14.596204312350151,
          "p": 1.4294838239416014e-07,
          "d": -4.615725082019824,
          "sig": "True"
        },
        "test_vs_chance": {
          "t": 115.04113661970705,
          "p": 1.4387474158252191e-15,
          "d": 36.379201633287806,
          "sig": "True"
        }
      },
      {
        "n_stimuli": 5,
        "pairwise_overlap": {
          "mean": 0.8862,
          "std": 0.009016035098028891,
          "sem": 0.0028511206373790783,
          "ci95_lo": 0.880611803550737,
          "ci95_hi": 0.891788196449263,
          "min": 0.8680000000000001,
          "max": 0.9000000000000001,
          "n": 10
        },
        "test_vs_identical": {
          "t": -39.91413008206198,
          "p": 1.9351824208120845e-11,
          "d": -12.621956188355929,
          "sig": "True"
        },
        "test_vs_chance": {
          "t": 275.75122206078316,
          "p": 5.520819453204838e-19,
          "d": 87.20019292869446,
          "sig": "True"
        }
      },
      {
        "n_stimuli": 8,
        "pairwise_overlap": {
          "mean": 0.8909642857142858,
          "std": 0.008822464755029706,
          "sem": 0.002789908320245333,
          "ci95_lo": 0.8854960654066049,
          "ci95_hi": 0.8964325060219667,
          "min": 0.8764285714285714,
          "max": 0.9014285714285715,
          "n": 10
        },
        "test_vs_identical": {
          "t": -39.08218542325652,
          "p": 2.3368075487747684e-11,
          "d": -12.358872187452237,
          "sig": "True"
        },
        "test_vs_chance": {
          "t": 283.5090601273707,
          "p": 4.3009998398484267e-19,
          "d": 89.6534367296118,
          "sig": "True"
        }
      }
    ],
    "h2_recovery": [
      {
        "n_stimuli": 2,
        "recovery_overlap": {
          "mean": 0.9869999999999999,
          "std": 0.006749485577105536,
          "sem": 0.0021343747458109517,
          "ci95_lo": 0.9828166254982104,
          "ci95_hi": 0.9911833745017894,
          "min": 0.975,
          "max": 0.995,
          "n": 10
        },
        "test_recovery_vs_chance": {
          "t": 415.5783803855804,
          "p": 1.3768978853235818e-20,
          "d": 131.41742283422775,
          "sig": "True"
        }
      },
      {
        "n_stimuli": 3,
        "recovery_overlap": {
          "mean": 0.9846666666666668,
          "std": 0.007403702777314539,
          "sem": 0.002341256389522835,
          "ci95_lo": 0.980077804143202,
          "ci95_hi": 0.9892555291901316,
          "min": 0.9766666666666666,
          "max": 0.9966666666666667,
          "n": 10
        },
        "test_recovery_vs_chance": {
          "t": 377.8597981090692,
          "p": 3.2417733636476916e-20,
          "d": 119.48975982360436,
          "sig": "True"
        }
      },
      {
        "n_stimuli": 5,
        "recovery_overlap": {
          "mean": 0.9861999999999999,
          "std": 0.0044671641514002535,
          "sem": 0.0014126413400278057,
          "ci95_lo": 0.9834312229735453,
          "ci95_hi": 0.9889687770264544,
          "min": 0.978,
          "max": 0.992,
          "n": 10
        },
        "test_recovery_vs_chance": {
          "t": 627.3354565586735,
          "p": 3.3832313269883277e-22,
          "d": 198.3808899707024,
          "sig": "True"
        }
      },
      {
        "n_stimuli": 8,
        "recovery_overlap": {
          "mean": 0.9848750000000001,
          "std": 0.00458143900246782,
          "sem": 0.001448778220892809,
          "ci95_lo": 0.9820353946870501,
          "ci95_hi": 0.98771460531295,
          "min": 0.97875,
          "max": 0.9924999999999999,
          "n": 10
        },
        "test_recovery_vs_chance": {
          "t": 610.7732620764386,
          "p": 4.30435238790261e-22,
          "d": 193.14346420924883,
          "sig": "True"
        }
      }
    ],
    "h3_capacity_vs_k": [
      {
        "k": 10,
        "k_over_n": 0.01,
        "null_overlap": 0.01,
        "theoretical_capacity": 100,
        "pairwise_overlap": {
          "mean": 0.9879999999999999,
          "std": 0.026997942308422136,
          "sem": 0.008537498983243803,
          "ci95_lo": 0.971266501992842,
          "ci95_hi": 1.0047334980071578,
          "min": 0.9199999999999999,
          "max": 1.0,
          "n": 10
        },
        "test_vs_chance": {
          "t": 114.55345434529244,
          "p": 1.4947859993916974e-15,
          "d": 36.224982957123665,
          "sig": "True"
        }
      },
      {
        "k": 20,
        "k_over_n": 0.02,
        "null_overlap": 0.02,
        "theoretical_capacity": 50,
        "pairwise_overlap": {
          "mean": 0.9655000000000001,
          "std": 0.03269811411483336,
          "sem": 0.010340051579497389,
          "ci95_lo": 0.9452334989041853,
          "ci95_hi": 0.985766501095815,
          "min": 0.9100000000000001,
          "max": 1.0,
          "n": 10
        },
        "test_vs_chance": {
          "t": 91.44054966561,
          "p": 1.1342532599317391e-14,
          "d": 28.916040744107566,
          "sig": "True"
        }
      },
      {
        "k": 50,
        "k_over_n": 0.05,
        "null_overlap": 0.05,
        "theoretical_capacity": 20,
        "pairwise_overlap": {
          "mean": 0.9453999999999999,
          "std": 0.017889786036854774,
          "sem": 0.005657247072953805,
          "ci95_lo": 0.9343117957370104,
          "ci95_hi": 0.9564882042629894,
          "min": 0.9199999999999999,
          "max": 0.984,
          "n": 10
        },
        "test_vs_chance": {
          "t": 158.27486204036103,
          "p": 8.156900310468506e-17,
          "d": 50.05090603964659,
          "sig": "True"
        }
      },
      {
        "k": 100,
        "k_over_n": 0.1,
        "null_overlap": 0.1,
        "theoretical_capacity": 10,
        "pairwise_overlap": {
          "mean": 0.8959000000000001,
          "std": 0.009585289655392697,
          "sem": 0.003031134734349139,
          "ci95_lo": 0.8899589759206759,
          "ci95_hi": 0.9018410240793244,
          "min": 0.883,
          "max": 0.9110000000000001,
          "n": 10
        },
        "test_vs_chance": {
          "t": 262.57493307070035,
          "p": 8.577476839979991e-19,
          "d": 83.0334844969683,
          "sig": "True"
        }
      },
      {
        "k": 200,
        "k_over_n": 0.2,
        "null_overlap": 0.2,
        "theoretical_capacity": 5,
        "pairwise_overlap": {
          "mean": 0.82805,
          "std": 0.011434475161642588,
          "sem": 0.0036158985359412573,