{
  "experiment_name": "assembly_distinctiveness",
  "timestamp": "2026-02-06T13:16:09.268740",
  "parameters": {
    "n_seeds": 10,
    "base_n": 1000,
    "base_k": 100,
    "base_p": 0.05,
    "base_beta": 0.1,
    "base_wmax": 20.0,
    "train_rounds": 30
  },
  "metrics": {
    "h1_stimonly_distinctiveness": [
      {
        "n_stimuli": 2,
        "pairwise_overlap": {
          "mean": 0.884,
          "std": 0.025033311140691475,
          "sem": 0.007916228058025285,
          "ci95_lo": 0.8684841930062704,
          "ci95_hi": 0.8995158069937296,
          "min": 0.83,
          "max": 0.91,
          "n": 10
        },
        "test_vs_identical": {
          "t": -14.653443426557416,
          "p": 1.3817940354170053e-07,
          "d": -4.63382567923437,
          "sig": "True"
        },
        "test_vs_chance": {
          "t": 99.03706591742255,
          "p": 5.534283992143983e-15,
          "d": 31.318270107928846,
          "sig": "True"
        }
      },
      {
        "n_stimuli": 3,
        "pairwise_overlap": {
          "mean": 0.8896666666666666,
          "std": 0.013282309779794312,
          "sem": 0.004200235149207953,
          "ci95_lo": 0.881434205774219,
          "ci95_hi": 0.8978991275591142,
          "min": 0.8666666666666667,
          "max": 0.91,
          "n": 10
        },
        "test_vs_identical": {
          "t": -26.26837055876244,
          "p": 8.108629466358596e-10,
          "d": -8.306788138699925,
          "sig": "True"
        },
        "test_vs_chance": {
          "t": 188.00534699005493,
          "p": 1.7333517197563312e-17,
          "d": 59.45251087788553,
          "sig": "True"
        }
      },
      {
        "n_stimuli": 5,
        "pairwise_overlap": {
          "mean": 0.8993000000000002,
          "std": 0.007071853442423048,
          "sem": 0.0022363164156959255,
          "ci95_lo": 0.8949168198252362,
          "ci95_hi": 0.9036831801747642,
          "min": 0.89,
          "max": 0.9099999999999999,
          "n": 10
        },
        "test_vs_identical": {
          "t": -45.02940607743233,
          "p": 6.569557446101392e-12,
          "d": -14.239548488931451,
          "sig": "True"
        },
        "test_vs_chance": {
          "t": 357.41811596516135,
          "p": 5.347571703995944e-20,
          "d": 113.02553234561007,
          "sig": "True"
        }
      },
      {
        "n_stimuli": 8,
        "pairwise_overlap": {
          "mean": 0.8923928571428572,
          "std": 0.009665684327285831,
          "sem": 0.0030565577618415613,
          "ci95_lo": 0.8864020039296477,
          "ci95_hi": 0.8983837103560667,
          "min": 0.8717857142857144,
          "max": 0.9046428571428573,
          "n": 10
        },
        "test_vs_identical": {
          "t": -35.20533595030444,
          "p": 5.950304244188616e-11,
          "d": -11.132904739437045,
          "sig": "True"
        },
        "test_vs_chance": {
          "t": 259.2435408992383,
          "p": 9.621912985491693e-19,
          "d": 81.9800057928609,
          "sig": "True"
        }
      }
    ],
    "h2_stimonly_recovery": [
      {
        "n_stimuli": 2,
        "recovery_overlap": {
          "mean": 0.9879999999999999,
          "std": 0.004216370213557843,
          "sem": 0.0013333333333333344,
          "ci95_lo": 0.9853866666666665,
          "ci95_hi": 0.9906133333333332,
          "min": 0.98,
          "max": 0.995,
          "n": 10
        },
        "test_recovery_vs_chance": {
          "t": 665.9999999999993,
          "p": 1.9749982708102792e-22,
          "d": 210.60769216721386,
          "sig": "True"
        }
      },
      {
        "n_stimuli": 3,
        "recovery_overlap": {
          "mean": 0.9853333333333334,
          "std": 0.005708992257184494,
          "sem": 0.0018053418676968775,
          "ci95_lo": 0.9817948632726475,
          "ci95_hi": 0.9888718033940193,
          "min": 0.9766666666666666,
          "max": 0.9933333333333333,
          "n": 10
        },
        "test_recovery_vs_chance": {
          "t": 490.39650006166227,
          "p": 3.1036882022408897e-21,
          "d": 155.07698967697561,
          "sig": "True"
        }
      },
      {
        "n_stimuli": 5,
        "recovery_overlap": {
          "mean": 0.9863999999999999,
          "std": 0.004971027168615283,
          "sem": 0.0015719768163402177,
          "ci95_lo": 0.9833189254399731,
          "ci95_hi": 0.9894810745600268,
          "min": 0.978,
          "max": 0.9960000000000001,
          "n": 10
        },
        "test_recovery_vs_chance": {
          "t": 563.8760004512428,
          "p": 8.834216665190409e-22,
          "d": 178.31324793320601,
          "sig": "True"
        }
      },
      {
        "n_stimuli": 8,
        "recovery_overlap": {
          "mean": 0.9873750000000001,
          "std": 0.0042266515509719075,
          "sem": 0.0013365845776954495,
          "ci95_lo": 0.984755294227717,
          "ci95_hi": 0.9899947057722832,
          "min": 0.98125,
          "max": 0.9937499999999999,
          "n": 10
        },
        "test_recovery_vs_chance": {
          "t": 663.9123440508491,
          "p": 2.031598406782766e-22,
          "d": 209.9475173902023,
          "sig": "True"
        }
      }
    ],
    "h3_training_mode_comparison": {
      "n_stimuli": 5,
      "stim_only": {
        "pairwise_overlap": {
          "mean": 0.8971000000000002,
          "std": 0.013916017948952107,
          "sem": 0.004400631267847344,
          "ci95_lo": 0.8884747627150195,
          "ci95_hi": 0.905725237284981,
          "min": 0.8619999999999999,
          "max": 0.9120000000000001,
          "n": 10
        },
        "test_vs_chance": {
          "t": 181.13310374898046,
          "p": 2.4232770867692976e-17,
          "d": 57.27931675023621,
          "sig": "True"
        }
      },
      "stim_self": {
        "pairwise_overlap": {
          "mean": 0.9881000000000002,
          "std": 0.007475143997126617,
          "sem": 0.002363848086865526,
          "ci95_lo": 0.9834668577497437,
          "ci95_hi": 0.9927331422502567,
          "min": 0.976,
          "max": 0.9960000000000001,
          "n": 10
        },
        "test_vs_identical": {
          "t": -5.034164448265901,
          "p": 0.0007053600762022292,
          "d": -1.5919425772365137,
          "sig": "True"
        }
      },
      "paired_test": {
        "t": -16.338227537988725,
        "p": 5.3591874845809984e-08,
        "d": -5.166601195012957,
        "sig": "True"
      },
      "beta_comparison": [
        {
          "beta": 0.01,
          "beta_T": 0.3,
          "pairwise_overlap": {
            "mean": 0.9477,
            "std": 0.00905599862583421,
            "sem": 0.002863758214499106,
            "ci95_lo": 0.9420870338995817,
            "ci95_hi": 0.9533129661004183,
            "min": 0.931,
            "max": 0.9640000000000001,
            "n": 10
          }
        },
        {
          "beta": 0.02,
          "beta_T": 0.6,
          "pairwise_overlap": {
            "mean": 0.9679,
            "std": 0.009170605214488292,
            "sem": 0.002899999999999997,
            "ci95_lo": 0.962216,
            "ci95_hi": 0.973584,
            "min": 0.9560000000000001,
            "max": 0.985,
            "n": 10
          }
        },
        {
          "beta": 0.05,
          "beta_T": 1.5,
          "pairwise_overlap": {
            "mean": 0.9901,
            "std": 0.004383048152953773,
            "sem": 0.0013860415257527996,
            "ci95_lo": 0.9873833586095245,
            "ci95_hi": 0.9928166413904754,
            "min": 0.984,
            "max": 0.9960000000000001,
            "n": 10
          }
        },
        {
          "beta": 0.1,
          "beta_T": 3.0,
          "pairwise_overlap": {
            "mean": 0.9851000000000003,
            "std": 0.006063552314169224,
            "sem": 0.0019174636024359615,