{
  "experiment_name": "assembly_distinctiveness",
  "timestamp": "2026-02-06T13:53:22.154983",
  "parameters": {
    "n_seeds": 10,
    "base_n": 1000,
    "base_k": 100,
    "base_p": 0.05,
    "base_beta": 0.1,
    "base_wmax": 20.0,
    "train_rounds": 30
  },
  "metrics": {
    "h1_distinctiveness": [
      {
        "n_stimuli": 2,
        "pairwise_overlap": {
          "mean": 0.10800000000000001,
          "std": 0.024404006956964163,
          "sem": 0.007717224601860148,
          "ci95_lo": 0.09287423978035413,
          "ci95_hi": 0.1231257602196459,
          "min": 0.07,
          "max": 0.16,
          "n": 10
        },
        "test_vs_identical": {
          "t": -115.58559534278601,
          "p": 1.378925972544728e-15,
          "d": -36.55137459897545,
          "sig": "True"
        },
        "test_vs_chance": {
          "t": 1.0366421106976333,
          "p": 0.32695155317992086,
          "d": 0.32781501882489217,
          "sig": "False"
        }
      },
      {
        "n_stimuli": 3,
        "pairwise_overlap": {
          "mean": 0.10533333333333332,
          "std": 0.01840558154742103,
          "sem": 0.005820355934981687,
          "ci95_lo": 0.09392543570076922,
          "ci95_hi": 0.11674123096589742,
          "min": 0.07666666666666666,
          "max": 0.14,
          "n": 10
        },
        "test_vs_identical": {
          "t": -153.71339427706008,
          "p": 1.0611793785207417e-16,
          "d": -48.60844327910011,
          "sig": "True"
        },
        "test_vs_chance": {
          "t": 0.9163242579854518,
          "p": 0.3833931464595516,
          "d": 0.28976717304977606,
          "sig": "False"
        }
      },
      {
        "n_stimuli": 5,
        "pairwise_overlap": {
          "mean": 0.1038,
          "std": 0.01255919318003085,
          "sem": 0.003971565602295062,
          "ci95_lo": 0.09601573141950168,
          "ci95_hi": 0.11158426858049833,
          "min": 0.088,
          "max": 0.122,
          "n": 10
        },
        "test_vs_identical": {
          "t": -225.65408449557268,
          "p": 3.3540385191000367e-18,
          "d": -71.35808703260973,
          "sig": "True"
        },
        "test_vs_chance": {
          "t": 0.9568015187270427,
          "p": 0.3636612799628941,
          "d": 0.30256720678857046,
          "sig": "False"
        }
      },
      {
        "n_stimuli": 8,
        "pairwise_overlap": {
          "mean": 0.10546428571428572,
          "std": 0.008083061570577173,
          "sem": 0.0025560885030401726,
          "ci95_lo": 0.10045435224832698,
          "ci95_hi": 0.11047421918024446,
          "min": 0.08964285714285715,
          "max": 0.12107142857142858,
          "n": 10
        },
        "test_vs_identical": {
          "t": -349.9627314241142,
          "p": 6.464636362023836e-20,
          "d": -110.66793274739831,
          "sig": "True"
        },
        "test_vs_chance": {
          "t": 2.1377529407868994,
          "p": 0.06124463606127269,
          "d": 0.6760168367609669,
          "sig": "False"
        }
      }
    ],
    "h2_recovery": [
      {
        "n_stimuli": 2,
        "recovery_overlap": {
          "mean": 1.0,
          "std": 0.0,
          "sem": 0.0,
          "ci95_lo": 1.0,
          "ci95_hi": 1.0,
          "min": 1.0,
          "max": 1.0,
          "n": 10
        },
        "test_recovery_vs_chance": {
          "t": Infinity,
          "p": 0.0,
          "d": Infinity,
          "sig": true
        }
      },
      {
        "n_stimuli": 3,
        "recovery_overlap": {
          "mean": 1.0,
          "std": 0.0,
          "sem": 0.0,
          "ci95_lo": 1.0,
          "ci95_hi": 1.0,
          "min": 1.0,
          "max": 1.0,
          "n": 10
        },
        "test_recovery_vs_chance": {
          "t": Infinity,
          "p": 0.0,
          "d": Infinity,
          "sig": true
        }
      },
      {
        "n_stimuli": 5,
        "recovery_overlap": {
          "mean": 1.0,
          "std": 0.0,
          "sem": 0.0,
          "ci95_lo": 1.0,
          "ci95_hi": 1.0,
          "min": 1.0,
          "max": 1.0,
          "n": 10
        },
        "test_recovery_vs_chance": {
          "t": Infinity,
          "p": 0.0,
          "d": Infinity,
          "sig": true
        }
      },
      {
        "n_stimuli": 8,
        "recovery_overlap": {
          "mean": 1.0,
          "std": 0.0,
          "sem": 0.0,
          "ci95_lo": 1.0,
          "ci95_hi": 1.0,
          "min": 1.0,
          "max": 1.0,
          "n": 10
        },
        "test_recovery_vs_chance": {
          "t": Infinity,
          "p": 0.0,
          "d": Infinity,
          "sig": true
        }
      }
    ],
    "h3_capacity_vs_k": [
      {
        "k": 10,
        "k_over_n": 0.01,
        "null_overlap": 0.01,
        "theoretical_capacity": 100,
        "pairwise_overlap": {
          "mean": 0.014000000000000002,
          "std": 0.006992058987801011,
          "sem": 0.0022110831935702666,
          "ci95_lo": 0.00966627694060228,
          "ci95_hi": 0.018333723059397726,
          "min": 0.0,
          "max": 0.02,
          "n": 10
        },
        "test_vs_chance": {
          "t": 1.8090680674665827,
          "p": 0.10388813106210151,
          "d": 0.5720775535473556,
          "sig": "False"
        }
      },
      {
        "k": 20,
        "k_over_n": 0.02,
        "null_overlap": 0.02,
        "theoretical_capacity": 50,
        "pairwise_overlap": {
          "mean": 0.03250000000000001,
          "std": 0.020172864061517012,
          "sem": 0.00637921973633488,
          "ci95_lo": 0.019996729316783642,
          "ci95_hi": 0.04500327068321637,
          "min": 0.005,
          "max": 0.06000000000000001,
          "n": 10
        },
        "test_vs_chance": {
          "t": 1.9594872910243664,
          "p": 0.08171171219218482,
          "d": 0.6196442885790209,
          "sig": "False"
        }
      },
      {
        "k": 50,
        "k_over_n": 0.05,
        "null_overlap": 0.05,
        "theoretical_capacity": 20,
        "pairwise_overlap": {
          "mean": 0.05620000000000001,
          "std": 0.011564312920936261,
          "sem": 0.0036569568405073276,
          "ci95_lo": 0.04903236459260565,
          "ci95_hi": 0.06336763540739437,
          "min": 0.041999999999999996,
          "max": 0.074,
          "n": 10
        },
        "test_vs_chance": {
          "t": 1.695398734632012,
          "p": 0.1242379081379255,
          "d": 0.536132154360455,
          "sig": "False"
        }
      },
      {
        "k": 100,
        "k_over_n": 0.1,
        "null_overlap": 0.1,
        "theoretical_capacity": 10,
        "pairwise_overlap": {
          "mean": 0.10710000000000001,
          "std": 0.009194805296712074,
          "sem": 0.0029076527379390477,
          "ci95_lo": 0.10140100063363948,
          "ci95_hi": 0.11279899936636055,
          "min": 0.096,
          "max": 0.125,
          "n": 10
        },
        "test_vs_chance": {
          "t": 2.4418321718268556,
          "p": 0.037252511537949014,
          "d": 0.7721751326848503,
          "sig": "True"
        }
      },
      {
        "k": 200,
        "k_over_n": 0.2,
        "null_overlap": 0.2,
        "theoretical_capacity": 5,
        "pairwise_overlap": {
          "mean": 0.197,
          "std": 0.005759050847723668,
          "sem": 0.0018211717839530322,
          "ci95_lo": 0.19343050330345207,
          "ci95_hi": 0.20056949669654794,
          "min": 0.1855,
          "max": 0.20249999999999999,
          "n": 10
        },
        "test_vs_chance": {
          "t": -1.647291060862039,
          "p": 0.13390284708151504,
          "d": -0.5209191721559097,
          "sig": "False"
        }
      }
    ],
    "h4_distinctiveness_vs_n": [
      {
        "n": 200,
        "k": 14,
        "null_overlap": 0.07,
        "pairwise_overlap": {
          "mean": 0.11928571428571426,