{
  "experiment_name": "assembly_distinctiveness",
  "timestamp": "2026-02-06T12:47:40.959022",
  "parameters": {
    "n_seeds": 10,
    "base_n": 1000,
    "base_k": 100,
    "base_p": 0.05,
    "base_beta": 0.1,
    "base_wmax": 20.0,
    "train_rounds": 30,
    "test_rounds": 20
  },
  "metrics": {
    "distinctiveness_vs_count": [
      {
        "n_stimuli": 2,
        "pairwise_overlap": {
          "mean": 0.993,
          "std": 0.006749485577105535,
          "sem": 0.0021343747458109513,
          "ci95_lo": 0.9888166254982105,
          "ci95_hi": 0.9971833745017895,
          "min": 0.98,
          "max": 1.0,
          "n": 10
        },
        "recovery_overlap": {
          "mean": 0.9945,
          "std": 0.005502524673073064,
          "sem": 0.0017400510848184264,
          "ci95_lo": 0.9910894998737559,
          "ci95_hi": 0.9979105001262442,
          "min": 0.985,
          "max": 1.0,
          "n": 10
        },
        "test_not_identical": {
          "t": -3.279648999660728,
          "p": 0.009534613041301038,
          "d": -1.037116076482069,
          "significant": "True"
        },
        "test_recovery_vs_chance": {
          "t": 514.0653672781915,
          "p": 2.0306973770757408e-21,
          "d": 162.56174268100781,
          "significant": "True"
        }
      },
      {
        "n_stimuli": 3,
        "pairwise_overlap": {
          "mean": 0.991,
          "std": 0.006488356142513938,
          "sem": 0.0020517983680688107,
          "ci95_lo": 0.9869784751985852,
          "ci95_hi": 0.9950215248014148,
          "min": 0.9833333333333334,
          "max": 1.0,
          "n": 10
        },
        "recovery_overlap": {
          "mean": 0.9969999999999999,
          "std": 0.003314763086705876,
          "sem": 0.0010482201257840773,
          "ci95_lo": 0.9949454885534631,
          "ci95_hi": 0.9990545114465367,
          "min": 0.9899999999999999,
          "max": 1.0,
          "n": 10
        },
        "test_not_identical": {
          "t": -4.386395924698473,
          "p": 0.001754721931475985,
          "d": -1.3871001841327602,
          "significant": "True"
        },
        "test_recovery_vs_chance": {
          "t": 855.736288529126,
          "p": 2.069137984031591e-23,
          "d": 270.6075748211058,
          "significant": "True"
        }
      },
      {
        "n_stimuli": 5,
        "pairwise_overlap": {
          "mean": 0.9893000000000001,
          "std": 0.006377913277693429,
          "sem": 0.0020168732676541213,
          "ci95_lo": 0.985346928395398,
          "ci95_hi": 0.9932530716046022,
          "min": 0.9810000000000001,
          "max": 0.9960000000000001,
          "n": 10
        },
        "recovery_overlap": {
          "mean": 0.9924,
          "std": 0.004501851470969138,
          "sem": 0.0014236104336041863,
          "ci95_lo": 0.9896097235501358,
          "ci95_hi": 0.9951902764498641,
          "min": 0.984,
          "max": 1.0,
          "n": 10
        },
        "test_not_identical": {
          "t": -5.305241619095573,
          "p": 0.0004904478642722633,
          "d": -1.6776647053861455,
          "significant": "True"
        },
        "test_recovery_vs_chance": {
          "t": 626.8568836916227,
          "p": 3.406548258231239e-22,
          "d": 198.22955194207864,
          "significant": "True"
        }
      },
      {
        "n_stimuli": 8,
        "pairwise_overlap": {
          "mean": 0.986,
          "std": 0.005937600697320081,
          "sem": 0.0018776342040135482,
          "ci95_lo": 0.9823198369601335,
          "ci95_hi": 0.9896801630398665,
          "min": 0.9732142857142857,
          "max": 0.9935714285714284,
          "n": 10
        },
        "recovery_overlap": {
          "mean": 0.99025,
          "std": 0.00495815826021452,
          "sem": 0.0015679073101855694,
          "ci95_lo": 0.9871769016720362,
          "ci95_hi": 0.9933230983279637,
          "min": 0.98125,
          "max": 0.9975,
          "n": 10
        },
        "test_not_identical": {
          "t": -7.456191397703678,
          "p": 3.866828150308964e-05,
          "d": -2.3578547486897983,
          "significant": "True"
        },
        "test_recovery_vs_chance": {
          "t": 567.795043888554,
          "p": 8.30035863926021e-22,
          "d": 179.55255828430987,
          "significant": "True"
        }
      }
    ],
    "capacity_vs_k": [
      {
        "k": 10,
        "k_over_n": 0.01,
        "null_overlap": 0.01,
        "pairwise_overlap": {
          "mean": 0.986,
          "std": 0.02319003617456811,
          "sem": 0.0073333333333333315,
          "ci95_lo": 0.9716266666666666,
          "ci95_hi": 1.0003733333333333,
          "min": 0.9400000000000001,
          "max": 1.0,
          "n": 10
        },
        "test_vs_chance": {
          "t": 133.0909090909091,
          "p": 3.8782233776217273e-16,
          "d": 42.08704085896826,
          "significant": "True"
        },
        "theoretical_capacity": 100
      },
      {
        "k": 20,
        "k_over_n": 0.02,
        "null_overlap": 0.02,
        "pairwise_overlap": {
          "mean": 0.9814999999999999,
          "std": 0.02261390919078101,
          "sem": 0.007151145984308317,
          "ci95_lo": 0.9674837538707556,
          "ci95_hi": 0.9955162461292443,
          "min": 0.9349999999999999,
          "max": 1.0,
          "n": 10
        },
        "test_vs_chance": {
          "t": 134.45397452517525,
          "p": 3.5385370146091433e-16,
          "d": 42.51807999618101,
          "significant": "True"
        },
        "theoretical_capacity": 50
      },
      {
        "k": 50,
        "k_over_n": 0.05,
        "null_overlap": 0.05,
        "pairwise_overlap": {
          "mean": 0.975,
          "std": 0.01500370324656921,
          "sem": 0.00474458755964216,
          "ci95_lo": 0.9657006083831013,
          "ci95_hi": 0.9842993916168986,
          "min": 0.942,
          "max": 0.992,
          "n": 10
        },
        "test_vs_chance": {
          "t": 194.95899029625326,
          "p": 1.250146156177096e-17,
          "d": 61.651445966282566,
          "significant": "True"
        },
        "theoretical_capacity": 20
      },
      {
        "k": 100,
        "k_over_n": 0.1,
        "null_overlap": 0.1,
        "pairwise_overlap": {
          "mean": 0.9852000000000001,
          "std": 0.007083627444874433,
          "sem": 0.0022400396821882036,
          "ci95_lo": 0.9808095222229112,
          "ci95_hi": 0.989590477777089,
          "min": 0.975,
          "max": 0.9960000000000001,
          "n": 10
        },
        "test_vs_chance": {
          "t": 395.17157086042516,
          "p": 2.166193258432496e-20,
          "d": 124.96422304655684,
          "significant": "True"
        },
        "theoretical_capacity": 10
      },
      {
        "k": 200,
        "k_over_n": 0.2,
        "null_overlap": 0.2,
        "pairwise_overlap": {
          "mean": 0.9953999999999998,
          "std": 0.003116265571338771,
          "sem": 0.0009854496999396447,
          "ci95_lo": 0.9934685185881181,
          "ci95_hi": 0.9973314814118815,
          "min": 0.9909999999999999,
          "max": 1.0,
          "n": 10
        },
        "test_vs_chance": {
          "t": 807.1441901587826,
          "p": 3.501758262497265e-23,
          "d": 255.24140410738167,
          "significant": "True"
        },
        "theoretical_capacity": 5
      }
    ]
  },
  "raw_data": {},
  "success": true,
  "error_message": null,
  "duration_seconds": 101.57280389999505
}