{
  "experiment_name": "loop_switching",
  "timestamp": "2026-02-10T19:49:30.159399",
  "parameters": {
    "n": 1000,
    "k": 100,
    "p": 0.05,
    "beta": 0.1,
    "w_max": 20.0,
    "loop_size": 3,
    "establish_rounds": 30,
    "assoc_rounds": 30,
    "kick_rounds": 15,
    "autonomous_rounds": 20,
    "n_seeds": 5
  },
  "metrics": {
    "h1_single_pattern": {
      "stats": {
        "mean": 0.9986666666666666,
        "std": 0.001825741858350535,
        "sem": 0.0008164965809277176,
        "ci95_lo": 0.9970663333680483,
        "ci95_hi": 1.000266999965285,
        "min": 0.9966666666666667,
        "max": 1.0,
        "n": 5
      },
      "test_vs_chance": {
        "t": 1100.6373910905859,
        "p": 4.088573502120656e-12,
        "d": 492.2200050113143,
        "significant": "True"
      }
    },
    "h2_switching": {
      "after_kick_A": {
        "overlap_with_A": {
          "mean": 0.9073333333333334,
          "std": 0.017224014243685113,
          "sem": 0.007702813338860907,
          "ci95_lo": 0.8922358191891661,
          "ci95_hi": 0.9224308474775008,
          "min": 0.89,
          "max": 0.93,
          "n": 5
        }
      },
      "after_kick_B": {
        "overlap_with_A": {
          "mean": 0.9033333333333335,
          "std": 0.016158932858054448,
          "sem": 0.007226494462892941,
          "ci95_lo": 0.8891694041860634,
          "ci95_hi": 0.9174972624806037,
          "min": 0.8866666666666667,
          "max": 0.9266666666666667,
          "n": 5
        },
        "overlap_with_B": {
          "stats": {
            "mean": 0.9133333333333333,
            "std": 0.015092308563562373,
            "sem": 0.006749485577105534,
            "ci95_lo": 0.9001043416022065,
            "ci95_hi": 0.9265623250644601,
            "min": 0.89,
            "max": 0.9266666666666667,
            "n": 5
          },
          "test_vs_chance": {
            "t": 120.50301079124985,
            "p": 2.844201083880543e-08,
            "d": 53.89058472452508,
            "significant": "True"
          }
        }
      }
    },
    "h3_interference": {
      "single_pattern": {
        "mean": 0.9986666666666666,
        "std": 0.001825741858350535,
        "sem": 0.0008164965809277176,
        "ci95_lo": 0.9970663333680483,
        "ci95_hi": 1.000266999965285,
        "min": 0.9966666666666667,
        "max": 1.0,
        "n": 5
      },
      "dual_pattern_A": {
        "mean": 0.9073333333333334,
        "std": 0.017224014243685113,
        "sem": 0.007702813338860907,
        "ci95_lo": 0.8922358191891661,
        "ci95_hi": 0.9224308474775008,
        "min": 0.89,
        "max": 0.93,
        "n": 5
      },
      "paired_test": {
        "t": 12.180785750598176,
        "p": 0.00026072575150667884,
        "d": 5.4474129915396645,
        "significant": "True"
      }
    },
    "h4_capacity": [
      {
        "n_patterns": 1,
        "mean_switching_quality": {
          "mean": 0.9986666666666666,
          "std": 0.001825741858350535,
          "sem": 0.0008164965809277176,
          "ci95_lo": 0.9970663333680483,
          "ci95_hi": 1.000266999965285,
          "min": 0.9966666666666667,
          "max": 1.0,
          "n": 5
        },
        "test_vs_chance": {
          "t": 1100.6373910905859,
          "p": 4.088573502120656e-12,
          "d": 492.2200050113143,
          "significant": "True"
        }
      },
      {
        "n_patterns": 2,
        "mean_switching_quality": {
          "mean": 0.9026666666666667,
          "std": 0.004013864859597428,
          "sem": 0.0017950549357114995,
          "ci95_lo": 0.8991483589926722,
          "ci95_hi": 0.9061849743406613,
          "min": 0.8983333333333334,
          "max": 0.9083333333333334,
          "n": 5
        },
        "test_vs_chance": {
          "t": 447.1543743303414,
          "p": 1.5007447600401938e-10,
          "d": 199.97351548780608,
          "significant": "True"
        }
      },
      {
        "n_patterns": 3,
        "mean_switching_quality": {
          "mean": 0.8382222222222222,
          "std": 0.011669311869436545,
          "sem": 0.005218674918141053,
          "ci95_lo": 0.8279936193826657,
          "ci95_hi": 0.8484508250617787,
          "min": 0.8266666666666667,
          "max": 0.8555555555555555,
          "n": 5
        },
        "test_vs_chance": {
          "t": 141.45779030152443,
          "p": 1.497956131770856e-08,
          "d": 63.26184701222382,
          "significant": "True"
        }
      },
      {
        "n_patterns": 5,
        "mean_switching_quality": {
          "mean": 0.7445333333333333,
          "std": 0.01636663272230021,
          "sem": 0.007319380665967142,
          "ci95_lo": 0.7301873472280377,
          "ci95_hi": 0.7588793194386289,
          "min": 0.7226666666666667,
          "max": 0.7646666666666667,
          "n": 5
        },
        "test_vs_chance": {
          "t": 88.05845231280483,
          "p": 9.969968129953129e-08,
          "d": 39.38093707297104,
          "significant": "True"
        }
      }
    ],
    "h5_sparse_switching": [
      {
        "n": 500,
        "k": 22,
        "stats": {
          "mean": 0.9181818181818182,
          "std": 0.03141885053534505,
          "sem": 0.014050937114387438,
          "ci95_lo": 0.8906419814376189,
          "ci95_hi": 0.9457216549260176,
          "min": 0.8636363636363636,
          "max": 0.9393939393939394,
          "n": 5
        },
        "test_vs_chance": {
          "t": 62.21519682745579,
          "p": 3.99776908674572e-07,
          "d": 27.82348186794408,
          "significant": "True"
        }
      },
      {
        "n": 1000,
        "k": 31,
        "stats": {
          "mean": 0.9419354838709678,
          "std": 0.02355795946258781,
          "sem": 0.010535439753906152,
          "ci95_lo": 0.9212860219533118,
          "ci95_hi": 0.9625849457886239,
          "min": 0.9032258064516129,
          "max": 0.956989247311828,
          "n": 5
        },
        "test_vs_chance": {
          "t": 86.46392605806764,
          "p": 1.0725665904284286e-07,
          "d": 38.66784325347093,
          "significant": "True"
        }
      },
      {
        "n": 2000,
        "k": 44,
        "stats": {
          "mean": 0.9590909090909092,
          "std": 0.020468569827433822,
          "sem": 0.009153822707268633,
          "ci95_lo": 0.9411494165846627,
          "ci95_hi": 0.9770324015971558,
          "min": 0.9393939393939394,
          "max": 0.9924242424242425,
          "n": 5
        },
        "test_vs_chance": {
          "t": 102.37153799655832,
          "p": 5.459565971326883e-08,
          "d": 45.78194358430141,
          "significant": "True"
        }
      },
      {
        "n": 5000,
        "k": 70,
        "stats": {
          "mean": 0.9761904761904763,
          "std": 0.011664236870396078,
          "sem": 0.0052164053095730065,
          "ci95_lo": 0.9659663217837132,
          "ci95_hi": 0.9864146305972393,
          "min": 0.9619047619047619,
          "max": 0.9904761904761905,
          "n": 5
        },
        "test_vs_chance": {
          "t": 184.4546999491566,
          "p": 5.182117497328878e-09,
          "d": 82.49064957112823,
          "significant": "True"
        }
      }
    ],
    "h6_trigger": {
      "switching": {
        "after_A": {
          "mean": 0.9133333333333333,
          "std": 0.01748014746950251,
          "sem": 0.00781735959970571,
          "ci95_lo": 0.8980113085179101,
          "ci95_hi": 0.9286553581487565,
          "min": 0.89,
          "max": 0.9333333333333332,
          "n": 5
        },
        "after_B_overlap_A": {
          "mean": 0.9093333333333333,
          "std": 0.01605545943838976,
          "sem": 0.00718021974284602,
          "ci95_lo": 0.8952601026373551,
          "ci95_hi": 0.9234065640293115,
          "min": 0.89,
          "max": 0.9266666666666667,
          "n": 5
        },