{
  "experiment_name": "loop_switching",
  "timestamp": "2026-02-06T17:47:36.242145",
  "parameters": {
    "n": 1000,
    "k": 100,
    "p": 0.05,
    "beta": 0.1,
    "w_max": 20.0,
    "loop_size": 3,
    "establish_rounds": 30,
    "assoc_rounds": 30,
    "kick_rounds": 15,
    "autonomous_rounds": 20,
    "n_seeds": 10
  },
  "metrics": {
    "h1_single_pattern": {
      "stats": {
        "mean": 0.9923333333333332,
        "std": 0.004458311699497536,
        "sem": 0.0014098419489388377,
        "ci95_lo": 0.989570043113413,
        "ci95_hi": 0.9950966235532533,
        "min": 0.9833333333333334,
        "max": 1.0,
        "n": 10
      },
      "test_vs_chance": {
        "t": 632.9314672506206,
        "p": 3.1233505203888697e-22,
        "d": 200.15050393042318,
        "sig": "True"
      }
    },
    "h2_switching": {
      "after_kick_A": {
        "overlap_with_A": {
          "mean": 0.818,
          "std": 0.0765812728937349,
          "sem": 0.02421712484591161,
          "ci95_lo": 0.7705344353020132,
          "ci95_hi": 0.8654655646979867,
          "min": 0.6333333333333333,
          "max": 0.8933333333333334,
          "n": 10
        }
      },
      "after_kick_B": {
        "overlap_with_A": {
          "mean": 0.7060000000000001,
          "std": 0.07945493326252993,
          "sem": 0.025125856044626787,
          "ci95_lo": 0.6567533221525316,
          "ci95_hi": 0.7552466778474686,
          "min": 0.5466666666666667,
          "max": 0.8033333333333333,
          "n": 10
        },
        "overlap_with_B": {
          "stats": {
            "mean": 0.378,
            "std": 0.07219999658014423,
            "sem": 0.022831643624962344,
            "ci95_lo": 0.3332499784950738,
            "ci95_hi": 0.4227500215049262,
            "min": 0.2933333333333333,
            "max": 0.5133333333333333,
            "n": 10
          },
          "test_vs_chance": {
            "t": 12.176083534172564,
            "p": 6.80068847871952e-07,
            "d": 3.8504156948457946,
            "sig": "True"
          }
        }
      }
    },
    "h3_interference": {
      "single_pattern": {
        "mean": 0.9923333333333332,
        "std": 0.004458311699497536,
        "sem": 0.0014098419489388377,
        "ci95_lo": 0.989570043113413,
        "ci95_hi": 0.9950966235532533,
        "min": 0.9833333333333334,
        "max": 1.0,
        "n": 10
      },
      "dual_pattern_A": {
        "mean": 0.818,
        "std": 0.0765812728937349,
        "sem": 0.02421712484591161,
        "ci95_lo": 0.7705344353020132,
        "ci95_hi": 0.8654655646979867,
        "min": 0.6333333333333333,
        "max": 0.8933333333333334,
        "n": 10
      },
      "paired_test": {
        "t": 7.0055115047762,
        "p": 6.286385887903945e-05,
        "d": 2.215337252960634,
        "sig": "True"
      }
    },
    "h4_capacity": [
      {
        "n_patterns": 1,
        "mean_switching_quality": {
          "mean": 0.9930000000000001,
          "std": 0.005544433311055403,
          "sem": 0.00175330375978439,
          "ci95_lo": 0.9895635246308228,
          "ci95_hi": 0.9964364753691775,
          "min": 0.9833333333333334,
          "max": 1.0,
          "n": 10
        },
        "test_vs_chance": {
          "t": 509.32418014652256,
          "p": 2.207295815581638e-21,
          "d": 161.06244766609237,
          "sig": "True"
        }
      },
      {
        "n_patterns": 2,
        "mean_switching_quality": {
          "mean": 0.6458333333333334,
          "std": 0.04666170608555601,
          "sem": 0.014755727073969669,
          "ci95_lo": 0.6169121082683529,
          "ci95_hi": 0.6747545583983139,
          "min": 0.585,
          "max": 0.7,
          "n": 10
        },
        "test_vs_chance": {
          "t": 36.99128688116147,
          "p": 3.822329167648547e-11,
          "d": 11.697672012517657,
          "sig": "True"
        }
      },
      {
        "n_patterns": 3,
        "mean_switching_quality": {
          "mean": 0.44244444444444453,
          "std": 0.02565894277454296,
          "sem": 0.008114070151947605,
          "ci95_lo": 0.42654086694662724,
          "ci95_hi": 0.4583480219422618,
          "min": 0.40444444444444444,
          "max": 0.5,
          "n": 10
        },
        "test_vs_chance": {
          "t": 42.20378158330911,
          "p": 1.1742310405106563e-11,
          "d": 13.346007567552409,
          "sig": "True"
        }
      },
      {
        "n_patterns": 5,
        "mean_switching_quality": {
          "mean": 0.3194000000000001,
          "std": 0.01027258126888885,
          "sem": 0.0032484754258871353,
          "ci95_lo": 0.31303298816526126,
          "ci95_hi": 0.3257670118347389,
          "min": 0.30133333333333334,
          "max": 0.33333333333333337,
          "n": 10
        },
        "test_vs_chance": {
          "t": 67.53937501007368,
          "p": 1.727251345300353e-13,
          "d": 21.357825677609053,
          "sig": "True"
        }
      }
    ],
    "h5_sparse_switching": [
      {
        "n": 500,
        "k": 22,
        "stats": {
          "mean": 0.33939393939393936,
          "std": 0.11184331745993058,
          "sem": 0.03536796242426585,
          "ci95_lo": 0.27007273304237833,
          "ci95_hi": 0.4087151457455004,
          "min": 0.12121212121212122,
          "max": 0.5,
          "n": 10
        },
        "test_vs_chance": {
          "t": 8.352020278987586,
          "p": 1.566615757345397e-05,
          "d": 2.641140714551572,
          "sig": "True"
        }
      },
      {
        "n": 1000,
        "k": 31,
        "stats": {
          "mean": 0.4612903225806452,
          "std": 0.12827836312613308,
          "sem": 0.040565180199673784,
          "ci95_lo": 0.38178256938928457,
          "ci95_hi": 0.5407980757720058,
          "min": 0.3010752688172043,
          "max": 0.6774193548387096,
          "n": 10
        },
        "test_vs_chance": {
          "t": 10.607381021423528,
          "p": 2.1857919173115753e-06,
          "d": 3.3543484036941664,
          "sig": "True"
        }
      },
      {
        "n": 2000,
        "k": 44,
        "stats": {
          "mean": 0.4204545454545454,
          "std": 0.07153644178896615,
          "sem": 0.022621809175718332,
          "ci95_lo": 0.3761157994701375,
          "ci95_hi": 0.4647932914389533,
          "min": 0.2803030303030303,
          "max": 0.5,
          "n": 10
        },
        "test_vs_chance": {
          "t": 17.613734708815254,
          "p": 2.7758185753478948e-08,
          "d": 5.569951978181887,
          "sig": "True"
        }
      },
      {
        "n": 5000,
        "k": 70,
        "stats": {
          "mean": 0.46904761904761905,
          "std": 0.12034740172743542,
          "sem": 0.03805718999419785,
          "ci95_lo": 0.39445552665899125,
          "ci95_hi": 0.5436397114362468,
          "min": 0.27619047619047615,
          "max": 0.6285714285714286,
          "n": 10
        },
        "test_vs_chance": {
          "t": 11.956942147252464,
          "p": 7.939256519794834e-07,
          "d": 3.7811171036182203,
          "sig": "True"
        }
      }
    ]
  },
  "raw_data": {},
  "success": true,
  "error_message": null,
  "duration_seconds": 262.3065114999772
}