{
  "experiment_name": "loop_switching",
  "timestamp": "2026-02-10T19:46:39.046786",
  "parameters": {
    "n": 1000,
    "k": 100,
    "p": 0.05,
    "beta": 0.1,
    "w_max": 20.0,
    "loop_size": 3,
    "establish_rounds": 30,
    "assoc_rounds": 30,
    "kick_rounds": 15,
    "autonomous_rounds": 20,
    "n_seeds": 5
  },
  "metrics": {
    "h1_single_pattern": {
      "stats": {
        "mean": 0.998,
        "std": 0.001825741858350535,
        "sem": 0.0008164965809277176,
        "ci95_lo": 0.9963996667013817,
        "ci95_hi": 0.9996003332986183,
        "min": 0.9966666666666667,
        "max": 1.0,
        "n": 5
      },
      "test_vs_chance": {
        "t": 1099.8208945096583,
        "p": 4.100728268105097e-12,
        "d": 491.8548566396442,
        "significant": "True"
      }
    },
    "h2_switching": {
      "after_kick_A": {
        "overlap_with_A": {
          "mean": 0.9053333333333333,
          "std": 0.025121924908555724,
          "sem": 0.011234866364235157,
          "ci95_lo": 0.8833129952594324,
          "ci95_hi": 0.9273536714072342,
          "min": 0.8766666666666666,
          "max": 0.9433333333333334,
          "n": 5
        }
      },
      "after_kick_B": {
        "overlap_with_A": {
          "mean": 0.9019999999999999,
          "std": 0.025668831077571296,
          "sem": 0.01147945023848172,
          "ci95_lo": 0.8795002775325758,
          "ci95_hi": 0.9244997224674241,
          "min": 0.87,
          "max": 0.9400000000000001,
          "n": 5
        },
        "overlap_with_B": {
          "stats": {
            "mean": 0.9086666666666666,
            "std": 0.01864880097426585,
            "sem": 0.008339997335464549,
            "ci95_lo": 0.8923202718891561,
            "ci95_hi": 0.9250130614441772,
            "min": 0.8833333333333333,
            "max": 0.93,
            "n": 5
          },
          "test_vs_chance": {
            "t": 96.96246103436229,
            "p": 6.783109680107975e-08,
            "d": 43.36293082770173,
            "significant": "True"
          }
        }
      }
    },
    "h3_interference": {
      "single_pattern": {
        "mean": 0.998,
        "std": 0.001825741858350535,
        "sem": 0.0008164965809277176,
        "ci95_lo": 0.9963996667013817,
        "ci95_hi": 0.9996003332986183,
        "min": 0.9966666666666667,
        "max": 1.0,
        "n": 5
      },
      "dual_pattern_A": {
        "mean": 0.9053333333333333,
        "std": 0.025121924908555724,
        "sem": 0.011234866364235157,
        "ci95_lo": 0.8833129952594324,
        "ci95_hi": 0.9273536714072342,
        "min": 0.8766666666666666,
        "max": 0.9433333333333334,
        "n": 5
      },
      "paired_test": {
        "t": 8.292044809179313,
        "p": 0.001154854213764063,
        "d": 3.708315173159843,
        "significant": "True"
      }
    },
    "h4_capacity": [
      {
        "n_patterns": 1,
        "mean_switching_quality": {
          "mean": 0.9973333333333333,
          "std": 0.0027888667551135963,
          "sem": 0.0012472191289246521,
          "ci95_lo": 0.994888783840641,
          "ci95_hi": 0.9997778828260256,
          "min": 0.9933333333333333,
          "max": 1.0,
          "n": 5
        },
        "test_vs_chance": {
          "t": 719.4672632282435,
          "p": 2.239244448626288e-11,
          "d": 321.7555416328175,
          "significant": "True"
        }
      },
      {
        "n_patterns": 2,
        "mean_switching_quality": {
          "mean": 0.9043333333333333,
          "std": 0.0027888667551136496,
          "sem": 0.001247219128924676,
          "ci95_lo": 0.901888783840641,
          "ci95_hi": 0.9067778828260257,
          "min": 0.9016666666666666,
          "max": 0.9083333333333334,
          "n": 5
        },
        "test_vs_chance": {
          "t": 644.9013767346652,
          "p": 3.468734601818265e-11,
          "d": 288.4086634323825,
          "significant": "True"
        }
      },
      {
        "n_patterns": 3,
        "mean_switching_quality": {
          "mean": 0.8362222222222222,
          "std": 0.01350811370260367,
          "sem": 0.006041012097363636,
          "ci95_lo": 0.8243818385113895,
          "ci95_hi": 0.8480626059330549,
          "min": 0.82,
          "max": 0.8566666666666666,
          "n": 5
        },
        "test_vs_chance": {
          "t": 121.87067503862765,
          "p": 2.7186886345730957e-08,
          "d": 54.50222277003164,
          "significant": "True"
        }
      },
      {
        "n_patterns": 5,
        "mean_switching_quality": {
          "mean": 0.764,
          "std": 0.016786237749352208,
          "sem": 0.007507033738804922,
          "ci95_lo": 0.7492862138719424,
          "ci95_hi": 0.7787137861280576,
          "min": 0.748,
          "max": 0.7906666666666666,
          "n": 5
        },
        "test_vs_chance": {
          "t": 88.4503817490109,
          "p": 9.794503282216757e-08,
          "d": 39.55621324531903,
          "significant": "True"
        }
      }
    ],
    "h5_sparse_switching": [
      {
        "n": 500,
        "k": 22,
        "stats": {
          "mean": 0.9121212121212121,
          "std": 0.036173746625191905,
          "sem": 0.01617739129095654,
          "ci95_lo": 0.8804135251909373,
          "ci95_hi": 0.9438288990514869,
          "min": 0.8636363636363636,
          "max": 0.9545454545454546,
          "n": 5
        },
        "test_vs_chance": {
          "t": 53.66262066038471,
          "p": 7.218699823785097e-07,
          "d": 23.998653529480972,
          "significant": "True"
        }
      },
      {
        "n": 1000,
        "k": 31,
        "stats": {
          "mean": 0.9290322580645162,
          "std": 0.024754547168217962,
          "sem": 0.011070570044072057,
          "ci95_lo": 0.9073339407781349,
          "ci95_hi": 0.9507305753508974,
          "min": 0.9032258064516129,
          "max": 0.956989247311828,
          "n": 5
        },
        "test_vs_chance": {
          "t": 81.11888136649154,
          "p": 1.384278806118618e-07,
          "d": 36.27746659884322,
          "significant": "True"
        }
      },
      {
        "n": 2000,
        "k": 44,
        "stats": {
          "mean": 0.943939393939394,
          "std": 0.015709425267672585,
          "sem": 0.007025468557193745,
          "ci95_lo": 0.9301694755672942,
          "ci95_hi": 0.9577093123114937,
          "min": 0.9242424242424242,
          "max": 0.9621212121212123,
          "n": 5
        },
        "test_vs_chance": {
          "t": 131.22817167765584,
          "p": 2.0224361948875565e-08,
          "d": 58.68702248685022,
          "significant": "True"
        }
      },
      {
        "n": 5000,
        "k": 70,
        "stats": {
          "mean": 0.9771428571428572,
          "std": 0.00915970669603396,
          "sem": 0.004096345365258387,
          "ci95_lo": 0.9691140202269508,
          "ci95_hi": 0.9851716940587636,
          "min": 0.9666666666666668,
          "max": 0.9904761904761905,
          "n": 5
        },
        "test_vs_chance": {
          "t": 235.12247412324925,
          "p": 1.9630090750751816e-09,
          "d": 105.14996703550412,
          "significant": "True"
        }
      }
    ],
    "h6_trigger": {
      "switching": {
        "after_A": {
          "mean": 0.9113333333333333,
          "std": 0.030514113310255463,
          "sem": 0.013646326326972468,
          "ci95_lo": 0.8845865337324673,
          "ci95_hi": 0.9380801329341993,
          "min": 0.88,
          "max": 0.9466666666666667,
          "n": 5
        },
        "after_B_overlap_A": {
          "mean": 0.9026666666666667,
          "std": 0.02842143166305632,
          "sem": 0.012710450643291765,
          "ci95_lo": 0.8777541834058149,
          "ci95_hi": 0.9275791499275186,
          "min": 0.8733333333333334,
          "max": 0.9333333333333335,
          "n": 5
        },