{
  "experiment_name": "loop_switching",
  "timestamp": "2026-02-06T19:12:20.045205",
  "parameters": {
    "n": 1000,
    "k": 100,
    "p": 0.05,
    "beta": 0.1,
    "w_max": 20.0,
    "loop_size": 3,
    "establish_rounds": 30,
    "assoc_rounds": 30,
    "kick_rounds": 15,
    "autonomous_rounds": 20,
    "n_seeds": 10
  },
  "metrics": {
    "h1_single_pattern": {
      "stats": {
        "mean": 0.9956666666666665,
        "std": 0.002249828525701871,
        "sem": 0.0007114582486036587,
        "ci95_lo": 0.9942722084994033,
        "ci95_hi": 0.9970611248339296,
        "min": 0.9933333333333333,
        "max": 1.0,
        "n": 10
      },
      "test_vs_chance": {
        "t": 1258.9166945840375,
        "p": 6.410439519244965e-25,
        "d": 398.10441392961206,
        "sig": "True"
      }
    },
    "h2_switching": {
      "after_kick_A": {
        "overlap_with_A": {
          "mean": 0.8743333333333334,
          "std": 0.03243416884463015,
          "sem": 0.010256584756350317,
          "ci95_lo": 0.8542304272108868,
          "ci95_hi": 0.89443623945578,
          "min": 0.8166666666666665,
          "max": 0.9233333333333333,
          "n": 10
        }
      },
      "after_kick_B": {
        "overlap_with_A": {
          "mean": 0.7076666666666667,
          "std": 0.1450078754779108,
          "sem": 0.045855516517227544,
          "ci95_lo": 0.6177898542929007,
          "ci95_hi": 0.7975434790404327,
          "min": 0.4633333333333333,
          "max": 0.8566666666666666,
          "n": 10
        },
        "overlap_with_B": {
          "stats": {
            "mean": 0.37633333333333335,
            "std": 0.13508524971793928,
            "sem": 0.042717706740130625,
            "ci95_lo": 0.29260662812267735,
            "ci95_hi": 0.46006003854398936,
            "min": 0.24666666666666667,
            "max": 0.6066666666666666,
            "n": 10
          },
          "test_vs_chance": {
            "t": 6.468824157962939,
            "p": 0.00011557257393231167,
            "d": 2.0456218122283736,
            "sig": "True"
          }
        }
      }
    },
    "h3_interference": {
      "single_pattern": {
        "mean": 0.9956666666666665,
        "std": 0.002249828525701871,
        "sem": 0.0007114582486036587,
        "ci95_lo": 0.9942722084994033,
        "ci95_hi": 0.9970611248339296,
        "min": 0.9933333333333333,
        "max": 1.0,
        "n": 10
      },
      "dual_pattern_A": {
        "mean": 0.8743333333333334,
        "std": 0.03243416884463015,
        "sem": 0.010256584756350317,
        "ci95_lo": 0.8542304272108868,
        "ci95_hi": 0.89443623945578,
        "min": 0.8166666666666665,
        "max": 0.9233333333333333,
        "n": 10
      },
      "paired_test": {
        "t": 12.329737934436055,
        "p": 6.110253211518723e-07,
        "d": 3.8990054825797755,
        "sig": "True"
      }
    },
    "h4_capacity": [
      {
        "n_patterns": 1,
        "mean_switching_quality": {
          "mean": 0.994,
          "std": 0.00644061188719534,
          "sem": 0.002036700308869273,
          "ci95_lo": 0.9900080673946162,
          "ci95_hi": 0.9979919326053838,
          "min": 0.98,
          "max": 1.0,
          "n": 10
        },
        "test_vs_chance": {
          "t": 438.9452862096963,
          "p": 8.41577929128369e-21,
          "d": 138.80668726171382,
          "sig": "True"
        }
      },
      {
        "n_patterns": 2,
        "mean_switching_quality": {
          "mean": 0.6063333333333333,
          "std": 0.039006172351071344,
          "sem": 0.012334834743447041,
          "ci95_lo": 0.5821570572361771,
          "ci95_hi": 0.6305096094304895,
          "min": 0.5566666666666666,
          "max": 0.6900000000000001,
          "n": 10
        },
        "test_vs_chance": {
          "t": 41.049056907902724,
          "p": 1.5054891978586577e-11,
          "d": 12.980851563084126,
          "sig": "True"
        }
      },
      {
        "n_patterns": 3,
        "mean_switching_quality": {
          "mean": 0.4578888888888889,
          "std": 0.03941426423220031,
          "sem": 0.012463884727346063,
          "ci95_lo": 0.4334596748232906,
          "ci95_hi": 0.4823181029544872,
          "min": 0.42111111111111116,
          "max": 0.5499999999999999,
          "n": 10
        },
        "test_vs_chance": {
          "t": 28.714072435512183,
          "p": 3.670521605183784e-10,
          "d": 9.080186979527683,
          "sig": "True"
        }
      },
      {
        "n_patterns": 5,
        "mean_switching_quality": {
          "mean": 0.3321333333333333,
          "std": 0.038167661316491096,
          "sem": 0.012069674272201262,
          "ci95_lo": 0.3084767717598188,
          "ci95_hi": 0.35578989490684776,
          "min": 0.29599999999999993,
          "max": 0.422,
          "n": 10
        },
        "test_vs_chance": {
          "t": 19.23277530927078,
          "p": 1.2816686345428497e-08,
          "d": 6.0819375703545,
          "sig": "True"
        }
      }
    ],
    "h5_sparse_switching": [
      {
        "n": 500,
        "k": 22,
        "stats": {
          "mean": 0.3606060606060606,
          "std": 0.15726465014972577,
          "sem": 0.04973144899026735,
          "ci95_lo": 0.2631324205851366,
          "ci95_hi": 0.4580797006269846,
          "min": 0.12121212121212122,
          "max": 0.5454545454545454,
          "n": 10
        },
        "test_vs_chance": {
          "t": 6.366314817571909,
          "p": 0.0001303409854530217,
          "d": 2.013205512520658,
          "sig": "True"
        }
      },
      {
        "n": 1000,
        "k": 31,
        "stats": {
          "mean": 0.3860215053763441,
          "std": 0.11696346085900253,
          "sem": 0.036987093933040234,
          "ci95_lo": 0.31352680126758525,
          "ci95_hi": 0.45851620948510297,
          "min": 0.10752688172043011,
          "max": 0.5268817204301075,
          "n": 10
        },
        "test_vs_chance": {
          "t": 9.598523907259626,
          "p": 5.027230209567648e-06,
          "d": 3.035319772251922,
          "sig": "True"
        }
      },
      {
        "n": 2000,
        "k": 44,
        "stats": {
          "mean": 0.4787878787878788,
          "std": 0.1341857508571177,
          "sem": 0.04243326022483832,
          "ci95_lo": 0.3956186887471957,
          "ci95_hi": 0.5619570688285619,
          "min": 0.37121212121212116,
          "max": 0.8257575757575758,
          "n": 10
        },
        "test_vs_chance": {
          "t": 10.764854653343317,
          "p": 1.931250927534871e-06,
          "d": 3.4041459385227197,
          "sig": "True"
        }
      },
      {
        "n": 5000,
        "k": 70,
        "stats": {
          "mean": 0.46571428571428564,
          "std": 0.216057344272555,
          "sem": 0.06832333131084091,
          "ci95_lo": 0.33180055634503747,
          "ci95_hi": 0.5996280150835338,
          "min": 0.15714285714285714,
          "max": 0.9619047619047619,
          "n": 10
        },
        "test_vs_chance": {
          "t": 6.611420682331569,
          "p": 9.79799507679068e-05,
          "d": 2.09071479257123,
          "sig": "True"
        }
      }
    ],
    "h6_normalization": {
      "single_pattern": {
        "mean": 0.9883333333333333,
        "std": 0.006136311676215136,
        "sem": 0.0019404721329525506,
        "ci95_lo": 0.9845300079527463,
        "ci95_hi": 0.9921366587139203,
        "min": 0.98,
        "max": 0.9966666666666667,
        "n": 10
      },
      "dual_after_A": {
        "mean": 0.9383333333333332,
        "std": 0.015733113620562542,
        "sem": 0.004975247372719577,
        "ci95_lo": 0.9285818484828029,
        "ci95_hi": 0.9480848181838636,
        "min": 0.9166666666666666,
        "max": 0.9666666666666667,
        "n": 10
      },
      "dual_after_B_overlap_A": {
        "mean": 0.8343333333333334,