{
  "experiment_name": "scaling_laws",
  "timestamp": "2026-02-06T15:58:22.087568",
  "parameters": {
    "n_seeds": 10,
    "n_values": [
      100,
      200,
      500,
      1000,
      2000,
      5000
    ],
    "base_p": 0.05,
    "base_beta": 0.1,
    "base_wmax": 20.0,
    "max_train_rounds": 100,
    "test_rounds": 20
  },
  "metrics": {
    "scaling_results": [
      {
        "n": 100,
        "k": 10,
        "k_over_n": 0.1,
        "log10_n": 2.0,
        "null_overlap": 0.1,
        "convergence_time": {
          "mean": 43.6,
          "std": 48.55283490979469,
          "sem": 15.353754517308715,
          "ci95_lo": 13.50664114607492,
          "ci95_hi": 73.69335885392508,
          "min": 4.0,
          "max": 100.0,
          "n": 10
        },
        "persistence": {
          "mean": 0.5599999999999999,
          "std": 0.1646545204697129,
          "sem": 0.05206833117271102,
          "ci95_lo": 0.4579460709014863,
          "ci95_hi": 0.6620539290985136,
          "min": 0.2,
          "max": 0.8,
          "n": 10
        },
        "test_vs_null": {
          "t": 8.834544715369821,
          "p": 9.93502899680325e-06,
          "d": 2.7937283391172603,
          "significant": "True"
        }
      },
      {
        "n": 200,
        "k": 14,
        "k_over_n": 0.07,
        "log10_n": 2.3010299956639813,
        "null_overlap": 0.07,
        "convergence_time": {
          "mean": 41.0,
          "std": 41.59593997281733,
          "sem": 13.153791172974513,
          "ci95_lo": 15.218569300969953,
          "ci95_hi": 66.78143069903004,
          "min": 5.0,
          "max": 100.0,
          "n": 10
        },
        "persistence": {
          "mean": 0.6571428571428573,
          "std": 0.27313581713714263,
          "sem": 0.08637312927246217,
          "ci95_lo": 0.4878515237688314,
          "ci95_hi": 0.826434190516883,
          "min": 0.07142857142857142,
          "max": 0.9285714285714286,
          "n": 10
        },
        "test_vs_null": {
          "t": 6.797749046358246,
          "p": 7.925486056855775e-05,
          "d": 2.1496369948729583,
          "significant": "True"
        }
      },
      {
        "n": 500,
        "k": 22,
        "k_over_n": 0.044,
        "log10_n": 2.6989700043360187,
        "null_overlap": 0.044,
        "convergence_time": {
          "mean": 29.2,
          "std": 33.50223873116541,
          "sem": 10.594338110519221,
          "ci95_lo": 8.435097303382328,
          "ci95_hi": 49.96490269661767,
          "min": 8.0,
          "max": 100.0,
          "n": 10
        },
        "persistence": {
          "mean": 0.6227272727272728,
          "std": 0.2802415985098457,
          "sem": 0.08862017464175612,
          "ci95_lo": 0.4490317304294308,
          "ci95_hi": 0.7964228150251148,
          "min": 0.13636363636363635,
          "max": 1.0,
          "n": 10
        },
        "test_vs_null": {
          "t": 6.530423518874308,
          "p": 0.00010758257826309469,
          "d": 2.06510124051744,
          "significant": "True"
        }
      },
      {
        "n": 1000,
        "k": 31,
        "k_over_n": 0.031,
        "log10_n": 3.0,
        "null_overlap": 0.031,
        "convergence_time": {
          "mean": 15.6,
          "std": 17.095808453146248,
          "sem": 5.406169315390211,
          "ci95_lo": 5.003908141835186,
          "ci95_hi": 26.196091858164813,
          "min": 6.0,
          "max": 64.0,
          "n": 10
        },
        "persistence": {
          "mean": 0.5096774193548388,
          "std": 0.2659198700154775,
          "sem": 0.08409124643448238,
          "ci95_lo": 0.34485857634325334,
          "ci95_hi": 0.6744962623664242,
          "min": 0.03225806451612903,
          "max": 1.0,
          "n": 10
        },
        "test_vs_null": {
          "t": 5.692357286293627,
          "p": 0.0002971721030601104,
          "d": 1.8000814280143036,
          "significant": "True"
        }
      },
      {
        "n": 2000,
        "k": 44,
        "k_over_n": 0.022,
        "log10_n": 3.3010299956639813,
        "null_overlap": 0.022,
        "convergence_time": {
          "mean": 36.8,
          "std": 43.626699266491485,
          "sem": 13.795973647731024,
          "ci95_lo": 9.75989165044719,
          "ci95_hi": 63.84010834955281,
          "min": 8.0,
          "max": 100.0,
          "n": 10
        },
        "persistence": {
          "mean": 0.631818181818182,
          "std": 0.24119004010398673,
          "sem": 0.07627098756759527,
          "ci95_lo": 0.4823270461856952,
          "ci95_hi": 0.7813093174506687,
          "min": 0.3409090909090909,
          "max": 0.9772727272727273,
          "n": 10
        },
        "test_vs_null": {
          "t": 7.995414787014914,
          "p": 2.223643005170366e-05,
          "d": 2.5283721564757182,
          "significant": "True"
        }
      },
      {
        "n": 5000,
        "k": 70,
        "k_over_n": 0.014,
        "log10_n": 3.6989700043360187,
        "null_overlap": 0.014,
        "convergence_time": {
          "mean": 8.6,
          "std": 0.9660917830792959,
          "sem": 0.30550504633038933,
          "ci95_lo": 8.001210109192437,
          "ci95_hi": 9.198789890807562,
          "min": 7.0,
          "max": 10.0,
          "n": 10
        },
        "persistence": {
          "mean": 0.3742857142857142,
          "std": 0.2546439424273941,
          "sem": 0.08052548504353511,
          "ci95_lo": 0.2164557636003854,
          "ci95_hi": 0.532115664971043,
          "min": 0.0,
          "max": 0.6428571428571429,
          "n": 10
        },
        "test_vs_null": {
          "t": 4.474182478887648,
          "p": 0.0015453207614310913,
          "d": 1.414860730050319,
          "significant": "True"
        }
      }
    ],
    "scaling_fit": {
      "slope": -17.485388849123193,
      "intercept": 78.67526840584905,
      "r_squared": 0.6007347971214917,
      "p_value": 0.07019975957009565,
      "std_err": 7.127457488138069,
      "scaling_type": "O(log n) - logarithmic",
      "equation": "T = -17.49 * log10(n) + 78.68"
    }
  },
  "raw_data": {},
  "success": true,
  "error_message": null,
  "duration_seconds": 5.738182900007814
}