cut,n,k,p,kp,M,alpha,T,beta,gain,depth,level,seed,acc,margin,spread,floor,Q
gain_x_alpha,4000,50,0.05000,2.500,32,0.4000,2,0.224745,1.5000,5,1,42,1.000000,14.131771,0.013105,0.012500,0.000612
gain_x_alpha,4000,50,0.05000,2.500,32,0.4000,2,0.224745,1.5000,5,2,42,1.000000,11.217187,0.016250,0.012500,0.003797
gain_x_alpha,4000,50,0.05000,2.500,32,0.4000,2,0.224745,1.5000,5,3,42,1.000000,9.563021,0.015282,0.012500,0.002817
gain_x_alpha,4000,50,0.05000,2.500,32,0.4000,2,0.224745,1.5000,5,4,42,1.000000,8.182031,0.016774,0.012500,0.004328
gain_x_alpha,4000,50,0.05000,2.500,32,0.4000,2,0.224745,1.5000,5,5,42,1.000000,7.111830,0.014315,0.012500,0.001837
gain_x_alpha,4000,50,0.05000,2.500,32,0.4000,2,0.224745,1.5000,5,1,43,1.000000,13.308854,0.014032,0.012500,0.001552
gain_x_alpha,4000,50,0.05000,2.500,32,0.4000,2,0.224745,1.5000,5,2,43,1.000000,13.102083,0.015040,0.012500,0.002572
gain_x_alpha,4000,50,0.05000,2.500,32,0.4000,2,0.224745,1.5000,5,3,43,1.000000,10.515625,0.015645,0.012500,0.003185
gain_x_alpha,4000,50,0.05000,2.500,32,0.4000,2,0.224745,1.5000,5,4,43,1.000000,9.141146,0.015403,0.012500,0.002940
gain_x_alpha,4000,50,0.05000,2.500,32,0.4000,2,0.224745,1.5000,5,5,43,1.000000,8.532292,0.015444,0.012500,0.002981
gain_x_alpha,4000,50,0.05000,2.500,32,0.4000,2,0.264911,1.6000,5,1,42,1.000000,14.786458,0.013468,0.012500,0.000980
gain_x_alpha,4000,50,0.05000,2.500,32,0.4000,2,0.264911,1.6000,5,2,42,1.000000,13.256771,0.016774,0.012500,0.004328
gain_x_alpha,4000,50,0.05000,2.500,32,0.4000,2,0.264911,1.6000,5,3,42,1.000000,10.928497,0.015847,0.012500,0.003389
gain_x_alpha,4000,50,0.05000,2.500,32,0.4000,2,0.264911,1.6000,5,4,42,1.000000,9.226562,0.016935,0.012500,0.004492
gain_x_alpha,4000,50,0.05000,2.500,32,0.4000,2,0.264911,1.6000,5,5,42,1.000000,9.617708,0.014677,0.012500,0.002205
gain_x_alpha,4000,50,0.05000,2.500,32,0.4000,2,0.264911,1.6000,5,1,43,1.000000,13.953125,0.015081,0.012500,0.002613
gain_x_alpha,4000,50,0.05000,2.500,32,0.4000,2,0.264911,1.6000,5,2,43,1.000000,12.455729,0.015524,0.012500,0.003062
gain_x_alpha,4000,50,0.05000,2.500,32,0.4000,2,0.264911,1.6000,5,3,43,1.000000,9.989323,0.016573,0.012500,0.004124
gain_x_alpha,4000,50,0.05000,2.500,32,0.4000,2,0.264911,1.6000,5,4,43,1.000000,9.882812,0.016331,0.012500,0.003879
gain_x_alpha,4000,50,0.05000,2.500,32,0.4000,2,0.264911,1.6000,5,5,43,1.000000,9.137500,0.015565,0.012500,0.003103
gain_x_alpha,4000,50,0.05000,2.500,32,0.4000,2,0.303840,1.7000,5,1,42,1.000000,13.754688,0.014516,0.012500,0.002042
gain_x_alpha,4000,50,0.05000,2.500,32,0.4000,2,0.303840,1.7000,5,2,42,1.000000,12.135342,0.017016,0.012500,0.004573
gain_x_alpha,4000,50,0.05000,2.500,32,0.4000,2,0.303840,1.7000,5,3,42,1.000000,11.448438,0.016573,0.012500,0.004124
gain_x_alpha,4000,50,0.05000,2.500,32,0.4000,2,0.303840,1.7000,5,4,42,1.000000,10.100521,0.018952,0.012500,0.006533
gain_x_alpha,4000,50,0.05000,2.500,32,0.4000,2,0.303840,1.7000,5,5,42,1.000000,9.505729,0.018387,0.012500,0.005962
gain_x_alpha,4000,50,0.05000,2.500,32,0.4000,2,0.303840,1.7000,5,1,43,1.000000,14.516146,0.015323,0.012500,0.002858
gain_x_alpha,4000,50,0.05000,2.500,32,0.4000,2,0.303840,1.7000,5,2,43,1.000000,11.910937,0.017339,0.012500,0.004900
gain_x_alpha,4000,50,0.05000,2.500,32,0.4000,2,0.303840,1.7000,5,3,43,1.000000,10.594345,0.017621,0.012500,0.005186
gain_x_alpha,4000,50,0.05000,2.500,32,0.4000,2,0.303840,1.7000,5,4,43,1.000000,9.878150,0.018831,0.012500,0.006411
gain_x_alpha,4000,50,0.05000,2.500,32,0.4000,2,0.303840,1.7000,5,5,43,1.000000,9.883333,0.017177,0.012500,0.004737
gain_x_alpha,4000,50,0.05000,2.500,32,0.4000,2,0.334166,1.7800,5,1,42,1.000000,14.471354,0.014234,0.012500,0.001756
gain_x_alpha,4000,50,0.05000,2.500,32,0.4000,2,0.334166,1.7800,5,2,42,1.000000,11.521875,0.019677,0.012500,0.007268
gain_x_alpha,4000,50,0.05000,2.500,32,0.4000,2,0.334166,1.7800,5,3,42,1.000000,10.372396,0.019073,0.012500,0.006656
gain_x_alpha,4000,50,0.05000,2.500,32,0.4000,2,0.334166,1.7800,5,4,42,1.000000,10.298438,0.020121,0.012500,0.007717
gain_x_alpha,4000,50,0.05000,2.500,32,0.4000,2,0.334166,1.7800,5,5,42,1.000000,9.856250,0.017863,0.012500,0.005431
gain_x_alpha,4000,50,0.05000,2.500,32,0.4000,2,0.334166,1.7800,5,1,43,1.000000,15.323958,0.015403,0.012500,0.002940
gain_x_alpha,4000,50,0.05000,2.500,32,0.4000,2,0.334166,1.7800,5,2,43,1.000000,11.889583,0.017742,0.012500,0.005308
gain_x_alpha,4000,50,0.05000,2.500,32,0.4000,2,0.334166,1.7800,5,3,43,1.000000,11.872396,0.017621,0.012500,0.005186
gain_x_alpha,4000,50,0.05000,2.500,32,0.4000,2,0.334166,1.7800,5,4,43,1.000000,11.321354,0.017581,0.012500,0.005145
gain_x_alpha,4000,50,0.05000,2.500,32,0.4000,2,0.334166,1.7800,5,5,43,1.000000,10.687500,0.018226,0.012500,0.005798
gain_x_alpha,4000,50,0.05000,2.500,32,0.4000,2,0.356466,1.8400,5,1,42,1.000000,14.840104,0.015685,0.012500,0.003226
gain_x_alpha,4000,50,0.05000,2.500,32,0.4000,2,0.356466,1.8400,5,2,42,1.000000,11.399851,0.019758,0.012500,0.007350
gain_x_alpha,4000,50,0.05000,2.500,32,0.4000,2,0.356466,1.8400,5,3,42,1.000000,11.791146,0.018226,0.012500,0.005798
gain_x_alpha,4000,50,0.05000,2.500,32,0.4000,2,0.356466,1.8400,5,4,42,1.000000,11.310937,0.017742,0.012500,0.005308
gain_x_alpha,4000,50,0.05000,2.500,32,0.4000,2,0.356466,1.8400,5,5,42,1.000000,10.291667,0.018710,0.012500,0.006288
gain_x_alpha,4000,50,0.05000,2.500,32,0.4000,2,0.356466,1.8400,5,1,43,1.000000,13.772396,0.016492,0.012500,0.004042
gain_x_alpha,4000,50,0.05000,2.500,32,0.4000,2,0.356466,1.8400,5,2,43,1.000000,11.754725,0.019556,0.012500,0.007146
gain_x_alpha,4000,50,0.05000,2.500,32,0.4000,2,0.356466,1.8400,5,3,43,1.000000,11.186384,0.018468,0.012500,0.006043
gain_x_alpha,4000,50,0.05000,2.500,32,0.4000,2,0.356466,1.8400,5,4,43,1.000000,10.039397,0.018468,0.012500,0.006043
gain_x_alpha,4000,50,0.05000,2.500,32,0.4000,2,0.356466,1.8400,5,5,43,1.000000,9.506101,0.019113,0.012500,0.006697
gain_x_alpha,4000,50,0.05000,2.500,32,0.4000,2,0.378405,1.9000,5,1,42,1.000000,16.285937,0.015202,0.012500,0.002736
gain_x_alpha,4000,50,0.05000,2.500,32,0.4000,2,0.378405,1.9000,5,2,42,1.000000,11.333333,0.020363,0.012500,0.007962
gain_x_alpha,4000,50,0.05000,2.500,32,0.4000,2,0.378405,1.9000,5,3,42,1.000000,10.802083,0.019032,0.012500,0.006615
gain_x_alpha,4000,50,0.05000,2.500,32,0.4000,2,0.378405,1.9000,5,4,42,1.000000,9.828497,0.020968,0.012500,0.008575
gain_x_alpha,4000,50,0.05000,2.500,32,0.4000,2,0.378405,1.9000,5,5,42,1.000000,9.600000,0.019435,0.012500,0.007023
gain_x_alpha,4000,50,0.05000,2.500,32,0.4000,2,0.378405,1.9000,5,1,43,1.000000,15.253646,0.016250,0.012500,0.003797
gain_x_alpha,4000,50,0.05000,2.500,32,0.4000,2,0.378405,1.9000,5,2,43,1.000000,13.023475,0.019516,0.012500,0.007105
gain_x_alpha,4000,50,0.05000,2.500,32,0.4000,2,0.378405,1.9000,5,3,43,1.000000,10.333966,0.020282,0.012500,0.007881
gain_x_alpha,4000,50,0.05000,2.500,32,0.4000,2,0.378405,1.9000,5,4,43,1.000000,10.620313,0.019556,0.012500,0.007146
gain_x_alpha,4000,50,0.05000,2.500,32,0.4000,2,0.378405,1.9000,5,5,43,1.000000,9.340327,0.018306,0.012500,0.005880
gain_x_alpha,4000,50,0.05000,2.500,32,0.4000,2,0.400000,1.9600,5,1,42,1.000000,14.489583,0.016290,0.012500,0.003838
gain_x_alpha,4000,50,0.05000,2.500,32,0.4000,2,0.400000,1.9600,5,2,42,1.000000,13.149479,0.020121,0.012500,0.007717
gain_x_alpha,4000,50,0.05000,2.500,32,0.4000,2,0.400000,1.9600,5,3,42,1.000000,12.027083,0.018226,0.012500,0.005798
gain_x_alpha,4000,50,0.05000,2.500,32,0.4000,2,0.400000,1.9600,5,4,42,1.000000,8.892039,0.020282,0.012500,0.007881
gain_x_alpha,4000,50,0.05000,2.500,32,0.4000,2,0.400000,1.9600,5,5,42,1.000000,9.026587,0.020685,0.012500,0.008289
gain_x_alpha,4000,50,0.05000,2.500,32,0.4000,2,0.400000,1.9600,5,1,43,1.000000,13.838690,0.017298,0.012500,0.004859
gain_x_alpha,4000,50,0.05000,2.500,32,0.4000,2,0.400000,1.9600,5,2,43,1.000000,11.781944,0.019919,0.012500,0.007513
gain_x_alpha,4000,50,0.05000,2.500,32,0.4000,2,0.400000,1.9600,5,3,43,1.000000,10.352232,0.021048,0.012500,0.008657
gain_x_alpha,4000,50,0.05000,2.500,32,0.4000,2,0.400000,1.9600,5,4,43,1.000000,10.551786,0.021008,0.012500,0.008616
gain_x_alpha,4000,50,0.05000,2.500,32,0.4000,2,0.400000,1.9600,5,5,43,1.000000,8.637054,0.019677,0.012500,0.007268
gain_x_alpha,4000,50,0.05000,2.500,32,0.4000,2,0.421267,2.0200,5,1,42,1.000000,15.678125,0.015000,0.012500,0.002532
gain_x_alpha,4000,50,0.05000,2.500,32,0.4000,2,0.421267,2.0200,5,2,42,1.000000,12.817411,0.018589,0.012500,0.006166
gain_x_alpha,4000,50,0.05000,2.500,32,0.4000,2,0.421267,2.0200,5,3,42,1.000000,10.286235,0.020847,0.012500,0.008452
gain_x_alpha,4000,50,0.05000,2.500,32,0.4000,2,0.421267,2.0200,5,4,42,1.000000,9.046131,0.022581,0.012500,0.010208
gain_x_alpha,4000,50,0.05000,2.500,32,0.4000,2,0.421267,2.0200,5,5,42,1.000000,8.802765,0.021734,0.012500,0.009351
gain_x_alpha,4000,50,0.05000,2.500,32,0.4000,2,0.421267,2.0200,5,1,43,1.000000,13.984375,0.017137,0.012500,0.004696
gain_x_alpha,4000,50,0.05000,2.500,32,0.4000,2,0.421267,2.0200,5,2,43,1.000000,11.627083,0.019395,0.012500,0.006982
gain_x_alpha,4000,50,0.05000,2.500,32,0.4000,2,0.421267,2.0200,5,3,43,1.000000,10.702865,0.020484,0.012500,0.008085
gain_x_alpha,4000,50,0.05000,2.500,32,0.4000,2,0.421267,2.0200,5,4,43,1.000000,10.466704,0.020444,0.012500,0.008044
gain_x_alpha,4000,50,0.05000,2.500,32,0.4000,2,0.421267,2.0200,5,5,43,1.000000,9.470015,0.020202,0.012500,0.007799
gain_x_alpha,4000,50,0.05000,2.500,32,0.4000,2,0.449138,2.1000,5,1,42,1.000000,13.352083,0.016371,0.012500,0.003920
gain_x_alpha,4000,50,0.05000,2.500,32,0.4000,2,0.449138,2.1000,5,2,42,1.000000,9.821043,0.022782,0.012500,0.010412
gain_x_alpha,4000,50,0.05000,2.500,32,0.4000,2,0.449138,2.1000,5,3,42,1.000000,10.007366,0.020524,0.012500,0.008126
gain_x_alpha,4000,50,0.05000,2.500,32,0.4000,2,0.449138,2.1000,5,4,42,1.000000,6.634280,0.027823,0.012500,0.015517
gain_x_alpha,4000,50,0.05000,2.500,32,0.4000,2,0.449138,2.1000,5,5,42,0.968750,5.104968,0.030444,0.012500,0.018171
gain_x_alpha,4000,50,0.05000,2.500,32,0.4000,2,0.449138,2.1000,5,1,43,1.000000,14.489062,0.016290,0.012500,0.003838
gain_x_alpha,4000,50,0.05000,2.500,32,0.4000,2,0.449138,2.1000,5,2,43,1.000000,11.764955,0.020444,0.012500,0.008044
gain_x_alpha,4000,50,0.05000,2.500,32,0.4000,2,0.449138,2.1000,5,3,43,1.000000,8.406473,0.024637,0.012500,0.012291
gain_x_alpha,4000,50,0.05000,2.500,32,0.4000,2,0.449138,2.1000,5,4,43,1.000000,7.904852,0.024395,0.012500,0.012046
gain_x_alpha,4000,50,0.05000,2.500,32,0.4000,2,0.449138,2.1000,5,5,43,0.968750,5.550865,0.023589,0.012500,0.011229
gain_x_alpha,4000,50,0.05000,2.500,32,0.4000,2,0.483240,2.2000,5,1,42,1.000000,14.017708,0.016613,0.012500,0.004165
gain_x_alpha,4000,50,0.05000,2.500,32,0.4000,2,0.483240,2.2000,5,2,42,1.000000,11.519866,0.022984,0.012500,0.010617
gain_x_alpha,4000,50,0.05000,2.500,32,0.4000,2,0.483240,2.2000,5,3,42,1.000000,9.180729,0.024476,0.012500,0.012127
gain_x_alpha,4000,50,0.05000,2.500,32,0.4000,2,0.483240,2.2000,5,4,42,1.000000,6.634072,0.027419,0.012500,0.015108
gain_x_alpha,4000,50,0.05000,2.500,32,0.4000,2,0.483240,2.2000,5,5,42,0.968750,4.582798,0.027621,0.012500,0.015312
gain_x_alpha,4000,50,0.05000,2.500,32,0.4000,2,0.483240,2.2000,5,1,43,1.000000,12.829688,0.019234,0.012500,0.006819
gain_x_alpha,4000,50,0.05000,2.500,32,0.4000,2,0.483240,2.2000,5,2,43,1.000000,10.792187,0.022903,0.012500,0.010535
gain_x_alpha,4000,50,0.05000,2.500,32,0.4000,2,0.483240,2.2000,5,3,43,1.000000,7.976587,0.026048,0.012500,0.013720
gain_x_alpha,4000,50,0.05000,2.500,32,0.4000,2,0.483240,2.2000,5,4,43,1.000000,6.334090,0.026532,0.012500,0.014210
gain_x_alpha,4000,50,0.05000,2.500,32,0.4000,2,0.483240,2.2000,5,5,43,1.000000,4.916198,0.025323,0.012500,0.012985
gain_x_alpha,4000,50,0.05000,2.500,32,0.4000,2,0.532971,2.3500,5,1,42,1.000000,13.792188,0.016976,0.012500,0.004532
gain_x_alpha,4000,50,0.05000,2.500,32,0.4000,2,0.532971,2.3500,5,2,42,1.000000,11.391815,0.021815,0.012500,0.009432
gain_x_alpha,4000,50,0.05000,2.500,32,0.4000,2,0.532971,2.3500,5,3,42,1.000000,8.337760,0.025444,0.012500,0.013107
gain_x_alpha,4000,50,0.05000,2.500,32,0.4000,2,0.532971,2.3500,5,4,42,1.000000,6.068337,0.032379,0.012500,0.020131
gain_x_alpha,4000,50,0.05000,2.500,32,0.4000,2,0.532971,2.3500,5,5,42,0.968750,3.038050,0.037177,0.012500,0.024990
gain_x_alpha,4000,50,0.05000,2.500,32,0.4000,2,0.532971,2.3500,5,1,43,1.000000,12.576562,0.019556,0.012500,0.007146
gain_x_alpha,4000,50,0.05000,2.500,32,0.4000,2,0.532971,2.3500,5,2,43,1.000000,10.159003,0.023266,0.012500,0.010902
gain_x_alpha,4000,50,0.05000,2.500,32,0.4000,2,0.532971,2.3500,5,3,43,1.000000,7.537499,0.025323,0.012500,0.012985
gain_x_alpha,4000,50,0.05000,2.500,32,0.4000,2,0.532971,2.3500,5,4,43,0.968750,3.223458,0.035040,0.012500,0.022826
gain_x_alpha,4000,50,0.05000,2.500,32,0.4000,2,0.532971,2.3500,5,5,43,0.406250,1.714458,0.043105,0.012500,0.030992
gain_x_alpha,4000,50,0.05000,2.500,64,0.8000,2,0.224745,1.5000,5,1,42,1.000000,12.817708,0.014256,0.012500,0.001778
gain_x_alpha,4000,50,0.05000,2.500,64,0.8000,2,0.224745,1.5000,5,2,42,1.000000,11.094531,0.014782,0.012500,0.002311
gain_x_alpha,4000,50,0.05000,2.500,64,0.8000,2,0.224745,1.5000,5,3,42,1.000000,8.772135,0.014573,0.012500,0.002100
gain_x_alpha,4000,50,0.05000,2.500,64,0.8000,2,0.224745,1.5000,5,4,42,1.000000,6.784263,0.015625,0.012500,0.003165
gain_x_alpha,4000,50,0.05000,2.500,64,0.8000,2,0.224745,1.5000,5,5,42,1.000000,5.233854,0.015159,0.012500,0.002692
gain_x_depth,4000,50,0.05000,2.500,64,0.8000,2,0.224745,1.5000,2,1,42,1.000000,12.648958,0.014702,0.012500,0.002230
gain_x_depth,4000,50,0.05000,2.500,64,0.8000,2,0.224745,1.5000,2,2,42,1.000000,10.359245,0.015228,0.012500,0.002763
gain_x_depth,4000,50,0.05000,2.500,64,0.8000,2,0.224745,1.5000,2,1,43,1.000000,13.332552,0.014603,0.012500,0.002130
gain_x_depth,4000,50,0.05000,2.500,64,0.8000,2,0.224745,1.5000,2,2,43,1.000000,10.469010,0.014058,0.012500,0.001577
gain_x_alpha,4000,50,0.05000,2.500,64,0.8000,2,0.224745,1.5000,5,1,43,1.000000,12.944531,0.014454,0.012500,0.001979
gain_x_alpha,4000,50,0.05000,2.500,64,0.8000,2,0.224745,1.5000,5,2,43,1.000000,10.104948,0.015288,0.012500,0.002823
gain_x_alpha,4000,50,0.05000,2.500,64,0.8000,2,0.224745,1.5000,5,3,43,1.000000,8.805915,0.014514,0.012500,0.002039
gain_x_alpha,4000,50,0.05000,2.500,64,0.8000,2,0.224745,1.5000,5,4,43,1.000000,6.558594,0.013730,0.012500,0.001246
gain_x_alpha,4000,50,0.05000,2.500,64,0.8000,2,0.224745,1.5000,5,5,43,1.000000,5.196205,0.014058,0.012500,0.001577
gain_x_depth,4000,50,0.05000,2.500,64,0.8000,2,0.303840,1.7000,2,1,42,1.000000,13.407292,0.015754,0.012500,0.003295
gain_x_depth,4000,50,0.05000,2.500,64,0.8000,2,0.303840,1.7000,2,2,42,1.000000,10.574144,0.016438,0.012500,0.003988
gain_x_depth,4000,50,0.05000,2.500,64,0.8000,2,0.303840,1.7000,2,1,43,1.000000,13.530618,0.014821,0.012500,0.002351
gain_x_depth,4000,50,0.05000,2.500,64,0.8000,2,0.303840,1.7000,2,2,43,1.000000,12.127344,0.015675,0.012500,0.003215
gain_x_depth,4000,50,0.05000,2.500,64,0.8000,2,0.356466,1.8400,2,1,42,1.000000,12.854427,0.016885,0.012500,0.004440
gain_x_depth,4000,50,0.05000,2.500,64,0.8000,2,0.356466,1.8400,2,2,42,1.000000,10.382403,0.018730,0.012500,0.006309
gain_x_alpha,4000,50,0.05000,2.500,64,0.8000,2,0.264911,1.6000,5,1,42,1.000000,11.965365,0.015883,0.012500,0.003426
gain_x_alpha,4000,50,0.05000,2.500,64,0.8000,2,0.264911,1.6000,5,2,42,1.000000,10.688281,0.015496,0.012500,0.003034
gain_x_alpha,4000,50,0.05000,2.500,64,0.8000,2,0.264911,1.6000,5,3,42,1.000000,9.799740,0.015099,0.012500,0.002632
gain_x_alpha,4000,50,0.05000,2.500,64,0.8000,2,0.264911,1.6000,5,4,42,1.000000,7.559449,0.016359,0.012500,0.003908
gain_x_alpha,4000,50,0.05000,2.500,64,0.8000,2,0.264911,1.6000,5,5,42,1.000000,6.463318,0.016716,0.012500,0.004270
gain_x_depth,4000,50,0.05000,2.500,64,0.8000,2,0.356466,1.8400,2,1,43,1.000000,13.628720,0.015466,0.012500,0.003004
gain_x_depth,4000,50,0.05000,2.500,64,0.8000,2,0.356466,1.8400,2,2,43,1.000000,11.120536,0.017282,0.012500,0.004842
gain_x_depth,4000,50,0.05000,2.500,64,0.8000,2,0.400000,1.9600,2,1,42,1.000000,12.710938,0.017500,0.012500,0.005063
gain_x_depth,4000,50,0.05000,2.500,64,0.8000,2,0.400000,1.9600,2,2,42,1.000000,10.255339,0.019940,0.012500,0.007535
gain_x_depth,4000,50,0.05000,2.500,64,0.8000,2,0.400000,1.9600,2,1,43,1.000000,13.184375,0.016091,0.012500,0.003637
gain_x_depth,4000,50,0.05000,2.500,64,0.8000,2,0.400000,1.9600,2,2,43,1.000000,10.544568,0.018839,0.012500,0.006420
gain_x_alpha,4000,50,0.05000,2.500,64,0.8000,2,0.264911,1.6000,5,1,43,1.000000,13.264323,0.015407,0.012500,0.002944
gain_x_alpha,4000,50,0.05000,2.500,64,0.8000,2,0.264911,1.6000,5,2,43,1.000000,10.800260,0.015843,0.012500,0.003386
gain_x_alpha,4000,50,0.05000,2.500,64,0.8000,2,0.264911,1.6000,5,3,43,1.000000,9.224275,0.016091,0.012500,0.003637
gain_x_alpha,4000,50,0.05000,2.500,64,0.8000,2,0.264911,1.6000,5,4,43,1.000000,7.657924,0.015893,0.012500,0.003436
gain_x_alpha,4000,50,0.05000,2.500,64,0.8000,2,0.264911,1.6000,5,5,43,1.000000,6.744792,0.014692,0.012500,0.002220
gain_x_depth,4000,50,0.05000,2.500,64,0.8000,2,0.449138,2.1000,2,1,42,1.000000,11.731250,0.018859,0.012500,0.006440
gain_x_depth,4000,50,0.05000,2.500,64,0.8000,2,0.449138,2.1000,2,2,42,1.000000,7.687676,0.025794,0.012500,0.013462
gain_x_depth,4000,50,0.05000,2.500,64,0.8000,2,0.449138,2.1000,2,1,43,1.000000,12.606771,0.017341,0.012500,0.004903
gain_x_depth,4000,50,0.05000,2.500,64,0.8000,2,0.449138,2.1000,2,2,43,1.000000,9.709623,0.020089,0.012500,0.007685
gain_x_alpha,4000,50,0.05000,2.500,64,0.8000,2,0.303840,1.7000,5,1,42,1.000000,13.166406,0.016042,0.012500,0.003586
gain_x_alpha,4000,50,0.05000,2.500,64,0.8000,2,0.303840,1.7000,5,2,42,1.000000,10.281399,0.018194,0.012500,0.005767
gain_x_alpha,4000,50,0.05000,2.500,64,0.8000,2,0.303840,1.7000,5,3,42,1.000000,9.273512,0.016419,0.012500,0.003968
gain_x_alpha,4000,50,0.05000,2.500,64,0.8000,2,0.303840,1.7000,5,4,42,1.000000,8.700818,0.016141,0.012500,0.003687
gain_x_alpha,4000,50,0.05000,2.500,64,0.8000,2,0.303840,1.7000,5,5,42,1.000000,7.286979,0.017857,0.012500,0.005425
gain_x_depth,4000,50,0.05000,2.500,64,0.8000,2,0.224745,1.5000,3,1,42,1.000000,13.180469,0.014931,0.012500,0.002461
gain_x_depth,4000,50,0.05000,2.500,64,0.8000,2,0.224745,1.5000,3,2,42,1.000000,10.754688,0.015446,0.012500,0.002984
gain_x_depth,4000,50,0.05000,2.500,64,0.8000,2,0.224745,1.5000,3,3,42,1.000000,8.745833,0.015139,0.012500,0.002672
gain_x_depth,4000,50,0.05000,2.500,64,0.8000,2,0.224745,1.5000,3,1,43,1.000000,13.337500,0.014593,0.012500,0.002120
gain_x_depth,4000,50,0.05000,2.500,64,0.8000,2,0.224745,1.5000,3,2,43,1.000000,11.480990,0.014087,0.012500,0.001607
gain_x_depth,4000,50,0.05000,2.500,64,0.8000,2,0.224745,1.5000,3,3,43,1.000000,9.013802,0.015089,0.012500,0.002622
gain_x_alpha,4000,50,0.05000,2.500,64,0.8000,2,0.303840,1.7000,5,1,43,1.000000,13.159896,0.015298,0.012500,0.002833
gain_x_alpha,4000,50,0.05000,2.500,64,0.8000,2,0.303840,1.7000,5,2,43,1.000000,10.887240,0.016429,0.012500,0.003978
gain_x_alpha,4000,50,0.05000,2.500,64,0.8000,2,0.303840,1.7000,5,3,43,1.000000,9.459896,0.017063,0.012500,0.004621
gain_x_alpha,4000,50,0.05000,2.500,64,0.8000,2,0.303840,1.7000,5,4,43,1.000000,8.220499,0.017222,0.012500,0.004782
gain_x_alpha,4000,50,0.05000,2.500,64,0.8000,2,0.303840,1.7000,5,5,43,1.000000,7.238616,0.016448,0.012500,0.003998
gain_x_depth,4000,50,0.05000,2.500,64,0.8000,2,0.303840,1.7000,3,1,42,1.000000,13.867448,0.015456,0.012500,0.002994
gain_x_depth,4000,50,0.05000,2.500,64,0.8000,2,0.303840,1.7000,3,2,42,1.000000,11.053311,0.016329,0.012500,0.003878
gain_x_depth,4000,50,0.05000,2.500,64,0.8000,2,0.303840,1.7000,3,3,42,1.000000,9.159431,0.016855,0.012500,0.004410
gain_x_depth,4000,50,0.05000,2.500,64,0.8000,2,0.303840,1.7000,3,1,43,1.000000,12.583333,0.016438,0.012500,0.003988
gain_x_depth,4000,50,0.05000,2.500,64,0.8000,2,0.303840,1.7000,3,2,43,1.000000,10.776823,0.015992,0.012500,0.003536
gain_x_depth,4000,50,0.05000,2.500,64,0.8000,2,0.303840,1.7000,3,3,43,1.000000,9.954055,0.015685,0.012500,0.003225
gain_x_alpha,4000,50,0.05000,2.500,64,0.8000,2,0.334166,1.7800,5,1,42,1.000000,12.604688,0.016230,0.012500,0.003777
gain_x_alpha,4000,50,0.05000,2.500,64,0.8000,2,0.334166,1.7800,5,2,42,1.000000,10.254427,0.019236,0.012500,0.006821
gain_x_alpha,4000,50,0.05000,2.500,64,0.8000,2,0.334166,1.7800,5,3,42,1.000000,9.382403,0.017540,0.012500,0.005103
gain_x_alpha,4000,50,0.05000,2.500,64,0.8000,2,0.334166,1.7800,5,4,42,1.000000,7.744754,0.017827,0.012500,0.005395
gain_x_alpha,4000,50,0.05000,2.500,64,0.8000,2,0.334166,1.7800,5,5,42,1.000000,6.242318,0.019484,0.012500,0.007073
gain_x_depth,4000,50,0.05000,2.500,64,0.8000,2,0.356466,1.8400,3,1,42,1.000000,13.056510,0.015883,0.012500,0.003426
gain_x_depth,4000,50,0.05000,2.500,64,0.8000,2,0.356466,1.8400,3,2,42,1.000000,11.274479,0.017302,0.012500,0.004862
gain_x_depth,4000,50,0.05000,2.500,64,0.8000,2,0.356466,1.8400,3,3,42,1.000000,9.121168,0.018125,0.012500,0.005696
gain_x_depth,4000,50,0.05000,2.500,64,0.8000,2,0.356466,1.8400,3,1,43,1.000000,13.463802,0.016300,0.012500,0.003848
gain_x_depth,4000,50,0.05000,2.500,64,0.8000,2,0.356466,1.8400,3,2,43,1.000000,11.286124,0.017272,0.012500,0.004832
gain_x_depth,4000,50,0.05000,2.500,64,0.8000,2,0.356466,1.8400,3,3,43,1.000000,9.432651,0.019167,0.012500,0.006751
gain_x_alpha,4000,50,0.05000,2.500,64,0.8000,2,0.334166,1.7800,5,1,43,1.000000,12.662388,0.016062,0.012500,0.003607
gain_x_alpha,4000,50,0.05000,2.500,64,0.8000,2,0.334166,1.7800,5,2,43,1.000000,10.449950,0.017629,0.012500,0.005194
gain_x_alpha,4000,50,0.05000,2.500,64,0.8000,2,0.334166,1.7800,5,3,43,1.000000,8.680940,0.019712,0.012500,0.007304
gain_x_alpha,4000,50,0.05000,2.500,64,0.8000,2,0.334166,1.7800,5,4,43,1.000000,7.257199,0.018839,0.012500,0.006420
gain_x_alpha,4000,50,0.05000,2.500,64,0.8000,2,0.334166,1.7800,5,5,43,1.000000,6.422811,0.018224,0.012500,0.005797
gain_x_depth,4000,50,0.05000,2.500,64,0.8000,2,0.400000,1.9600,3,1,42,1.000000,13.409896,0.016369,0.012500,0.003918
gain_x_depth,4000,50,0.05000,2.500,64,0.8000,2,0.400000,1.9600,3,2,42,1.000000,9.715265,0.020169,0.012500,0.007766
gain_x_depth,4000,50,0.05000,2.500,64,0.8000,2,0.400000,1.9600,3,3,42,1.000000,7.554618,0.021438,0.012500,0.009052
gain_x_depth,4000,50,0.05000,2.500,64,0.8000,2,0.400000,1.9600,3,1,43,1.000000,13.058854,0.017024,0.012500,0.004581
gain_x_depth,4000,50,0.05000,2.500,64,0.8000,2,0.400000,1.9600,3,2,43,1.000000,10.176190,0.019216,0.012500,0.006801
gain_x_depth,4000,50,0.05000,2.500,64,0.8000,2,0.400000,1.9600,3,3,43,1.000000,7.778280,0.021141,0.012500,0.008750
gain_x_alpha,4000,50,0.05000,2.500,64,0.8000,2,0.356466,1.8400,5,1,42,1.000000,12.136719,0.016111,0.012500,0.003657
gain_x_alpha,4000,50,0.05000,2.500,64,0.8000,2,0.356466,1.8400,5,2,42,1.000000,10.727883,0.017679,0.012500,0.005244
gain_x_alpha,4000,50,0.05000,2.500,64,0.8000,2,0.356466,1.8400,5,3,42,1.000000,9.525074,0.018442,0.012500,0.006018
gain_x_alpha,4000,50,0.05000,2.500,64,0.8000,2,0.356466,1.8400,5,4,42,1.000000,8.577145,0.018879,0.012500,0.006460
gain_x_alpha,4000,50,0.05000,2.500,64,0.8000,2,0.356466,1.8400,5,5,42,1.000000,6.312901,0.018472,0.012500,0.006048
gain_x_depth,4000,50,0.05000,2.500,64,0.8000,2,0.449138,2.1000,3,1,42,1.000000,13.081510,0.017679,0.012500,0.005244
gain_x_depth,4000,50,0.05000,2.500,64,0.8000,2,0.449138,2.1000,3,2,42,1.000000,8.688393,0.023264,0.012500,0.010900
gain_x_depth,4000,50,0.05000,2.500,64,0.8000,2,0.449138,2.1000,3,3,42,1.000000,4.218650,0.031181,0.012500,0.018917
gain_x_depth,4000,50,0.05000,2.500,64,0.8000,2,0.449138,2.1000,3,1,43,1.000000,11.739323,0.018552,0.012500,0.006128
gain_x_depth,4000,50,0.05000,2.500,64,0.8000,2,0.449138,2.1000,3,2,43,1.000000,8.440650,0.022341,0.012500,0.009966
gain_x_depth,4000,50,0.05000,2.500,64,0.8000,2,0.449138,2.1000,3,3,43,0.968750,3.739866,0.035169,0.012500,0.022956
gain_x_alpha,4000,50,0.05000,2.500,64,0.8000,2,0.356466,1.8400,5,1,43,1.000000,12.867001,0.016488,0.012500,0.004039
gain_x_alpha,4000,50,0.05000,2.500,64,0.8000,2,0.356466,1.8400,5,2,43,1.000000,11.714323,0.017480,0.012500,0.005043
gain_x_alpha,4000,50,0.05000,2.500,64,0.8000,2,0.356466,1.8400,5,3,43,1.000000,9.272879,0.019137,0.012500,0.006721
gain_x_alpha,4000,50,0.05000,2.500,64,0.8000,2,0.356466,1.8400,5,4,43,1.000000,6.801531,0.021260,0.012500,0.008871
gain_x_alpha,4000,50,0.05000,2.500,64,0.8000,2,0.356466,1.8400,5,5,43,0.968750,3.658907,0.025466,0.012500,0.013130
gain_x_depth,4000,50,0.05000,2.500,64,0.8000,2,0.224745,1.5000,4,1,42,1.000000,13.565625,0.014097,0.012500,0.001617
gain_x_depth,4000,50,0.05000,2.500,64,0.8000,2,0.224745,1.5000,4,2,42,1.000000,10.997396,0.015565,0.012500,0.003104
gain_x_depth,4000,50,0.05000,2.500,64,0.8000,2,0.224745,1.5000,4,3,42,1.000000,8.932031,0.015169,0.012500,0.002702
gain_x_depth,4000,50,0.05000,2.500,64,0.8000,2,0.224745,1.5000,4,4,42,1.000000,6.751823,0.015069,0.012500,0.002602
gain_x_alpha,4000,50,0.05000,2.500,64,0.8000,2,0.378405,1.9000,5,1,42,1.000000,12.760677,0.016796,0.012500,0.004350
gain_x_alpha,4000,50,0.05000,2.500,64,0.8000,2,0.378405,1.9000,5,2,42,1.000000,9.454148,0.020278,0.012500,0.007876
gain_x_alpha,4000,50,0.05000,2.500,64,0.8000,2,0.378405,1.9000,5,3,42,1.000000,7.116539,0.020327,0.012500,0.007926
gain_x_alpha,4000,50,0.05000,2.500,64,0.8000,2,0.378405,1.9000,5,4,42,0.984375,4.596645,0.023026,0.012500,0.010659
gain_x_alpha,4000,50,0.05000,2.500,64,0.8000,2,0.378405,1.9000,5,5,42,0.609375,2.668320,0.026994,0.012500,0.014678
gain_x_depth,4000,50,0.05000,2.500,64,0.8000,2,0.224745,1.5000,4,1,43,1.000000,13.549219,0.014266,0.012500,0.001788
gain_x_depth,4000,50,0.05000,2.500,64,0.8000,2,0.224745,1.5000,4,2,43,1.000000,11.015104,0.015208,0.012500,0.002743
gain_x_depth,4000,50,0.05000,2.500,64,0.8000,2,0.224745,1.5000,4,3,43,1.000000,8.700000,0.015188,0.012500,0.002723
gain_x_depth,4000,50,0.05000,2.500,64,0.8000,2,0.224745,1.5000,4,4,43,1.000000,7.136012,0.014762,0.012500,0.002291
gain_x_alpha,4000,50,0.05000,2.500,64,0.8000,2,0.378405,1.9000,5,1,43,1.000000,13.598958,0.015407,0.012500,0.002944
gain_x_alpha,4000,50,0.05000,2.500,64,0.8000,2,0.378405,1.9000,5,2,43,1.000000,10.544122,0.018492,0.012500,0.006068
gain_x_alpha,4000,50,0.05000,2.500,64,0.8000,2,0.378405,1.9000,5,3,43,1.000000,7.245558,0.024405,0.012500,0.012055
gain_x_alpha,4000,50,0.05000,2.500,64,0.8000,2,0.378405,1.9000,5,4,43,0.890625,3.329634,0.032659,0.012500,0.020414
gain_x_alpha,4000,50,0.05000,2.500,64,0.8000,2,0.378405,1.9000,5,5,43,0.218750,1.334665,0.059365,0.012500,0.047458
gain_x_depth,4000,50,0.05000,2.500,64,0.8000,2,0.303840,1.7000,4,1,42,1.000000,12.953646,0.015139,0.012500,0.002672
gain_x_depth,4000,50,0.05000,2.500,64,0.8000,2,0.303840,1.7000,4,2,42,1.000000,11.619494,0.016012,0.012500,0.003556
gain_x_depth,4000,50,0.05000,2.500,64,0.8000,2,0.303840,1.7000,4,3,42,1.000000,10.020833,0.015942,0.012500,0.003486
gain_x_depth,4000,50,0.05000,2.500,64,0.8000,2,0.303840,1.7000,4,4,42,1.000000,8.984022,0.016190,0.012500,0.003737
gain_x_depth,4000,50,0.05000,2.500,64,0.8000,2,0.303840,1.7000,4,1,43,1.000000,12.553534,0.015883,0.012500,0.003426
gain_x_depth,4000,50,0.05000,2.500,64,0.8000,2,0.303840,1.7000,4,2,43,1.000000,10.787500,0.015972,0.012500,0.003516
gain_x_depth,4000,50,0.05000,2.500,64,0.8000,2,0.303840,1.7000,4,3,43,1.000000,10.160714,0.016181,0.012500,0.003727
gain_x_depth,4000,50,0.05000,2.500,64,0.8000,2,0.303840,1.7000,4,4,43,1.000000,8.553237,0.017560,0.012500,0.005124
gain_x_alpha,4000,50,0.05000,2.500,64,0.8000,2,0.400000,1.9600,5,1,42,1.000000,12.645573,0.015804,0.012500,0.003345
gain_x_alpha,4000,50,0.05000,2.500,64,0.8000,2,0.400000,1.9600,5,2,42,1.000000,10.634338,0.018790,0.012500,0.006369
gain_x_alpha,4000,50,0.05000,2.500,64,0.8000,2,0.400000,1.9600,5,3,42,1.000000,6.686743,0.022579,0.012500,0.010207
gain_x_alpha,4000,50,0.05000,2.500,64,0.8000,2,0.400000,1.9600,5,4,42,0.687500,3.090150,0.041250,0.012500,0.029114
gain_x_alpha,4000,50,0.05000,2.500,64,0.8000,2,0.400000,1.9600,5,5,42,0.171875,1.182817,0.093591,0.012500,0.082118
gain_x_depth,4000,50,0.05000,2.500,64,0.8000,2,0.356466,1.8400,4,1,42,1.000000,13.086719,0.015933,0.012500,0.003476
gain_x_depth,4000,50,0.05000,2.500,64,0.8000,2,0.356466,1.8400,4,2,42,1.000000,11.181994,0.017500,0.012500,0.005063
gain_x_depth,4000,50,0.05000,2.500,64,0.8000,2,0.356466,1.8400,4,3,42,1.000000,9.150465,0.018552,0.012500,0.006128
gain_x_depth,4000,50,0.05000,2.500,64,0.8000,2,0.356466,1.8400,4,4,42,1.000000,6.687094,0.020655,0.012500,0.008258
gain_x_alpha,4000,50,0.05000,2.500,64,0.8000,2,0.400000,1.9600,5,1,43,1.000000,12.133333,0.016329,0.012500,0.003878
gain_x_alpha,4000,50,0.05000,2.500,64,0.8000,2,0.400000,1.9600,5,2,43,1.000000,9.684704,0.019950,0.012500,0.007545
gain_x_alpha,4000,50,0.05000,2.500,64,0.8000,2,0.400000,1.9600,5,3,43,1.000000,5.704844,0.024831,0.012500,0.012487
gain_x_alpha,4000,50,0.05000,2.500,64,0.8000,2,0.400000,1.9600,5,4,43,0.765625,2.566606,0.036558,0.012500,0.024362
gain_x_alpha,4000,50,0.05000,2.500,64,0.8000,2,0.400000,1.9600,5,5,43,0.156250,1.187385,0.068829,0.012500,0.057042
gain_x_depth,4000,50,0.05000,2.500,64,0.8000,2,0.356466,1.8400,4,1,43,1.000000,12.700130,0.015843,0.012500,0.003386
gain_x_depth,4000,50,0.05000,2.500,64,0.8000,2,0.356466,1.8400,4,2,43,1.000000,9.730766,0.018641,0.012500,0.006219
gain_x_depth,4000,50,0.05000,2.500,64,0.8000,2,0.356466,1.8400,4,3,43,1.000000,9.152158,0.018056,0.012500,0.005626
gain_x_depth,4000,50,0.05000,2.500,64,0.8000,2,0.356466,1.8400,4,4,43,1.000000,7.389379,0.019444,0.012500,0.007032
gain_x_alpha,4000,50,0.05000,2.500,64,0.8000,2,0.421267,2.0200,5,1,42,1.000000,12.694792,0.017133,0.012500,0.004692
gain_x_alpha,4000,50,0.05000,2.500,64,0.8000,2,0.421267,2.0200,5,2,42,1.000000,9.973103,0.020506,0.012500,0.008107
gain_x_alpha,4000,50,0.05000,2.500,64,0.8000,2,0.421267,2.0200,5,3,42,1.000000,6.358730,0.024246,0.012500,0.011895
gain_x_alpha,4000,50,0.05000,2.500,64,0.8000,2,0.421267,2.0200,5,4,42,0.796875,2.889849,0.035179,0.012500,0.022966
gain_x_alpha,4000,50,0.05000,2.500,64,0.8000,2,0.421267,2.0200,5,5,42,0.171875,1.100273,0.089633,0.012500,0.078109
gain_x_depth,4000,50,0.05000,2.500,64,0.8000,2,0.400000,1.9600,4,1,42,1.000000,12.869531,0.016835,0.012500,0.004390
gain_x_depth,4000,50,0.05000,2.500,64,0.8000,2,0.400000,1.9600,4,2,42,1.000000,9.679167,0.019087,0.012500,0.006671
gain_x_depth,4000,50,0.05000,2.500,64,0.8000,2,0.400000,1.9600,4,3,42,1.000000,7.769494,0.022411,0.012500,0.010036
gain_x_depth,4000,50,0.05000,2.500,64,0.8000,2,0.400000,1.9600,4,4,42,1.000000,3.982072,0.030129,0.012500,0.017852
gain_x_depth,4000,50,0.05000,2.500,64,0.8000,2,0.400000,1.9600,4,1,43,1.000000,13.298698,0.016419,0.012500,0.003968
gain_x_depth,4000,50,0.05000,2.500,64,0.8000,2,0.400000,1.9600,4,2,43,1.000000,9.732292,0.020873,0.012500,0.008479
gain_x_depth,4000,50,0.05000,2.500,64,0.8000,2,0.400000,1.9600,4,3,43,1.000000,4.852589,0.029583,0.012500,0.017300
gain_x_depth,4000,50,0.05000,2.500,64,0.8000,2,0.400000,1.9600,4,4,43,0.468750,1.445915,0.054583,0.012500,0.042616
gain_x_alpha,4000,50,0.05000,2.500,64,0.8000,2,0.421267,2.0200,5,1,43,1.000000,12.548177,0.017242,0.012500,0.004802
gain_x_alpha,4000,50,0.05000,2.500,64,0.8000,2,0.421267,2.0200,5,2,43,1.000000,9.016419,0.024345,0.012500,0.011995
gain_x_alpha,4000,50,0.05000,2.500,64,0.8000,2,0.421267,2.0200,5,3,43,0.812500,2.809054,0.055744,0.012500,0.043791
gain_x_alpha,4000,50,0.05000,2.500,64,0.8000,2,0.421267,2.0200,5,4,43,0.187500,1.120489,0.159266,0.012500,0.148624
gain_x_alpha,4000,50,0.05000,2.500,64,0.8000,2,0.421267,2.0200,5,5,43,0.062500,1.009085,0.289573,0.012500,0.280581
gain_x_depth,4000,50,0.05000,2.500,64,0.8000,2,0.449138,2.1000,4,1,42,1.000000,12.143787,0.017698,0.012500,0.005264
gain_x_depth,4000,50,0.05000,2.500,64,0.8000,2,0.449138,2.1000,4,2,42,1.000000,8.761006,0.022282,0.012500,0.009906
gain_x_depth,4000,50,0.05000,2.500,64,0.8000,2,0.449138,2.1000,4,3,42,0.984375,3.432120,0.033254,0.012500,0.021017
gain_x_depth,4000,50,0.05000,2.500,64,0.8000,2,0.449138,2.1000,4,4,42,0.218750,1.176228,0.066815,0.012500,0.055003
gain_x_alpha,4000,50,0.05000,2.500,64,0.8000,2,0.449138,2.1000,5,1,42,1.000000,11.837240,0.018829,0.012500,0.006409
gain_x_alpha,4000,50,0.05000,2.500,64,0.8000,2,0.449138,2.1000,5,2,42,1.000000,6.842715,0.027728,0.012500,0.015421
gain_x_alpha,4000,50,0.05000,2.500,64,0.8000,2,0.449138,2.1000,5,3,42,0.484375,1.548801,0.059990,0.012500,0.048091
gain_x_alpha,4000,50,0.05000,2.500,64,0.8000,2,0.449138,2.1000,5,4,42,0.140625,1.047454,0.136726,0.012500,0.125799
gain_x_alpha,4000,50,0.05000,2.500,64,0.8000,2,0.449138,2.1000,5,5,42,0.078125,1.012993,0.207827,0.012500,0.197800
gain_x_depth,4000,50,0.05000,2.500,64,0.8000,2,0.449138,2.1000,4,1,43,1.000000,11.845313,0.019067,0.012500,0.006651
gain_x_depth,4000,50,0.05000,2.500,64,0.8000,2,0.449138,2.1000,4,2,43,1.000000,7.983885,0.024226,0.012500,0.011875
gain_x_depth,4000,50,0.05000,2.500,64,0.8000,2,0.449138,2.1000,4,3,43,0.796875,2.201377,0.050347,0.012500,0.038326
gain_x_depth,4000,50,0.05000,2.500,64,0.8000,2,0.449138,2.1000,4,4,43,0.140625,1.051455,0.145427,0.012500,0.134609
gain_x_alpha,4000,50,0.05000,2.500,64,0.8000,2,0.449138,2.1000,5,1,43,1.000000,12.969271,0.018254,0.012500,0.005827
gain_x_alpha,4000,50,0.05000,2.500,64,0.8000,2,0.449138,2.1000,5,2,43,1.000000,8.538356,0.024583,0.012500,0.012236
gain_x_alpha,4000,50,0.05000,2.500,64,0.8000,2,0.449138,2.1000,5,3,43,0.984375,3.052313,0.046895,0.012500,0.034830
gain_x_alpha,4000,50,0.05000,2.500,64,0.8000,2,0.449138,2.1000,5,4,43,0.187500,1.053712,0.160437,0.012500,0.149809
gain_x_alpha,4000,50,0.05000,2.500,64,0.8000,2,0.449138,2.1000,5,5,43,0.109375,1.011494,0.365615,0.012500,0.357585
gain_x_depth,4000,50,0.05000,2.500,64,0.8000,2,0.224745,1.5000,5,1,42,1.000000,12.817708,0.014256,0.012500,0.001778
gain_x_depth,4000,50,0.05000,2.500,64,0.8000,2,0.224745,1.5000,5,2,42,1.000000,11.094531,0.014782,0.012500,0.002311
gain_x_depth,4000,50,0.05000,2.500,64,0.8000,2,0.224745,1.5000,5,3,42,1.000000,8.772135,0.014573,0.012500,0.002100
gain_x_depth,4000,50,0.05000,2.500,64,0.8000,2,0.224745,1.5000,5,4,42,1.000000,6.784263,0.015625,0.012500,0.003165
gain_x_depth,4000,50,0.05000,2.500,64,0.8000,2,0.224745,1.5000,5,5,42,1.000000,5.233854,0.015159,0.012500,0.002692
gain_x_alpha,4000,50,0.05000,2.500,64,0.8000,2,0.483240,2.2000,5,1,42,1.000000,11.205134,0.018641,0.012500,0.006219
gain_x_alpha,4000,50,0.05000,2.500,64,0.8000,2,0.483240,2.2000,5,2,42,1.000000,8.102131,0.023800,0.012500,0.011443
gain_x_alpha,4000,50,0.05000,2.500,64,0.8000,2,0.483240,2.2000,5,3,42,0.984375,2.991550,0.039038,0.012500,0.026874
gain_x_alpha,4000,50,0.05000,2.500,64,0.8000,2,0.483240,2.2000,5,4,42,0.140625,1.077865,0.095536,0.012500,0.084087
gain_x_alpha,4000,50,0.05000,2.500,64,0.8000,2,0.483240,2.2000,5,5,42,0.125000,1.018597,0.183968,0.012500,0.173639
gain_x_depth,4000,50,0.05000,2.500,64,0.8000,2,0.224745,1.5000,5,1,43,1.000000,12.944531,0.014454,0.012500,0.001979
gain_x_depth,4000,50,0.05000,2.500,64,0.8000,2,0.224745,1.5000,5,2,43,1.000000,10.104948,0.015288,0.012500,0.002823
gain_x_depth,4000,50,0.05000,2.500,64,0.8000,2,0.224745,1.5000,5,3,43,1.000000,8.805915,0.014514,0.012500,0.002039
gain_x_depth,4000,50,0.05000,2.500,64,0.8000,2,0.224745,1.5000,5,4,43,1.000000,6.558594,0.013730,0.012500,0.001246
gain_x_depth,4000,50,0.05000,2.500,64,0.8000,2,0.224745,1.5000,5,5,43,1.000000,5.196205,0.014058,0.012500,0.001577
gain_x_alpha,4000,50,0.05000,2.500,64,0.8000,2,0.483240,2.2000,5,1,43,1.000000,12.595573,0.019018,0.012500,0.006600
gain_x_alpha,4000,50,0.05000,2.500,64,0.8000,2,0.483240,2.2000,5,2,43,1.000000,6.549153,0.030218,0.012500,0.017943
gain_x_alpha,4000,50,0.05000,2.500,64,0.8000,2,0.483240,2.2000,5,3,43,0.531250,1.571159,0.081220,0.012500,0.069590
gain_x_alpha,4000,50,0.05000,2.500,64,0.8000,2,0.483240,2.2000,5,4,43,0.171875,1.033119,0.217341,0.012500,0.207434
gain_x_alpha,4000,50,0.05000,2.500,64,0.8000,2,0.483240,2.2000,5,5,43,0.046875,1.006531,0.341726,0.012500,0.333394
gain_x_depth,4000,50,0.05000,2.500,64,0.8000,2,0.303840,1.7000,5,1,42,1.000000,13.166406,0.016042,0.012500,0.003586
gain_x_depth,4000,50,0.05000,2.500,64,0.8000,2,0.303840,1.7000,5,2,42,1.000000,10.281399,0.018194,0.012500,0.005767
gain_x_depth,4000,50,0.05000,2.500,64,0.8000,2,0.303840,1.7000,5,3,42,1.000000,9.273512,0.016419,0.012500,0.003968
gain_x_depth,4000,50,0.05000,2.500,64,0.8000,2,0.303840,1.7000,5,4,42,1.000000,8.700818,0.016141,0.012500,0.003687
gain_x_depth,4000,50,0.05000,2.500,64,0.8000,2,0.303840,1.7000,5,5,42,1.000000,7.286979,0.017857,0.012500,0.005425
gain_x_alpha,4000,50,0.05000,2.500,64,0.8000,2,0.532971,2.3500,5,1,42,1.000000,11.593936,0.020278,0.012500,0.007876
gain_x_alpha,4000,50,0.05000,2.500,64,0.8000,2,0.532971,2.3500,5,2,42,1.000000,4.916434,0.034722,0.012500,0.022504
gain_x_alpha,4000,50,0.05000,2.500,64,0.8000,2,0.532971,2.3500,5,3,42,0.312500,1.186467,0.092540,0.012500,0.081053
gain_x_alpha,4000,50,0.05000,2.500,64,0.8000,2,0.532971,2.3500,5,4,42,0.109375,1.030298,0.205615,0.012500,0.195560
gain_x_alpha,4000,50,0.05000,2.500,64,0.8000,2,0.532971,2.3500,5,5,42,0.078125,1.012787,0.366071,0.012500,0.358047
gain_x_alpha,4000,50,0.05000,2.500,64,0.8000,2,0.532971,2.3500,5,1,43,1.000000,11.206771,0.020179,0.012500,0.007776
gain_x_alpha,4000,50,0.05000,2.500,64,0.8000,2,0.532971,2.3500,5,2,43,1.000000,5.305854,0.033135,0.012500,0.020896
gain_x_alpha,4000,50,0.05000,2.500,64,0.8000,2,0.532971,2.3500,5,3,43,0.328125,1.301391,0.097401,0.012500,0.085975
gain_x_alpha,4000,50,0.05000,2.500,64,0.8000,2,0.532971,2.3500,5,4,43,0.187500,1.031110,0.273730,0.012500,0.264537
gain_x_alpha,4000,50,0.05000,2.500,64,0.8000,2,0.532971,2.3500,5,5,43,0.078125,1.011413,0.394246,0.012500,0.386578
gain_x_depth,4000,50,0.05000,2.500,64,0.8000,2,0.303840,1.7000,5,1,43,1.000000,13.159896,0.015298,0.012500,0.002833
gain_x_depth,4000,50,0.05000,2.500,64,0.8000,2,0.303840,1.7000,5,2,43,1.000000,10.887240,0.016429,0.012500,0.003978
gain_x_depth,4000,50,0.05000,2.500,64,0.8000,2,0.303840,1.7000,5,3,43,1.000000,9.459896,0.017063,0.012500,0.004621
gain_x_depth,4000,50,0.05000,2.500,64,0.8000,2,0.303840,1.7000,5,4,43,1.000000,8.220499,0.017222,0.012500,0.004782
gain_x_depth,4000,50,0.05000,2.500,64,0.8000,2,0.303840,1.7000,5,5,43,1.000000,7.238616,0.016448,0.012500,0.003998
gain_x_depth,4000,50,0.05000,2.500,64,0.8000,2,0.356466,1.8400,5,1,42,1.000000,12.136719,0.016111,0.012500,0.003657
gain_x_depth,4000,50,0.05000,2.500,64,0.8000,2,0.356466,1.8400,5,2,42,1.000000,10.727883,0.017679,0.012500,0.005244
gain_x_depth,4000,50,0.05000,2.500,64,0.8000,2,0.356466,1.8400,5,3,42,1.000000,9.525074,0.018442,0.012500,0.006018
gain_x_depth,4000,50,0.05000,2.500,64,0.8000,2,0.356466,1.8400,5,4,42,1.000000,8.577145,0.018879,0.012500,0.006460
gain_x_depth,4000,50,0.05000,2.500,64,0.8000,2,0.356466,1.8400,5,5,42,1.000000,6.312901,0.018472,0.012500,0.006048
gain_x_depth,4000,50,0.05000,2.500,64,0.8000,2,0.356466,1.8400,5,1,43,1.000000,12.867001,0.016488,0.012500,0.004039
gain_x_depth,4000,50,0.05000,2.500,64,0.8000,2,0.356466,1.8400,5,2,43,1.000000,11.714323,0.017480,0.012500,0.005043
gain_x_depth,4000,50,0.05000,2.500,64,0.8000,2,0.356466,1.8400,5,3,43,1.000000,9.272879,0.019137,0.012500,0.006721
gain_x_depth,4000,50,0.05000,2.500,64,0.8000,2,0.356466,1.8400,5,4,43,1.000000,6.801531,0.021260,0.012500,0.008871
gain_x_depth,4000,50,0.05000,2.500,64,0.8000,2,0.356466,1.8400,5,5,43,0.968750,3.658907,0.025466,0.012500,0.013130
gain_x_alpha,4000,50,0.05000,2.500,128,1.6000,2,0.224745,1.5000,5,1,42,1.000000,10.103255,0.017466,0.012500,0.005028
gain_x_alpha,4000,50,0.05000,2.500,128,1.6000,2,0.224745,1.5000,5,2,42,1.000000,7.676860,0.017301,0.012500,0.004861
gain_x_alpha,4000,50,0.05000,2.500,128,1.6000,2,0.224745,1.5000,5,3,42,1.000000,5.161170,0.018017,0.012500,0.005587
gain_x_alpha,4000,50,0.05000,2.500,128,1.6000,2,0.224745,1.5000,5,4,42,0.953125,3.257177,0.018516,0.012500,0.006092
gain_x_alpha,4000,50,0.05000,2.500,128,1.6000,2,0.224745,1.5000,5,5,42,0.726562,1.993257,0.018007,0.012500,0.005577
gain_x_depth,4000,50,0.05000,2.500,64,0.8000,2,0.400000,1.9600,5,1,42,1.000000,12.645573,0.015804,0.012500,0.003345
gain_x_depth,4000,50,0.05000,2.500,64,0.8000,2,0.400000,1.9600,5,2,42,1.000000,10.634338,0.018790,0.012500,0.006369
gain_x_depth,4000,50,0.05000,2.500,64,0.8000,2,0.400000,1.9600,5,3,42,1.000000,6.686743,0.022579,0.012500,0.010207
gain_x_depth,4000,50,0.05000,2.500,64,0.8000,2,0.400000,1.9600,5,4,42,0.687500,3.090150,0.041250,0.012500,0.029114
gain_x_depth,4000,50,0.05000,2.500,64,0.8000,2,0.400000,1.9600,5,5,42,0.171875,1.182817,0.093591,0.012500,0.082118
gain_x_depth,4000,50,0.05000,2.500,64,0.8000,2,0.400000,1.9600,5,1,43,1.000000,12.133333,0.016329,0.012500,0.003878
gain_x_depth,4000,50,0.05000,2.500,64,0.8000,2,0.400000,1.9600,5,2,43,1.000000,9.684704,0.019950,0.012500,0.007545
gain_x_depth,4000,50,0.05000,2.500,64,0.8000,2,0.400000,1.9600,5,3,43,1.000000,5.704844,0.024831,0.012500,0.012487
gain_x_depth,4000,50,0.05000,2.500,64,0.8000,2,0.400000,1.9600,5,4,43,0.765625,2.566606,0.036558,0.012500,0.024362
gain_x_depth,4000,50,0.05000,2.500,64,0.8000,2,0.400000,1.9600,5,5,43,0.156250,1.187385,0.068829,0.012500,0.057042
gain_x_alpha,4000,50,0.05000,2.500,128,1.6000,2,0.224745,1.5000,5,1,43,1.000000,10.456901,0.016905,0.012500,0.004460
gain_x_alpha,4000,50,0.05000,2.500,128,1.6000,2,0.224745,1.5000,5,2,43,1.000000,7.374089,0.017904,0.012500,0.005472
gain_x_alpha,4000,50,0.05000,2.500,128,1.6000,2,0.224745,1.5000,5,3,43,1.000000,5.016412,0.018506,0.012500,0.006082
gain_x_alpha,4000,50,0.05000,2.500,128,1.6000,2,0.224745,1.5000,5,4,43,0.976562,3.248679,0.018762,0.012500,0.006342
gain_x_alpha,4000,50,0.05000,2.500,128,1.6000,2,0.224745,1.5000,5,5,43,0.671875,1.915551,0.018733,0.012500,0.006312
gain_x_depth,4000,50,0.05000,2.500,64,0.8000,2,0.449138,2.1000,5,1,42,1.000000,11.837240,0.018829,0.012500,0.006409
gain_x_depth,4000,50,0.05000,2.500,64,0.8000,2,0.449138,2.1000,5,2,42,1.000000,6.842715,0.027728,0.012500,0.015421
gain_x_depth,4000,50,0.05000,2.500,64,0.8000,2,0.449138,2.1000,5,3,42,0.484375,1.548801,0.059990,0.012500,0.048091
gain_x_depth,4000,50,0.05000,2.500,64,0.8000,2,0.449138,2.1000,5,4,42,0.140625,1.047454,0.136726,0.012500,0.125799
gain_x_depth,4000,50,0.05000,2.500,64,0.8000,2,0.449138,2.1000,5,5,42,0.078125,1.012993,0.207827,0.012500,0.197800
gain_x_depth,4000,50,0.05000,2.500,64,0.8000,2,0.449138,2.1000,5,1,43,1.000000,12.969271,0.018254,0.012500,0.005827
gain_x_depth,4000,50,0.05000,2.500,64,0.8000,2,0.449138,2.1000,5,2,43,1.000000,8.538356,0.024583,0.012500,0.012236
gain_x_depth,4000,50,0.05000,2.500,64,0.8000,2,0.449138,2.1000,5,3,43,0.984375,3.052313,0.046895,0.012500,0.034830
gain_x_depth,4000,50,0.05000,2.500,64,0.8000,2,0.449138,2.1000,5,4,43,0.187500,1.053712,0.160437,0.012500,0.149809
gain_x_depth,4000,50,0.05000,2.500,64,0.8000,2,0.449138,2.1000,5,5,43,0.109375,1.011494,0.365615,0.012500,0.357585
gain_x_alpha,4000,50,0.05000,2.500,128,1.6000,2,0.264911,1.6000,5,1,42,1.000000,10.083129,0.017638,0.012500,0.005203
gain_x_alpha,4000,50,0.05000,2.500,128,1.6000,2,0.264911,1.6000,5,2,42,1.000000,7.168973,0.019695,0.012500,0.007286
gain_x_alpha,4000,50,0.05000,2.500,128,1.6000,2,0.264911,1.6000,5,3,42,1.000000,4.487038,0.021075,0.012500,0.008684
gain_x_alpha,4000,50,0.05000,2.500,128,1.6000,2,0.264911,1.6000,5,4,42,0.812500,2.080889,0.023137,0.012500,0.010772
gain_x_alpha,4000,50,0.05000,2.500,128,1.6000,2,0.264911,1.6000,5,5,42,0.093750,1.126532,0.029154,0.012500,0.016864
gain_x_depth,4000,50,0.05000,2.500,64,0.8000,2,0.224745,1.5000,6,1,42,1.000000,12.492969,0.014008,0.012500,0.001527
gain_x_depth,4000,50,0.05000,2.500,64,0.8000,2,0.224745,1.5000,6,2,42,1.000000,10.681510,0.015069,0.012500,0.002602
gain_x_depth,4000,50,0.05000,2.500,64,0.8000,2,0.224745,1.5000,6,3,42,1.000000,8.237760,0.015337,0.012500,0.002873
gain_x_depth,4000,50,0.05000,2.500,64,0.8000,2,0.224745,1.5000,6,4,42,1.000000,6.530208,0.014603,0.012500,0.002130
gain_x_depth,4000,50,0.05000,2.500,64,0.8000,2,0.224745,1.5000,6,5,42,1.000000,5.310938,0.014345,0.012500,0.001869
gain_x_depth,4000,50,0.05000,2.500,64,0.8000,2,0.224745,1.5000,6,6,42,0.937500,3.430357,0.015069,0.012500,0.002602
gain_x_depth,4000,50,0.05000,2.500,64,0.8000,2,0.224745,1.5000,6,1,43,1.000000,13.337835,0.014821,0.012500,0.002351
gain_x_depth,4000,50,0.05000,2.500,64,0.8000,2,0.224745,1.5000,6,2,43,1.000000,10.584115,0.014643,0.012500,0.002170
gain_x_depth,4000,50,0.05000,2.500,64,0.8000,2,0.224745,1.5000,6,3,43,1.000000,8.353125,0.016002,0.012500,0.003546
gain_x_depth,4000,50,0.05000,2.500,64,0.8000,2,0.224745,1.5000,6,4,43,1.000000,7.057812,0.014444,0.012500,0.001969
gain_x_depth,4000,50,0.05000,2.500,64,0.8000,2,0.224745,1.5000,6,5,43,0.984375,4.810640,0.014504,0.012500,0.002029
gain_x_depth,4000,50,0.05000,2.500,64,0.8000,2,0.224745,1.5000,6,6,43,0.968750,3.349479,0.014901,0.012500,0.002431
gain_x_alpha,4000,50,0.05000,2.500,128,1.6000,2,0.264911,1.6000,5,1,43,1.000000,10.229167,0.017306,0.012500,0.004866
gain_x_alpha,4000,50,0.05000,2.500,128,1.6000,2,0.264911,1.6000,5,2,43,1.000000,7.131755,0.019126,0.012500,0.006710
gain_x_alpha,4000,50,0.05000,2.500,128,1.6000,2,0.264911,1.6000,5,3,43,1.000000,4.561668,0.021198,0.012500,0.008808
gain_x_alpha,4000,50,0.05000,2.500,128,1.6000,2,0.264911,1.6000,5,4,43,0.796875,2.187435,0.023676,0.012500,0.011318
gain_x_alpha,4000,50,0.05000,2.500,128,1.6000,2,0.264911,1.6000,5,5,43,0.078125,1.082151,0.029218,0.012500,0.016929
gain_x_depth,4000,50,0.05000,2.500,64,0.8000,2,0.303840,1.7000,6,1,42,1.000000,13.144531,0.015347,0.012500,0.002883
gain_x_depth,4000,50,0.05000,2.500,64,0.8000,2,0.303840,1.7000,6,2,42,1.000000,10.800335,0.016171,0.012500,0.003717
gain_x_depth,4000,50,0.05000,2.500,64,0.8000,2,0.303840,1.7000,6,3,42,1.000000,9.737165,0.016200,0.012500,0.003747
gain_x_depth,4000,50,0.05000,2.500,64,0.8000,2,0.303840,1.7000,6,4,42,1.000000,8.397991,0.015804,0.012500,0.003345
gain_x_depth,4000,50,0.05000,2.500,64,0.8000,2,0.303840,1.7000,6,5,42,1.000000,7.809635,0.015407,0.012500,0.002944
gain_x_depth,4000,50,0.05000,2.500,64,0.8000,2,0.303840,1.7000,6,6,42,1.000000,6.909115,0.015952,0.012500,0.003496
gain_x_depth,4000,50,0.05000,2.500,64,0.8000,2,0.303840,1.7000,6,1,43,1.000000,13.385417,0.016151,0.012500,0.003697
gain_x_depth,4000,50,0.05000,2.500,64,0.8000,2,0.303840,1.7000,6,2,43,1.000000,10.755990,0.015962,0.012500,0.003506
gain_x_depth,4000,50,0.05000,2.500,64,0.8000,2,0.303840,1.7000,6,3,43,1.000000,9.660900,0.016200,0.012500,0.003747
gain_x_depth,4000,50,0.05000,2.500,64,0.8000,2,0.303840,1.7000,6,4,43,1.000000,8.887240,0.016498,0.012500,0.004049
gain_x_depth,4000,50,0.05000,2.500,64,0.8000,2,0.303840,1.7000,6,5,43,1.000000,7.700298,0.017242,0.012500,0.004802
gain_x_depth,4000,50,0.05000,2.500,64,0.8000,2,0.303840,1.7000,6,6,43,1.000000,6.106473,0.017440,0.012500,0.005003
gain_x_alpha,4000,50,0.05000,2.500,128,1.6000,2,0.303840,1.7000,5,1,42,1.000000,10.278404,0.018268,0.012500,0.005841
gain_x_alpha,4000,50,0.05000,2.500,128,1.6000,2,0.303840,1.7000,5,2,42,1.000000,6.712807,0.021572,0.012500,0.009187
gain_x_alpha,4000,50,0.05000,2.500,128,1.6000,2,0.303840,1.7000,5,3,42,0.984375,2.754501,0.027562,0.012500,0.015252
gain_x_alpha,4000,50,0.05000,2.500,128,1.6000,2,0.303840,1.7000,5,4,42,0.078125,1.060597,0.044139,0.012500,0.032039
gain_x_alpha,4000,50,0.05000,2.500,128,1.6000,2,0.303840,1.7000,5,5,42,0.007812,1.012279,0.084360,0.012500,0.072770
gain_x_depth,4000,50,0.05000,2.500,64,0.8000,2,0.356466,1.8400,6,1,42,1.000000,12.728013,0.016399,0.012500,0.003948
gain_x_depth,4000,50,0.05000,2.500,64,0.8000,2,0.356466,1.8400,6,2,42,1.000000,10.806548,0.018333,0.012500,0.005907
gain_x_depth,4000,50,0.05000,2.500,64,0.8000,2,0.356466,1.8400,6,3,42,1.000000,7.762557,0.021825,0.012500,0.009443
gain_x_depth,4000,50,0.05000,2.500,64,0.8000,2,0.356466,1.8400,6,4,42,0.906250,4.440648,0.025863,0.012500,0.013532
gain_x_depth,4000,50,0.05000,2.500,64,0.8000,2,0.356466,1.8400,6,5,42,0.515625,1.962023,0.031210,0.012500,0.018947
gain_x_depth,4000,50,0.05000,2.500,64,0.8000,2,0.356466,1.8400,6,6,42,0.078125,1.217977,0.034940,0.012500,0.022725
gain_x_depth,4000,50,0.05000,2.500,64,0.8000,2,0.356466,1.8400,6,1,43,1.000000,14.028385,0.015942,0.012500,0.003486
gain_x_depth,4000,50,0.05000,2.500,64,0.8000,2,0.356466,1.8400,6,2,43,1.000000,10.725911,0.018224,0.012500,0.005797
gain_x_depth,4000,50,0.05000,2.500,64,0.8000,2,0.356466,1.8400,6,3,43,1.000000,8.343025,0.019157,0.012500,0.006741
gain_x_depth,4000,50,0.05000,2.500,64,0.8000,2,0.356466,1.8400,6,4,43,1.000000,6.372594,0.020704,0.012500,0.008308
gain_x_depth,4000,50,0.05000,2.500,64,0.8000,2,0.356466,1.8400,6,5,43,0.968750,4.280613,0.020367,0.012500,0.007967
gain_x_depth,4000,50,0.05000,2.500,64,0.8000,2,0.356466,1.8400,6,6,43,0.859375,3.215027,0.019772,0.012500,0.007364
gain_x_alpha,4000,50,0.05000,2.500,128,1.6000,2,0.303840,1.7000,5,1,43,1.000000,9.851246,0.018925,0.012500,0.006506
gain_x_alpha,4000,50,0.05000,2.500,128,1.6000,2,0.303840,1.7000,5,2,43,1.000000,6.062700,0.021654,0.012500,0.009269
gain_x_alpha,4000,50,0.05000,2.500,128,1.6000,2,0.303840,1.7000,5,3,43,0.960938,2.410801,0.027446,0.012500,0.015135
gain_x_alpha,4000,50,0.05000,2.500,128,1.6000,2,0.303840,1.7000,5,4,43,0.031250,1.059260,0.047781,0.012500,0.035727
gain_x_alpha,4000,50,0.05000,2.500,128,1.6000,2,0.303840,1.7000,5,5,43,0.039062,1.019938,0.083816,0.012500,0.072219
gain_x_depth,4000,50,0.05000,2.500,64,0.8000,2,0.400000,1.9600,6,1,42,1.000000,11.735535,0.017103,0.012500,0.004661
gain_x_depth,4000,50,0.05000,2.500,64,0.8000,2,0.400000,1.9600,6,2,42,1.000000,8.916084,0.021954,0.012500,0.009574
gain_x_depth,4000,50,0.05000,2.500,64,0.8000,2,0.400000,1.9600,6,3,42,1.000000,5.361317,0.025605,0.012500,0.013271
gain_x_depth,4000,50,0.05000,2.500,64,0.8000,2,0.400000,1.9600,6,4,42,0.421875,1.895236,0.038869,0.012500,0.026703
gain_x_depth,4000,50,0.05000,2.500,64,0.8000,2,0.400000,1.9600,6,5,42,0.046875,1.085711,0.068780,0.012500,0.056992
gain_x_depth,4000,50,0.05000,2.500,64,0.8000,2,0.400000,1.9600,6,6,42,0.015625,1.010573,0.125685,0.012500,0.114617
gain_x_alpha,4000,50,0.05000,2.500,128,1.6000,2,0.334166,1.7800,5,1,42,1.000000,9.830655,0.019441,0.012500,0.007029
gain_x_alpha,4000,50,0.05000,2.500,128,1.6000,2,0.334166,1.7800,5,2,42,1.000000,4.689852,0.029158,0.012500,0.016869
gain_x_alpha,4000,50,0.05000,2.500,128,1.6000,2,0.334166,1.7800,5,3,42,0.210938,1.109207,0.073268,0.012500,0.061537
gain_x_alpha,4000,50,0.05000,2.500,128,1.6000,2,0.334166,1.7800,5,4,42,0.062500,1.021462,0.147156,0.012500,0.136360
gain_x_alpha,4000,50,0.05000,2.500,128,1.6000,2,0.334166,1.7800,5,5,42,0.000000,1.008507,0.197648,0.012500,0.187491
gain_x_depth,4000,50,0.05000,2.500,64,0.8000,2,0.400000,1.9600,6,1,43,1.000000,12.691667,0.018333,0.012500,0.005907
gain_x_depth,4000,50,0.05000,2.500,64,0.8000,2,0.400000,1.9600,6,2,43,1.000000,8.821466,0.022490,0.012500,0.010117
gain_x_depth,4000,50,0.05000,2.500,64,0.8000,2,0.400000,1.9600,6,3,43,0.937500,3.834349,0.036617,0.012500,0.024422
gain_x_depth,4000,50,0.05000,2.500,64,0.8000,2,0.400000,1.9600,6,4,43,0.281250,1.327993,0.074187,0.012500,0.062467
gain_x_depth,4000,50,0.05000,2.500,64,0.8000,2,0.400000,1.9600,6,5,43,0.062500,1.014112,0.131012,0.012500,0.120012
gain_x_depth,4000,50,0.05000,2.500,64,0.8000,2,0.400000,1.9600,6,6,43,0.015625,1.001276,0.181865,0.012500,0.171509
gain_x_depth,4000,50,0.05000,2.500,64,0.8000,2,0.449138,2.1000,6,1,42,1.000000,12.052790,0.017202,0.012500,0.004762
gain_x_depth,4000,50,0.05000,2.500,64,0.8000,2,0.449138,2.1000,6,2,42,1.000000,8.977995,0.023234,0.012500,0.010870
gain_x_depth,4000,50,0.05000,2.500,64,0.8000,2,0.449138,2.1000,6,3,42,1.000000,4.441162,0.031548,0.012500,0.019289
gain_x_depth,4000,50,0.05000,2.500,64,0.8000,2,0.449138,2.1000,6,4,42,0.281250,1.223064,0.062510,0.012500,0.050643
gain_x_depth,4000,50,0.05000,2.500,64,0.8000,2,0.449138,2.1000,6,5,42,0.078125,1.021387,0.122431,0.012500,0.111322
gain_x_depth,4000,50,0.05000,2.500,64,0.8000,2,0.449138,2.1000,6,6,42,0.078125,1.012801,0.206935,0.012500,0.196896
gain_x_alpha,4000,50,0.05000,2.500,128,1.6000,2,0.334166,1.7800,5,1,43,1.000000,9.797340,0.019688,0.012500,0.007278
gain_x_alpha,4000,50,0.05000,2.500,128,1.6000,2,0.334166,1.7800,5,2,43,1.000000,5.638598,0.024008,0.012500,0.011654
gain_x_alpha,4000,50,0.05000,2.500,128,1.6000,2,0.334166,1.7800,5,3,43,0.562500,1.500683,0.038093,0.012500,0.025917
gain_x_alpha,4000,50,0.05000,2.500,128,1.6000,2,0.334166,1.7800,5,4,43,0.062500,1.037964,0.076666,0.012500,0.064978
gain_x_alpha,4000,50,0.05000,2.500,128,1.6000,2,0.334166,1.7800,5,5,43,0.023438,1.014578,0.135632,0.012500,0.124691
gain_x_depth,4000,50,0.05000,2.500,64,0.8000,2,0.449138,2.1000,6,1,43,1.000000,12.253088,0.017748,0.012500,0.005314
gain_x_depth,4000,50,0.05000,2.500,64,0.8000,2,0.449138,2.1000,6,2,43,1.000000,7.325755,0.024593,0.012500,0.012246
gain_x_depth,4000,50,0.05000,2.500,64,0.8000,2,0.449138,2.1000,6,3,43,0.843750,2.885242,0.042341,0.012500,0.030219
gain_x_depth,4000,50,0.05000,2.500,64,0.8000,2,0.449138,2.1000,6,4,43,0.218750,1.090609,0.113492,0.012500,0.102270
gain_x_depth,4000,50,0.05000,2.500,64,0.8000,2,0.449138,2.1000,6,5,43,0.062500,1.013020,0.221567,0.012500,0.211714
gain_x_depth,4000,50,0.05000,2.500,64,0.8000,2,0.449138,2.1000,6,6,43,0.015625,1.001289,0.342103,0.012500,0.333775
gain_x_kp,4000,50,0.02000,1.000,64,0.8000,2,0.224745,1.5000,5,1,42,1.000000,8.180208,0.020923,0.012500,0.008529
gain_x_kp,4000,50,0.02000,1.000,64,0.8000,2,0.224745,1.5000,5,2,42,1.000000,4.775781,0.024286,0.012500,0.011935
gain_x_kp,4000,50,0.02000,1.000,64,0.8000,2,0.224745,1.5000,5,3,42,0.984375,2.727102,0.024345,0.012500,0.011995
gain_x_kp,4000,50,0.02000,1.000,64,0.8000,2,0.224745,1.5000,5,4,42,0.796875,1.760528,0.022907,0.012500,0.010538
gain_x_kp,4000,50,0.02000,1.000,64,0.8000,2,0.224745,1.5000,5,5,42,0.468750,1.276488,0.025179,0.012500,0.012839
gain_x_alpha,4000,50,0.05000,2.500,128,1.6000,2,0.356466,1.8400,5,1,42,1.000000,9.399944,0.020987,0.012500,0.008594
gain_x_alpha,4000,50,0.05000,2.500,128,1.6000,2,0.356466,1.8400,5,2,42,0.875000,3.228362,0.034545,0.012500,0.022324
gain_x_alpha,4000,50,0.05000,2.500,128,1.6000,2,0.356466,1.8400,5,3,42,0.171875,1.075583,0.078145,0.012500,0.066476
gain_x_alpha,4000,50,0.05000,2.500,128,1.6000,2,0.356466,1.8400,5,4,42,0.054688,1.018191,0.135556,0.012500,0.124614
gain_x_alpha,4000,50,0.05000,2.500,128,1.6000,2,0.356466,1.8400,5,5,42,0.015625,1.007807,0.187724,0.012500,0.177442
gain_x_kp,4000,50,0.02000,1.000,64,0.8000,2,0.224745,1.5000,5,1,43,1.000000,8.509896,0.021806,0.012500,0.009423
gain_x_kp,4000,50,0.02000,1.000,64,0.8000,2,0.224745,1.5000,5,2,43,1.000000,5.262091,0.023651,0.012500,0.011292
gain_x_kp,4000,50,0.02000,1.000,64,0.8000,2,0.224745,1.5000,5,3,43,0.984375,2.744537,0.022669,0.012500,0.010297
gain_x_kp,4000,50,0.02000,1.000,64,0.8000,2,0.224745,1.5000,5,4,43,0.687500,1.715737,0.023442,0.012500,0.011081
gain_x_kp,4000,50,0.02000,1.000,64,0.8000,2,0.224745,1.5000,5,5,43,0.343750,1.280177,0.023611,0.012500,0.011252
gain_x_kp,4000,50,0.02000,1.000,64,0.8000,2,0.303840,1.7000,5,1,42,1.000000,8.329464,0.023710,0.012500,0.011352
gain_x_kp,4000,50,0.02000,1.000,64,0.8000,2,0.303840,1.7000,5,2,42,1.000000,4.650349,0.028948,0.012500,0.016657
gain_x_kp,4000,50,0.02000,1.000,64,0.8000,2,0.303840,1.7000,5,3,42,0.765625,1.987773,0.036567,0.012500,0.024372
gain_x_kp,4000,50,0.02000,1.000,64,0.8000,2,0.303840,1.7000,5,4,42,0.125000,1.136124,0.060992,0.012500,0.049106
gain_x_kp,4000,50,0.02000,1.000,64,0.8000,2,0.303840,1.7000,5,5,42,0.046875,1.026898,0.104583,0.012500,0.093249
gain_x_alpha,4000,50,0.05000,2.500,128,1.6000,2,0.356466,1.8400,5,1,43,1.000000,9.555450,0.021029,0.012500,0.008636
gain_x_alpha,4000,50,0.05000,2.500,128,1.6000,2,0.356466,1.8400,5,2,43,1.000000,3.602956,0.032106,0.012500,0.019854
gain_x_alpha,4000,50,0.05000,2.500,128,1.6000,2,0.356466,1.8400,5,3,43,0.125000,1.042960,0.085352,0.012500,0.073774
gain_x_alpha,4000,50,0.05000,2.500,128,1.6000,2,0.356466,1.8400,5,4,43,0.046875,1.015398,0.145054,0.012500,0.134232
gain_x_alpha,4000,50,0.05000,2.500,128,1.6000,2,0.356466,1.8400,5,5,43,0.023438,1.006095,0.209788,0.012500,0.199786
gain_x_kp,4000,50,0.02000,1.000,64,0.8000,2,0.303840,1.7000,5,1,43,1.000000,7.958619,0.023690,0.012500,0.011332
gain_x_kp,4000,50,0.02000,1.000,64,0.8000,2,0.303840,1.7000,5,2,43,1.000000,4.544978,0.027312,0.012500,0.014999
gain_x_kp,4000,50,0.02000,1.000,64,0.8000,2,0.303840,1.7000,5,3,43,0.953125,2.191960,0.033175,0.012500,0.020936
gain_x_kp,4000,50,0.02000,1.000,64,0.8000,2,0.303840,1.7000,5,4,43,0.140625,1.254187,0.047242,0.012500,0.035182
gain_x_kp,4000,50,0.02000,1.000,64,0.8000,2,0.303840,1.7000,5,5,43,0.046875,1.069832,0.080179,0.012500,0.068535
gain_x_kp,4000,50,0.02000,1.000,64,0.8000,2,0.356466,1.8400,5,1,42,1.000000,8.199330,0.024792,0.012500,0.012447
gain_x_kp,4000,50,0.02000,1.000,64,0.8000,2,0.356466,1.8400,5,2,42,1.000000,4.026235,0.034911,0.012500,0.022694
gain_x_kp,4000,50,0.02000,1.000,64,0.8000,2,0.356466,1.8400,5,3,42,0.625000,1.411144,0.054177,0.012500,0.042204
gain_x_kp,4000,50,0.02000,1.000,64,0.8000,2,0.356466,1.8400,5,4,42,0.140625,1.084794,0.102073,0.012500,0.090707
gain_x_kp,4000,50,0.02000,1.000,64,0.8000,2,0.356466,1.8400,5,5,42,0.031250,1.028767,0.182312,0.012500,0.171961
gain_x_kp,4000,50,0.02000,1.000,64,0.8000,2,0.356466,1.8400,5,1,43,1.000000,7.637256,0.024633,0.012500,0.012287
gain_x_kp,4000,50,0.02000,1.000,64,0.8000,2,0.356466,1.8400,5,2,43,1.000000,3.654664,0.033810,0.012500,0.021579
gain_x_kp,4000,50,0.02000,1.000,64,0.8000,2,0.356466,1.8400,5,3,43,0.484375,1.329820,0.053978,0.012500,0.042003
gain_x_kp,4000,50,0.02000,1.000,64,0.8000,2,0.356466,1.8400,5,4,43,0.031250,1.057077,0.111240,0.012500,0.099990
gain_x_kp,4000,50,0.02000,1.000,64,0.8000,2,0.356466,1.8400,5,5,43,0.031250,1.026198,0.208562,0.012500,0.198543
gain_x_alpha,4000,50,0.05000,2.500,128,1.6000,2,0.378405,1.9000,5,1,42,1.000000,9.097080,0.021922,0.012500,0.009541
gain_x_alpha,4000,50,0.05000,2.500,128,1.6000,2,0.378405,1.9000,5,2,42,0.929688,2.540353,0.041223,0.012500,0.029087
gain_x_alpha,4000,50,0.05000,2.500,128,1.6000,2,0.378405,1.9000,5,3,42,0.164062,1.055909,0.108807,0.012500,0.097526
gain_x_alpha,4000,50,0.05000,2.500,128,1.6000,2,0.378405,1.9000,5,4,42,0.085938,1.013047,0.198184,0.012500,0.188034
gain_x_alpha,4000,50,0.05000,2.500,128,1.6000,2,0.378405,1.9000,5,5,42,0.031250,1.004735,0.356698,0.012500,0.348555
gain_x_kp,4000,50,0.02000,1.000,64,0.8000,2,0.400000,1.9600,5,1,42,1.000000,7.997266,0.025754,0.012500,0.013422
gain_x_kp,4000,50,0.02000,1.000,64,0.8000,2,0.400000,1.9600,5,2,42,1.000000,2.958665,0.046032,0.012500,0.033956
gain_x_kp,4000,50,0.02000,1.000,64,0.8000,2,0.400000,1.9600,5,3,42,0.281250,1.145594,0.103621,0.012500,0.092274
gain_x_kp,4000,50,0.02000,1.000,64,0.8000,2,0.400000,1.9600,5,4,42,0.140625,1.036960,0.211359,0.012500,0.201376
gain_x_kp,4000,50,0.02000,1.000,64,0.8000,2,0.400000,1.9600,5,5,42,0.093750,1.015716,0.330288,0.012500,0.321810
gain_x_kp,4000,50,0.02000,1.000,64,0.8000,2,0.400000,1.9600,5,1,43,1.000000,7.465830,0.025556,0.012500,0.013221
gain_x_kp,4000,50,0.02000,1.000,64,0.8000,2,0.400000,1.9600,5,2,43,1.000000,3.427255,0.040040,0.012500,0.027888
gain_x_kp,4000,50,0.02000,1.000,64,0.8000,2,0.400000,1.9600,5,3,43,0.359375,1.242747,0.083343,0.012500,0.071740
gain_x_kp,4000,50,0.02000,1.000,64,0.8000,2,0.400000,1.9600,5,4,43,0.140625,1.050648,0.201716,0.012500,0.191611
gain_x_kp,4000,50,0.02000,1.000,64,0.8000,2,0.400000,1.9600,5,5,43,0.078125,1.014696,0.314216,0.012500,0.305535
gain_x_alpha,4000,50,0.05000,2.500,128,1.6000,2,0.378405,1.9000,5,1,43,1.000000,9.092253,0.022018,0.012500,0.009638
gain_x_alpha,4000,50,0.05000,2.500,128,1.6000,2,0.378405,1.9000,5,2,43,0.921875,2.525036,0.041750,0.012500,0.029620
gain_x_alpha,4000,50,0.05000,2.500,128,1.6000,2,0.378405,1.9000,5,3,43,0.156250,1.063614,0.112566,0.012500,0.101333
gain_x_alpha,4000,50,0.05000,2.500,128,1.6000,2,0.378405,1.9000,5,4,43,0.070312,1.013183,0.220977,0.012500,0.211116
gain_x_alpha,4000,50,0.05000,2.500,128,1.6000,2,0.378405,1.9000,5,5,43,0.023438,1.004996,0.285595,0.012500,0.276552
gain_x_kp,4000,50,0.02000,1.000,64,0.8000,2,0.449138,2.1000,5,1,42,1.000000,7.057044,0.028185,0.012500,0.015883
gain_x_kp,4000,50,0.02000,1.000,64,0.8000,2,0.449138,2.1000,5,2,42,0.953125,2.388104,0.054921,0.012500,0.042958
gain_x_kp,4000,50,0.02000,1.000,64,0.8000,2,0.449138,2.1000,5,3,42,0.250000,1.125064,0.122371,0.012500,0.111262
gain_x_kp,4000,50,0.02000,1.000,64,0.8000,2,0.449138,2.1000,5,4,42,0.109375,1.032702,0.239018,0.012500,0.229385
gain_x_kp,4000,50,0.02000,1.000,64,0.8000,2,0.449138,2.1000,5,5,42,0.062500,1.013492,0.363641,0.012500,0.355586
gain_x_kp,4000,50,0.02000,1.000,64,0.8000,2,0.449138,2.1000,5,1,43,1.000000,6.793864,0.030129,0.012500,0.017852
gain_x_kp,4000,50,0.02000,1.000,64,0.8000,2,0.449138,2.1000,5,2,43,0.921875,2.169732,0.062768,0.012500,0.050904
gain_x_kp,4000,50,0.02000,1.000,64,0.8000,2,0.449138,2.1000,5,3,43,0.234375,1.090682,0.158700,0.012500,0.148051
gain_x_kp,4000,50,0.02000,1.000,64,0.8000,2,0.449138,2.1000,5,4,43,0.125000,1.020977,0.328571,0.012500,0.320072
gain_x_kp,4000,50,0.02000,1.000,64,0.8000,2,0.449138,2.1000,5,5,43,0.046875,1.017373,0.399196,0.012500,0.391591
gain_x_kp,4000,50,0.02000,1.000,64,0.8000,2,0.532971,2.3500,5,1,42,1.000000,6.189515,0.033502,0.012500,0.021268
gain_x_kp,4000,50,0.02000,1.000,64,0.8000,2,0.532971,2.3500,5,2,42,0.781250,1.620465,0.086141,0.012500,0.074573
gain_x_kp,4000,50,0.02000,1.000,64,0.8000,2,0.532971,2.3500,5,3,42,0.312500,1.062320,0.235675,0.012500,0.226000
gain_x_kp,4000,50,0.02000,1.000,64,0.8000,2,0.532971,2.3500,5,4,42,0.171875,1.015383,0.378482,0.012500,0.370615
gain_x_kp,4000,50,0.02000,1.000,64,0.8000,2,0.532971,2.3500,5,5,42,0.046875,1.009274,0.477817,0.012500,0.471208
gain_x_alpha,4000,50,0.05000,2.500,128,1.6000,2,0.400000,1.9600,5,1,42,1.000000,9.019131,0.022035,0.012500,0.009656
gain_x_alpha,4000,50,0.05000,2.500,128,1.6000,2,0.400000,1.9600,5,2,42,0.953125,2.192704,0.045910,0.012500,0.033833
gain_x_alpha,4000,50,0.05000,2.500,128,1.6000,2,0.400000,1.9600,5,3,42,0.156250,1.044108,0.130630,0.012500,0.119625
gain_x_alpha,4000,50,0.05000,2.500,128,1.6000,2,0.400000,1.9600,5,4,42,0.109375,1.017684,0.224392,0.012500,0.214574
gain_x_alpha,4000,50,0.05000,2.500,128,1.6000,2,0.400000,1.9600,5,5,42,0.054688,1.008652,0.282037,0.012500,0.272949
gain_x_kp,4000,50,0.02000,1.000,64,0.8000,2,0.532971,2.3500,5,1,43,1.000000,5.936547,0.036389,0.012500,0.024191
gain_x_kp,4000,50,0.02000,1.000,64,0.8000,2,0.532971,2.3500,5,2,43,0.765625,1.481540,0.097966,0.012500,0.086548
gain_x_kp,4000,50,0.02000,1.000,64,0.8000,2,0.532971,2.3500,5,3,43,0.265625,1.057153,0.229742,0.012500,0.219992
gain_x_kp,4000,50,0.02000,1.000,64,0.8000,2,0.532971,2.3500,5,4,43,0.125000,1.020950,0.360089,0.012500,0.351989
gain_x_kp,4000,50,0.02000,1.000,64,0.8000,2,0.532971,2.3500,5,5,43,0.046875,1.011266,0.454038,0.012500,0.447127
gain_x_kp,4000,50,0.05000,2.500,64,0.8000,2,0.224745,1.5000,5,1,42,1.000000,12.817708,0.014256,0.012500,0.001778
gain_x_kp,4000,50,0.05000,2.500,64,0.8000,2,0.224745,1.5000,5,2,42,1.000000,11.094531,0.014782,0.012500,0.002311
gain_x_kp,4000,50,0.05000,2.500,64,0.8000,2,0.224745,1.5000,5,3,42,1.000000,8.772135,0.014573,0.012500,0.002100
gain_x_kp,4000,50,0.05000,2.500,64,0.8000,2,0.224745,1.5000,5,4,42,1.000000,6.784263,0.015625,0.012500,0.003165
gain_x_kp,4000,50,0.05000,2.500,64,0.8000,2,0.224745,1.5000,5,5,42,1.000000,5.233854,0.015159,0.012500,0.002692
gain_x_alpha,4000,50,0.05000,2.500,128,1.6000,2,0.400000,1.9600,5,1,43,1.000000,8.820545,0.023292,0.012500,0.010929
gain_x_alpha,4000,50,0.05000,2.500,128,1.6000,2,0.400000,1.9600,5,2,43,0.851562,1.935159,0.050603,0.012500,0.038585
gain_x_alpha,4000,50,0.05000,2.500,128,1.6000,2,0.400000,1.9600,5,3,43,0.187500,1.050776,0.148469,0.012500,0.137691
gain_x_alpha,4000,50,0.05000,2.500,128,1.6000,2,0.400000,1.9600,5,4,43,0.093750,1.015270,0.270728,0.012500,0.261497
gain_x_alpha,4000,50,0.05000,2.500,128,1.6000,2,0.400000,1.9600,5,5,43,0.000000,1.007959,0.392175,0.012500,0.384481
gain_x_kp,4000,50,0.05000,2.500,64,0.8000,2,0.224745,1.5000,5,1,43,1.000000,12.944531,0.014454,0.012500,0.001979
gain_x_kp,4000,50,0.05000,2.500,64,0.8000,2,0.224745,1.5000,5,2,43,1.000000,10.104948,0.015288,0.012500,0.002823
gain_x_kp,4000,50,0.05000,2.500,64,0.8000,2,0.224745,1.5000,5,3,43,1.000000,8.805915,0.014514,0.012500,0.002039
gain_x_kp,4000,50,0.05000,2.500,64,0.8000,2,0.224745,1.5000,5,4,43,1.000000,6.558594,0.013730,0.012500,0.001246
gain_x_kp,4000,50,0.05000,2.500,64,0.8000,2,0.224745,1.5000,5,5,43,1.000000,5.196205,0.014058,0.012500,0.001577
gain_x_kp,4000,50,0.05000,2.500,64,0.8000,2,0.303840,1.7000,5,1,42,1.000000,13.166406,0.016042,0.012500,0.003586
gain_x_kp,4000,50,0.05000,2.500,64,0.8000,2,0.303840,1.7000,5,2,42,1.000000,10.281399,0.018194,0.012500,0.005767
gain_x_kp,4000,50,0.05000,2.500,64,0.8000,2,0.303840,1.7000,5,3,42,1.000000,9.273512,0.016419,0.012500,0.003968
gain_x_kp,4000,50,0.05000,2.500,64,0.8000,2,0.303840,1.7000,5,4,42,1.000000,8.700818,0.016141,0.012500,0.003687
gain_x_kp,4000,50,0.05000,2.500,64,0.8000,2,0.303840,1.7000,5,5,42,1.000000,7.286979,0.017857,0.012500,0.005425
gain_x_alpha,4000,50,0.05000,2.500,128,1.6000,2,0.421267,2.0200,5,1,42,1.000000,8.431743,0.024272,0.012500,0.011921
gain_x_alpha,4000,50,0.05000,2.500,128,1.6000,2,0.421267,2.0200,5,2,42,0.648438,1.504847,0.069230,0.012500,0.057448
gain_x_alpha,4000,50,0.05000,2.500,128,1.6000,2,0.421267,2.0200,5,3,42,0.218750,1.046238,0.185888,0.012500,0.175583
gain_x_alpha,4000,50,0.05000,2.500,128,1.6000,2,0.421267,2.0200,5,4,42,0.085938,1.013424,0.323140,0.012500,0.314572
gain_x_alpha,4000,50,0.05000,2.500,128,1.6000,2,0.421267,2.0200,5,5,42,0.070312,1.009010,0.405236,0.012500,0.397708
gain_x_kp,4000,50,0.05000,2.500,64,0.8000,2,0.303840,1.7000,5,1,43,1.000000,13.159896,0.015298,0.012500,0.002833
gain_x_kp,4000,50,0.05000,2.500,64,0.8000,2,0.303840,1.7000,5,2,43,1.000000,10.887240,0.016429,0.012500,0.003978
gain_x_kp,4000,50,0.05000,2.500,64,0.8000,2,0.303840,1.7000,5,3,43,1.000000,9.459896,0.017063,0.012500,0.004621
gain_x_kp,4000,50,0.05000,2.500,64,0.8000,2,0.303840,1.7000,5,4,43,1.000000,8.220499,0.017222,0.012500,0.004782
gain_x_kp,4000,50,0.05000,2.500,64,0.8000,2,0.303840,1.7000,5,5,43,1.000000,7.238616,0.016448,0.012500,0.003998
gain_x_kp,4000,50,0.05000,2.500,64,0.8000,2,0.356466,1.8400,5,1,42,1.000000,12.136719,0.016111,0.012500,0.003657
gain_x_kp,4000,50,0.05000,2.500,64,0.8000,2,0.356466,1.8400,5,2,42,1.000000,10.727883,0.017679,0.012500,0.005244
gain_x_kp,4000,50,0.05000,2.500,64,0.8000,2,0.356466,1.8400,5,3,42,1.000000,9.525074,0.018442,0.012500,0.006018
gain_x_kp,4000,50,0.05000,2.500,64,0.8000,2,0.356466,1.8400,5,4,42,1.000000,8.577145,0.018879,0.012500,0.006460
gain_x_kp,4000,50,0.05000,2.500,64,0.8000,2,0.356466,1.8400,5,5,42,1.000000,6.312901,0.018472,0.012500,0.006048
gain_x_alpha,4000,50,0.05000,2.500,128,1.6000,2,0.421267,2.0200,5,1,43,1.000000,8.378810,0.024811,0.012500,0.012466
gain_x_alpha,4000,50,0.05000,2.500,128,1.6000,2,0.421267,2.0200,5,2,43,0.718750,1.722306,0.059729,0.012500,0.047827
gain_x_alpha,4000,50,0.05000,2.500,128,1.6000,2,0.421267,2.0200,5,3,43,0.226562,1.046800,0.172552,0.012500,0.162078
gain_x_alpha,4000,50,0.05000,2.500,128,1.6000,2,0.421267,2.0200,5,4,43,0.125000,1.011568,0.312183,0.012500,0.303476
gain_x_alpha,4000,50,0.05000,2.500,128,1.6000,2,0.421267,2.0200,5,5,43,0.015625,1.007429,0.403066,0.012500,0.395510
gain_x_kp,4000,50,0.05000,2.500,64,0.8000,2,0.356466,1.8400,5,1,43,1.000000,12.867001,0.016488,0.012500,0.004039
gain_x_kp,4000,50,0.05000,2.500,64,0.8000,2,0.356466,1.8400,5,2,43,1.000000,11.714323,0.017480,0.012500,0.005043
gain_x_kp,4000,50,0.05000,2.500,64,0.8000,2,0.356466,1.8400,5,3,43,1.000000,9.272879,0.019137,0.012500,0.006721
gain_x_kp,4000,50,0.05000,2.500,64,0.8000,2,0.356466,1.8400,5,4,43,1.000000,6.801531,0.021260,0.012500,0.008871
gain_x_kp,4000,50,0.05000,2.500,64,0.8000,2,0.356466,1.8400,5,5,43,0.968750,3.658907,0.025466,0.012500,0.013130
gain_x_kp,4000,50,0.05000,2.500,64,0.8000,2,0.400000,1.9600,5,1,42,1.000000,12.645573,0.015804,0.012500,0.003345
gain_x_kp,4000,50,0.05000,2.500,64,0.8000,2,0.400000,1.9600,5,2,42,1.000000,10.634338,0.018790,0.012500,0.006369
gain_x_kp,4000,50,0.05000,2.500,64,0.8000,2,0.400000,1.9600,5,3,42,1.000000,6.686743,0.022579,0.012500,0.010207
gain_x_kp,4000,50,0.05000,2.500,64,0.8000,2,0.400000,1.9600,5,4,42,0.687500,3.090150,0.041250,0.012500,0.029114
gain_x_kp,4000,50,0.05000,2.500,64,0.8000,2,0.400000,1.9600,5,5,42,0.171875,1.182817,0.093591,0.012500,0.082118
gain_x_alpha,4000,50,0.05000,2.500,128,1.6000,2,0.449138,2.1000,5,1,42,1.000000,8.027081,0.025741,0.012500,0.013408
gain_x_alpha,4000,50,0.05000,2.500,128,1.6000,2,0.449138,2.1000,5,2,42,0.593750,1.369893,0.078406,0.012500,0.066740
gain_x_alpha,4000,50,0.05000,2.500,128,1.6000,2,0.449138,2.1000,5,3,42,0.210938,1.035318,0.218952,0.012500,0.209065
gain_x_alpha,4000,50,0.05000,2.500,128,1.6000,2,0.449138,2.1000,5,4,42,0.062500,1.013141,0.363066,0.012500,0.355003
gain_x_alpha,4000,50,0.05000,2.500,128,1.6000,2,0.449138,2.1000,5,5,42,0.039062,1.007444,0.480369,0.012500,0.473791
gain_x_kp,4000,50,0.05000,2.500,64,0.8000,2,0.400000,1.9600,5,1,43,1.000000,12.133333,0.016329,0.012500,0.003878
gain_x_kp,4000,50,0.05000,2.500,64,0.8000,2,0.400000,1.9600,5,2,43,1.000000,9.684704,0.019950,0.012500,0.007545
gain_x_kp,4000,50,0.05000,2.500,64,0.8000,2,0.400000,1.9600,5,3,43,1.000000,5.704844,0.024831,0.012500,0.012487
gain_x_kp,4000,50,0.05000,2.500,64,0.8000,2,0.400000,1.9600,5,4,43,0.765625,2.566606,0.036558,0.012500,0.024362
gain_x_kp,4000,50,0.05000,2.500,64,0.8000,2,0.400000,1.9600,5,5,43,0.156250,1.187385,0.068829,0.012500,0.057042
gain_x_kp,4000,50,0.05000,2.500,64,0.8000,2,0.449138,2.1000,5,1,42,1.000000,11.837240,0.018829,0.012500,0.006409
gain_x_kp,4000,50,0.05000,2.500,64,0.8000,2,0.449138,2.1000,5,2,42,1.000000,6.842715,0.027728,0.012500,0.015421
gain_x_kp,4000,50,0.05000,2.500,64,0.8000,2,0.449138,2.1000,5,3,42,0.484375,1.548801,0.059990,0.012500,0.048091
gain_x_kp,4000,50,0.05000,2.500,64,0.8000,2,0.449138,2.1000,5,4,42,0.140625,1.047454,0.136726,0.012500,0.125799
gain_x_kp,4000,50,0.05000,2.500,64,0.8000,2,0.449138,2.1000,5,5,42,0.078125,1.012993,0.207827,0.012500,0.197800
gain_x_alpha,4000,50,0.05000,2.500,128,1.6000,2,0.449138,2.1000,5,1,43,1.000000,7.771739,0.028565,0.012500,0.016269
gain_x_alpha,4000,50,0.05000,2.500,128,1.6000,2,0.449138,2.1000,5,2,43,0.437500,1.220270,0.104860,0.012500,0.093529
gain_x_alpha,4000,50,0.05000,2.500,128,1.6000,2,0.449138,2.1000,5,3,43,0.156250,1.023768,0.289729,0.012500,0.280739
gain_x_alpha,4000,50,0.05000,2.500,128,1.6000,2,0.449138,2.1000,5,4,43,0.062500,1.011433,0.460300,0.012500,0.453469
gain_x_alpha,4000,50,0.05000,2.500,128,1.6000,2,0.449138,2.1000,5,5,43,0.023438,1.005760,0.571107,0.012500,0.565678
gain_x_kp,4000,50,0.05000,2.500,64,0.8000,2,0.449138,2.1000,5,1,43,1.000000,12.969271,0.018254,0.012500,0.005827
gain_x_kp,4000,50,0.05000,2.500,64,0.8000,2,0.449138,2.1000,5,2,43,1.000000,8.538356,0.024583,0.012500,0.012236
gain_x_kp,4000,50,0.05000,2.500,64,0.8000,2,0.449138,2.1000,5,3,43,0.984375,3.052313,0.046895,0.012500,0.034830
gain_x_kp,4000,50,0.05000,2.500,64,0.8000,2,0.449138,2.1000,5,4,43,0.187500,1.053712,0.160437,0.012500,0.149809
gain_x_kp,4000,50,0.05000,2.500,64,0.8000,2,0.449138,2.1000,5,5,43,0.109375,1.011494,0.365615,0.012500,0.357585
gain_x_kp,4000,50,0.05000,2.500,64,0.8000,2,0.532971,2.3500,5,1,42,1.000000,11.593936,0.020278,0.012500,0.007876
gain_x_kp,4000,50,0.05000,2.500,64,0.8000,2,0.532971,2.3500,5,2,42,1.000000,4.916434,0.034722,0.012500,0.022504
gain_x_kp,4000,50,0.05000,2.500,64,0.8000,2,0.532971,2.3500,5,3,42,0.312500,1.186467,0.092540,0.012500,0.081053
gain_x_kp,4000,50,0.05000,2.500,64,0.8000,2,0.532971,2.3500,5,4,42,0.109375,1.030298,0.205615,0.012500,0.195560
gain_x_kp,4000,50,0.05000,2.500,64,0.8000,2,0.532971,2.3500,5,5,42,0.078125,1.012787,0.366071,0.012500,0.358047
gain_x_kp,4000,50,0.05000,2.500,64,0.8000,2,0.532971,2.3500,5,1,43,1.000000,11.206771,0.020179,0.012500,0.007776
gain_x_kp,4000,50,0.05000,2.500,64,0.8000,2,0.532971,2.3500,5,2,43,1.000000,5.305854,0.033135,0.012500,0.020896
gain_x_kp,4000,50,0.05000,2.500,64,0.8000,2,0.532971,2.3500,5,3,43,0.328125,1.301391,0.097401,0.012500,0.085975
gain_x_kp,4000,50,0.05000,2.500,64,0.8000,2,0.532971,2.3500,5,4,43,0.187500,1.031110,0.273730,0.012500,0.264537
gain_x_kp,4000,50,0.05000,2.500,64,0.8000,2,0.532971,2.3500,5,5,43,0.078125,1.011413,0.394246,0.012500,0.386578
gain_x_alpha,4000,50,0.05000,2.500,128,1.6000,2,0.483240,2.2000,5,1,42,1.000000,6.949652,0.030221,0.012500,0.017946
gain_x_alpha,4000,50,0.05000,2.500,128,1.6000,2,0.483240,2.2000,5,2,42,0.453125,1.185783,0.120313,0.012500,0.109177
gain_x_alpha,4000,50,0.05000,2.500,128,1.6000,2,0.483240,2.2000,5,3,42,0.234375,1.034832,0.270064,0.012500,0.260824
gain_x_alpha,4000,50,0.05000,2.500,128,1.6000,2,0.483240,2.2000,5,4,42,0.039062,1.015193,0.411804,0.012500,0.404358
gain_x_alpha,4000,50,0.05000,2.500,128,1.6000,2,0.483240,2.2000,5,5,42,0.007812,1.007712,0.564929,0.012500,0.559421
gain_x_kp,4000,50,0.10000,5.000,64,0.8000,2,0.224745,1.5000,5,1,42,1.000000,14.098177,0.014058,0.012500,0.001577
gain_x_kp,4000,50,0.10000,5.000,64,0.8000,2,0.224745,1.5000,5,2,42,1.000000,13.344010,0.015188,0.012500,0.002723
gain_x_kp,4000,50,0.10000,5.000,64,0.8000,2,0.224745,1.5000,5,3,42,1.000000,12.100000,0.015427,0.012500,0.002964
gain_x_kp,4000,50,0.10000,5.000,64,0.8000,2,0.224745,1.5000,5,4,42,1.000000,11.431548,0.015030,0.012500,0.002562
gain_x_kp,4000,50,0.10000,5.000,64,0.8000,2,0.224745,1.5000,5,5,42,1.000000,11.353646,0.015784,0.012500,0.003325
gain_x_kp,4000,50,0.10000,5.000,64,0.8000,2,0.224745,1.5000,5,1,43,1.000000,14.569271,0.014494,0.012500,0.002019
gain_x_kp,4000,50,0.10000,5.000,64,0.8000,2,0.224745,1.5000,5,2,43,1.000000,12.554427,0.016429,0.012500,0.003978
gain_x_kp,4000,50,0.10000,5.000,64,0.8000,2,0.224745,1.5000,5,3,43,1.000000,11.851042,0.016002,0.012500,0.003546
gain_x_kp,4000,50,0.10000,5.000,64,0.8000,2,0.224745,1.5000,5,4,43,1.000000,11.418862,0.015089,0.012500,0.002622
gain_x_kp,4000,50,0.10000,5.000,64,0.8000,2,0.224745,1.5000,5,5,43,1.000000,11.061198,0.014742,0.012500,0.002270
gain_x_alpha,4000,50,0.05000,2.500,128,1.6000,2,0.483240,2.2000,5,1,43,1.000000,7.062264,0.030463,0.012500,0.018190
gain_x_alpha,4000,50,0.05000,2.500,128,1.6000,2,0.483240,2.2000,5,2,43,0.421875,1.167916,0.114500,0.012500,0.103292
gain_x_alpha,4000,50,0.05000,2.500,128,1.6000,2,0.483240,2.2000,5,3,43,0.250000,1.032892,0.309811,0.012500,0.301074
gain_x_alpha,4000,50,0.05000,2.500,128,1.6000,2,0.483240,2.2000,5,4,43,0.085938,1.010613,0.561762,0.012500,0.556214
gain_x_alpha,4000,50,0.05000,2.500,128,1.6000,2,0.483240,2.2000,5,5,43,0.007812,1.002906,0.697977,0.012500,0.694154
gain_x_kp,4000,50,0.10000,5.000,64,0.8000,2,0.303840,1.7000,5,1,42,1.000000,13.471615,0.015625,0.012500,0.003165
gain_x_kp,4000,50,0.10000,5.000,64,0.8000,2,0.303840,1.7000,5,2,42,1.000000,12.518043,0.016250,0.012500,0.003797
gain_x_kp,4000,50,0.10000,5.000,64,0.8000,2,0.303840,1.7000,5,3,42,1.000000,12.890885,0.016617,0.012500,0.004169
gain_x_kp,4000,50,0.10000,5.000,64,0.8000,2,0.303840,1.7000,5,4,42,1.000000,12.072656,0.016935,0.012500,0.004491
gain_x_kp,4000,50,0.10000,5.000,64,0.8000,2,0.303840,1.7000,5,5,42,1.000000,11.778051,0.017510,0.012500,0.005073
gain_x_kp,4000,50,0.10000,5.000,64,0.8000,2,0.303840,1.7000,5,1,43,1.000000,13.704948,0.015119,0.012500,0.002652
gain_x_kp,4000,50,0.10000,5.000,64,0.8000,2,0.303840,1.7000,5,2,43,1.000000,12.637240,0.017202,0.012500,0.004762
gain_x_kp,4000,50,0.10000,5.000,64,0.8000,2,0.303840,1.7000,5,3,43,1.000000,12.868229,0.017034,0.012500,0.004591
gain_x_kp,4000,50,0.10000,5.000,64,0.8000,2,0.303840,1.7000,5,4,43,1.000000,11.687946,0.018085,0.012500,0.005656
gain_x_kp,4000,50,0.10000,5.000,64,0.8000,2,0.303840,1.7000,5,5,43,1.000000,12.140811,0.017163,0.012500,0.004722
gain_x_alpha,4000,50,0.05000,2.500,128,1.6000,2,0.532971,2.3500,5,1,42,1.000000,6.329145,0.034038,0.012500,0.021811
gain_x_alpha,4000,50,0.05000,2.500,128,1.6000,2,0.532971,2.3500,5,2,42,0.445312,1.147161,0.155283,0.012500,0.144590
gain_x_alpha,4000,50,0.05000,2.500,128,1.6000,2,0.532971,2.3500,5,3,42,0.203125,1.029071,0.355426,0.012500,0.347267
gain_x_alpha,4000,50,0.05000,2.500,128,1.6000,2,0.532971,2.3500,5,4,42,0.046875,1.013026,0.539299,0.012500,0.533467
gain_x_alpha,4000,50,0.05000,2.500,128,1.6000,2,0.532971,2.3500,5,5,42,0.007812,1.004189,0.674090,0.012500,0.669964
gain_x_kp,4000,50,0.10000,5.000,64,0.8000,2,0.356466,1.8400,5,1,42,1.000000,13.685937,0.016171,0.012500,0.003717
gain_x_kp,4000,50,0.10000,5.000,64,0.8000,2,0.356466,1.8400,5,2,42,1.000000,12.863207,0.018343,0.012500,0.005917
gain_x_kp,4000,50,0.10000,5.000,64,0.8000,2,0.356466,1.8400,5,3,42,1.000000,11.677102,0.017014,0.012500,0.004571
gain_x_kp,4000,50,0.10000,5.000,64,0.8000,2,0.356466,1.8400,5,4,42,1.000000,10.963579,0.020020,0.012500,0.007615
gain_x_kp,4000,50,0.10000,5.000,64,0.8000,2,0.356466,1.8400,5,5,42,1.000000,10.428609,0.019980,0.012500,0.007575
gain_x_kp,4000,50,0.10000,5.000,64,0.8000,2,0.356466,1.8400,5,1,43,1.000000,13.369606,0.016766,0.012500,0.004320
gain_x_kp,4000,50,0.10000,5.000,64,0.8000,2,0.356466,1.8400,5,2,43,1.000000,11.671949,0.019177,0.012500,0.006761
gain_x_kp,4000,50,0.10000,5.000,64,0.8000,2,0.356466,1.8400,5,3,43,1.000000,11.588988,0.018423,0.012500,0.005998
gain_x_kp,4000,50,0.10000,5.000,64,0.8000,2,0.356466,1.8400,5,4,43,1.000000,10.736663,0.019812,0.012500,0.007404
gain_x_kp,4000,50,0.10000,5.000,64,0.8000,2,0.356466,1.8400,5,5,43,1.000000,9.832924,0.020119,0.012500,0.007715
gain_x_alpha,4000,50,0.05000,2.500,128,1.6000,2,0.532971,2.3500,5,1,43,1.000000,6.326880,0.034614,0.012500,0.022394
gain_x_alpha,4000,50,0.05000,2.500,128,1.6000,2,0.532971,2.3500,5,2,43,0.429688,1.132842,0.145376,0.012500,0.134558
gain_x_alpha,4000,50,0.05000,2.500,128,1.6000,2,0.532971,2.3500,5,3,43,0.226562,1.037970,0.320886,0.012500,0.312289
gain_x_alpha,4000,50,0.05000,2.500,128,1.6000,2,0.532971,2.3500,5,4,43,0.109375,1.014586,0.485253,0.012500,0.478738
gain_x_alpha,4000,50,0.05000,2.500,128,1.6000,2,0.532971,2.3500,5,5,43,0.039062,1.004860,0.616390,0.012500,0.611534
gain_x_kp,4000,50,0.10000,5.000,64,0.8000,2,0.400000,1.9600,5,1,42,1.000000,13.654427,0.017391,0.012500,0.004953
gain_x_kp,4000,50,0.10000,5.000,64,0.8000,2,0.400000,1.9600,5,2,42,1.000000,10.446131,0.020446,0.012500,0.008047
gain_x_kp,4000,50,0.10000,5.000,64,0.8000,2,0.400000,1.9600,5,3,42,1.000000,7.225034,0.024117,0.012500,0.011764
gain_x_kp,4000,50,0.10000,5.000,64,0.8000,2,0.400000,1.9600,5,4,42,0.734375,2.792257,0.034147,0.012500,0.021921
gain_x_kp,4000,50,0.10000,5.000,64,0.8000,2,0.400000,1.9600,5,5,42,0.062500,1.061749,0.047401,0.012500,0.035343
gain_x_kp,4000,50,0.10000,5.000,64,0.8000,2,0.400000,1.9600,5,1,43,1.000000,13.546875,0.016786,0.012500,0.004340
gain_x_kp,4000,50,0.10000,5.000,64,0.8000,2,0.400000,1.9600,5,2,43,1.000000,11.116592,0.020675,0.012500,0.008278
gain_x_kp,4000,50,0.10000,5.000,64,0.8000,2,0.400000,1.9600,5,3,43,1.000000,8.455517,0.023938,0.012500,0.011583
gain_x_kp,4000,50,0.10000,5.000,64,0.8000,2,0.400000,1.9600,5,4,43,0.984375,4.423746,0.028740,0.012500,0.016446
gain_x_kp,4000,50,0.10000,5.000,64,0.8000,2,0.400000,1.9600,5,5,43,0.281250,1.577012,0.045764,0.012500,0.033685
gain_x_kp,4000,50,0.10000,5.000,64,0.8000,2,0.449138,2.1000,5,1,42,1.000000,12.761570,0.019335,0.012500,0.006922
gain_x_kp,4000,50,0.10000,5.000,64,0.8000,2,0.449138,2.1000,5,2,42,1.000000,9.432814,0.024762,0.012500,0.012417
gain_x_kp,4000,50,0.10000,5.000,64,0.8000,2,0.449138,2.1000,5,3,42,0.968750,3.179275,0.040843,0.012500,0.028702
gain_x_kp,4000,50,0.10000,5.000,64,0.8000,2,0.449138,2.1000,5,4,42,0.078125,1.037879,0.078204,0.012500,0.066536
gain_x_kp,4000,50,0.10000,5.000,64,0.8000,2,0.449138,2.1000,5,5,42,0.015625,1.005463,0.125427,0.012500,0.114356
gain_x_kp,4000,50,0.10000,5.000,64,0.8000,2,0.449138,2.1000,5,1,43,1.000000,12.419531,0.018016,0.012500,0.005586
gain_x_kp,4000,50,0.10000,5.000,64,0.8000,2,0.449138,2.1000,5,2,43,1.000000,9.514280,0.024474,0.012500,0.012126
gain_x_kp,4000,50,0.10000,5.000,64,0.8000,2,0.449138,2.1000,5,3,43,1.000000,4.629524,0.032976,0.012500,0.020735
gain_x_kp,4000,50,0.10000,5.000,64,0.8000,2,0.449138,2.1000,5,4,43,0.187500,1.206529,0.060476,0.012500,0.048583
gain_x_kp,4000,50,0.10000,5.000,64,0.8000,2,0.449138,2.1000,5,5,43,0.046875,1.024453,0.083740,0.012500,0.072142
gain_x_kp,4000,50,0.10000,5.000,64,0.8000,2,0.532971,2.3500,5,1,42,1.000000,12.157552,0.020982,0.012500,0.008590
gain_x_kp,4000,50,0.10000,5.000,64,0.8000,2,0.532971,2.3500,5,2,42,1.000000,5.273456,0.036389,0.012500,0.024191
gain_x_kp,4000,50,0.10000,5.000,64,0.8000,2,0.532971,2.3500,5,3,42,0.156250,1.113389,0.088780,0.012500,0.077245
gain_x_kp,4000,50,0.10000,5.000,64,0.8000,2,0.532971,2.3500,5,4,42,0.046875,1.007324,0.139415,0.012500,0.128521
gain_x_kp,4000,50,0.10000,5.000,64,0.8000,2,0.532971,2.3500,5,5,42,0.015625,1.000000,0.192827,0.012500,0.182610
gain_x_alpha,4000,50,0.05000,2.500,256,3.2000,2,0.224745,1.5000,5,1,42,1.000000,8.464514,0.017817,0.012500,0.005384
gain_x_alpha,4000,50,0.05000,2.500,256,3.2000,2,0.224745,1.5000,5,2,42,0.972656,3.335095,0.022770,0.012500,0.010400
gain_x_alpha,4000,50,0.05000,2.500,256,3.2000,2,0.224745,1.5000,5,3,42,0.085938,1.075504,0.039347,0.012500,0.027187
gain_x_alpha,4000,50,0.05000,2.500,256,3.2000,2,0.224745,1.5000,5,4,42,0.035156,1.023377,0.074104,0.012500,0.062384
gain_x_alpha,4000,50,0.05000,2.500,256,3.2000,2,0.224745,1.5000,5,5,42,0.007812,1.013976,0.104046,0.012500,0.092705
gain_x_kp,4000,50,0.10000,5.000,64,0.8000,2,0.532971,2.3500,5,1,43,1.000000,11.368490,0.020020,0.012500,0.007615
gain_x_kp,4000,50,0.10000,5.000,64,0.8000,2,0.532971,2.3500,5,2,43,1.000000,6.212081,0.032480,0.012500,0.020233
gain_x_kp,4000,50,0.10000,5.000,64,0.8000,2,0.532971,2.3500,5,3,43,0.375000,1.209641,0.073413,0.012500,0.061684
gain_x_kp,4000,50,0.10000,5.000,64,0.8000,2,0.532971,2.3500,5,4,43,0.046875,1.007395,0.130496,0.012500,0.119490
gain_x_kp,4000,50,0.10000,5.000,64,0.8000,2,0.532971,2.3500,5,5,43,0.015625,1.000000,0.192282,0.012500,0.182057
gain_x_kp,4000,50,0.20000,10.000,64,0.8000,2,0.224745,1.5000,5,1,42,1.000000,15.944271,0.013671,0.012500,0.001185
gain_x_kp,4000,50,0.20000,10.000,64,0.8000,2,0.224745,1.5000,5,2,42,1.000000,14.857552,0.014643,0.012500,0.002170
gain_x_kp,4000,50,0.20000,10.000,64,0.8000,2,0.224745,1.5000,5,3,42,1.000000,15.080729,0.015089,0.012500,0.002622
gain_x_kp,4000,50,0.20000,10.000,64,0.8000,2,0.224745,1.5000,5,4,42,1.000000,14.506138,0.015010,0.012500,0.002542
gain_x_kp,4000,50,0.20000,10.000,64,0.8000,2,0.224745,1.5000,5,5,42,1.000000,14.337240,0.015139,0.012500,0.002672
gain_x_kp,4000,50,0.20000,10.000,64,0.8000,2,0.224745,1.5000,5,1,43,1.000000,14.947656,0.014772,0.012500,0.002301
gain_x_kp,4000,50,0.20000,10.000,64,0.8000,2,0.224745,1.5000,5,2,43,1.000000,14.854948,0.014504,0.012500,0.002029
gain_x_kp,4000,50,0.20000,10.000,64,0.8000,2,0.224745,1.5000,5,3,43,1.000000,13.360417,0.015010,0.012500,0.002542
gain_x_kp,4000,50,0.20000,10.000,64,0.8000,2,0.224745,1.5000,5,4,43,1.000000,14.276823,0.015069,0.012500,0.002602
gain_x_kp,4000,50,0.20000,10.000,64,0.8000,2,0.224745,1.5000,5,5,43,1.000000,14.296875,0.014732,0.012500,0.002260
gain_x_kp,4000,50,0.20000,10.000,64,0.8000,2,0.303840,1.7000,5,1,42,1.000000,15.022396,0.014752,0.012500,0.002280
gain_x_kp,4000,50,0.20000,10.000,64,0.8000,2,0.303840,1.7000,5,2,42,1.000000,13.628646,0.015863,0.012500,0.003406
gain_x_kp,4000,50,0.20000,10.000,64,0.8000,2,0.303840,1.7000,5,3,42,1.000000,14.503237,0.015496,0.012500,0.003034
gain_x_kp,4000,50,0.20000,10.000,64,0.8000,2,0.303840,1.7000,5,4,42,1.000000,13.532292,0.015724,0.012500,0.003265
gain_x_kp,4000,50,0.20000,10.000,64,0.8000,2,0.303840,1.7000,5,5,42,1.000000,13.986198,0.017599,0.012500,0.005164
gain_x_kp,4000,50,0.20000,10.000,64,0.8000,2,0.303840,1.7000,5,1,43,1.000000,14.478906,0.015764,0.012500,0.003305
gain_x_kp,4000,50,0.20000,10.000,64,0.8000,2,0.303840,1.7000,5,2,43,1.000000,13.907552,0.016558,0.012500,0.004109
gain_x_kp,4000,50,0.20000,10.000,64,0.8000,2,0.303840,1.7000,5,3,43,1.000000,14.524219,0.017262,0.012500,0.004822
gain_x_kp,4000,50,0.20000,10.000,64,0.8000,2,0.303840,1.7000,5,4,43,1.000000,14.070052,0.016290,0.012500,0.003838
gain_x_kp,4000,50,0.20000,10.000,64,0.8000,2,0.303840,1.7000,5,5,43,1.000000,14.148140,0.015923,0.012500,0.003466
gain_x_kp,4000,50,0.20000,10.000,64,0.8000,2,0.356466,1.8400,5,1,42,1.000000,14.189323,0.015952,0.012500,0.003496
gain_x_kp,4000,50,0.20000,10.000,64,0.8000,2,0.356466,1.8400,5,2,42,1.000000,12.926562,0.018214,0.012500,0.005787
gain_x_kp,4000,50,0.20000,10.000,64,0.8000,2,0.356466,1.8400,5,3,42,1.000000,12.783854,0.018829,0.012500,0.006409
gain_x_kp,4000,50,0.20000,10.000,64,0.8000,2,0.356466,1.8400,5,4,42,1.000000,12.096168,0.018849,0.012500,0.006430
gain_x_kp,4000,50,0.20000,10.000,64,0.8000,2,0.356466,1.8400,5,5,42,1.000000,11.317473,0.019891,0.012500,0.007484
gain_x_alpha,4000,50,0.05000,2.500,256,3.2000,2,0.224745,1.5000,5,1,43,1.000000,8.187030,0.017873,0.012500,0.005441
gain_x_alpha,4000,50,0.05000,2.500,256,3.2000,2,0.224745,1.5000,5,2,43,1.000000,4.108901,0.021136,0.012500,0.008745
gain_x_alpha,4000,50,0.05000,2.500,256,3.2000,2,0.224745,1.5000,5,3,43,0.210938,1.175191,0.032839,0.012500,0.020597
gain_x_alpha,4000,50,0.05000,2.500,256,3.2000,2,0.224745,1.5000,5,4,43,0.023438,1.028290,0.062299,0.012500,0.050429
gain_x_alpha,4000,50,0.05000,2.500,256,3.2000,2,0.224745,1.5000,5,5,43,0.015625,1.009517,0.108923,0.012500,0.097644
gain_x_kp,4000,50,0.20000,10.000,64,0.8000,2,0.356466,1.8400,5,1,43,1.000000,13.719010,0.016429,0.012500,0.003978
gain_x_kp,4000,50,0.20000,10.000,64,0.8000,2,0.356466,1.8400,5,2,43,1.000000,13.720313,0.018224,0.012500,0.005797
gain_x_kp,4000,50,0.20000,10.000,64,0.8000,2,0.356466,1.8400,5,3,43,1.000000,11.687221,0.019762,0.012500,0.007354
gain_x_kp,4000,50,0.20000,10.000,64,0.8000,2,0.356466,1.8400,5,4,43,1.000000,9.395267,0.021508,0.012500,0.009122
gain_x_kp,4000,50,0.20000,10.000,64,0.8000,2,0.356466,1.8400,5,5,43,0.750000,6.119516,0.025813,0.012500,0.013482
gain_x_kp,4000,50,0.20000,10.000,64,0.8000,2,0.400000,1.9600,5,1,42,1.000000,13.694531,0.017252,0.012500,0.004812
gain_x_kp,4000,50,0.20000,10.000,64,0.8000,2,0.400000,1.9600,5,2,42,1.000000,12.220164,0.018968,0.012500,0.006550
gain_x_kp,4000,50,0.20000,10.000,64,0.8000,2,0.400000,1.9600,5,3,42,1.000000,11.319624,0.020139,0.012500,0.007736
gain_x_kp,4000,50,0.20000,10.000,64,0.8000,2,0.400000,1.9600,5,4,42,1.000000,8.906506,0.023919,0.012500,0.011563
gain_x_kp,4000,50,0.20000,10.000,64,0.8000,2,0.400000,1.9600,5,5,42,0.656250,2.789545,0.034921,0.012500,0.022704
gain_x_kp,4000,50,0.20000,10.000,64,0.8000,2,0.400000,1.9600,5,1,43,1.000000,13.549368,0.016915,0.012500,0.004471
gain_x_kp,4000,50,0.20000,10.000,64,0.8000,2,0.400000,1.9600,5,2,43,1.000000,12.441772,0.020714,0.012500,0.008318
gain_x_kp,4000,50,0.20000,10.000,64,0.8000,2,0.400000,1.9600,5,3,43,1.000000,8.044809,0.025992,0.012500,0.013663
gain_x_kp,4000,50,0.20000,10.000,64,0.8000,2,0.400000,1.9600,5,4,43,0.531250,1.863043,0.048155,0.012500,0.036106
gain_x_kp,4000,50,0.20000,10.000,64,0.8000,2,0.400000,1.9600,5,5,43,0.046875,1.042911,0.068254,0.012500,0.056460
gain_x_kp,4000,50,0.20000,10.000,64,0.8000,2,0.449138,2.1000,5,1,42,1.000000,13.552344,0.018313,0.012500,0.005887
gain_x_kp,4000,50,0.20000,10.000,64,0.8000,2,0.449138,2.1000,5,2,42,1.000000,9.964489,0.023690,0.012500,0.011332
gain_x_kp,4000,50,0.20000,10.000,64,0.8000,2,0.449138,2.1000,5,3,42,0.937500,4.062014,0.039405,0.012500,0.027245
gain_x_kp,4000,50,0.20000,10.000,64,0.8000,2,0.449138,2.1000,5,4,42,0.140625,1.057636,0.081101,0.012500,0.069470
gain_x_kp,4000,50,0.20000,10.000,64,0.8000,2,0.449138,2.1000,5,5,42,0.015625,1.000000,0.110129,0.012500,0.098865
gain_x_kp,4000,50,0.20000,10.000,64,0.8000,2,0.449138,2.1000,5,1,43,1.000000,12.612891,0.018800,0.012500,0.006379
gain_x_kp,4000,50,0.20000,10.000,64,0.8000,2,0.449138,2.1000,5,2,43,1.000000,8.847910,0.029891,0.012500,0.017611
gain_x_kp,4000,50,0.20000,10.000,64,0.8000,2,0.449138,2.1000,5,3,43,0.703125,1.713551,0.081518,0.012500,0.069892
gain_x_kp,4000,50,0.20000,10.000,64,0.8000,2,0.449138,2.1000,5,4,43,0.015625,1.000521,0.175387,0.012500,0.164949
gain_x_kp,4000,50,0.20000,10.000,64,0.8000,2,0.449138,2.1000,5,5,43,0.015625,1.000000,0.234802,0.012500,0.225116
gain_x_alpha,4000,50,0.05000,2.500,256,3.2000,2,0.264911,1.6000,5,1,42,1.000000,7.958978,0.020260,0.012500,0.007858
gain_x_alpha,4000,50,0.05000,2.500,256,3.2000,2,0.264911,1.6000,5,2,42,0.554688,1.476949,0.046547,0.012500,0.034478
gain_x_alpha,4000,50,0.05000,2.500,256,3.2000,2,0.264911,1.6000,5,3,42,0.085938,1.030606,0.134528,0.012500,0.123573
gain_x_alpha,4000,50,0.05000,2.500,256,3.2000,2,0.264911,1.6000,5,4,42,0.035156,1.011423,0.227320,0.012500,0.217540
gain_x_alpha,4000,50,0.05000,2.500,256,3.2000,2,0.264911,1.6000,5,5,42,0.015625,1.004195,0.290977,0.012500,0.282002
gain_x_kp,4000,50,0.20000,10.000,64,0.8000,2,0.532971,2.3500,5,1,42,1.000000,12.121894,0.020357,0.012500,0.007957
gain_x_kp,4000,50,0.20000,10.000,64,0.8000,2,0.532971,2.3500,5,2,42,1.000000,5.569707,0.045565,0.012500,0.033484
gain_x_kp,4000,50,0.20000,10.000,64,0.8000,2,0.532971,2.3500,5,3,42,0.312500,1.143275,0.143810,0.012500,0.132972
gain_x_kp,4000,50,0.20000,10.000,64,0.8000,2,0.532971,2.3500,5,4,42,0.015625,1.000000,0.244841,0.012500,0.235282
gain_x_kp,4000,50,0.20000,10.000,64,0.8000,2,0.532971,2.3500,5,5,42,0.015625,1.000000,0.300258,0.012500,0.291400
gain_x_kp,4000,50,0.20000,10.000,64,0.8000,2,0.532971,2.3500,5,1,43,1.000000,11.253857,0.021558,0.012500,0.009172
gain_x_kp,4000,50,0.20000,10.000,64,0.8000,2,0.532971,2.3500,5,2,43,1.000000,4.379268,0.055228,0.012500,0.043269
gain_x_kp,4000,50,0.20000,10.000,64,0.8000,2,0.532971,2.3500,5,3,43,0.218750,1.041852,0.165010,0.012500,0.154440
gain_x_kp,4000,50,0.20000,10.000,64,0.8000,2,0.532971,2.3500,5,4,43,0.015625,1.000319,0.376022,0.012500,0.368123
gain_x_kp,4000,50,0.20000,10.000,64,0.8000,2,0.532971,2.3500,5,5,43,0.015625,1.000000,0.539673,0.012500,0.533846
capacity_rel,2000,50,0.05000,2.500,24,0.6000,2,0.228495,1.5092,5,1,42,1.000000,9.791171,0.029565,0.025000,0.004682
capacity_rel,2000,50,0.05000,2.500,24,0.6000,2,0.228495,1.5092,5,2,42,1.000000,7.560665,0.034058,0.025000,0.009290
capacity_rel,2000,50,0.05000,2.500,24,0.6000,2,0.228495,1.5092,5,3,42,1.000000,5.534954,0.031449,0.025000,0.006615
capacity_rel,2000,50,0.05000,2.500,24,0.6000,2,0.228495,1.5092,5,4,42,1.000000,5.055638,0.033333,0.025000,0.008547
capacity_rel,2000,50,0.05000,2.500,24,0.6000,2,0.228495,1.5092,5,5,42,1.000000,4.287120,0.034928,0.025000,0.010182
capacity_rel,2000,50,0.05000,2.500,24,0.6000,2,0.228495,1.5092,5,1,43,1.000000,9.397470,0.028913,0.025000,0.004013
capacity_rel,2000,50,0.05000,2.500,24,0.6000,2,0.228495,1.5092,5,2,43,1.000000,7.208681,0.033623,0.025000,0.008844
capacity_rel,2000,50,0.05000,2.500,24,0.6000,2,0.228495,1.5092,5,3,43,1.000000,6.345486,0.031884,0.025000,0.007061
capacity_rel,2000,50,0.05000,2.500,24,0.6000,2,0.228495,1.5092,5,4,43,1.000000,5.157490,0.033913,0.025000,0.009142
capacity_rel,2000,50,0.05000,2.500,24,0.6000,2,0.228495,1.5092,5,5,43,1.000000,4.286806,0.033116,0.025000,0.008324
capacity_rel,2000,50,0.05000,2.500,32,0.8000,2,0.228495,1.5092,5,1,42,1.000000,9.268564,0.028024,0.025000,0.003102
capacity_rel,2000,50,0.05000,2.500,32,0.8000,2,0.228495,1.5092,5,2,42,1.000000,7.993415,0.028831,0.025000,0.003929
capacity_rel,2000,50,0.05000,2.500,32,0.8000,2,0.228495,1.5092,5,3,42,1.000000,6.258073,0.029355,0.025000,0.004467
capacity_rel,2000,50,0.05000,2.500,32,0.8000,2,0.228495,1.5092,5,4,42,1.000000,5.689509,0.025847,0.025000,0.000868
capacity_rel,2000,50,0.05000,2.500,32,0.8000,2,0.228495,1.5092,5,5,42,1.000000,4.511756,0.031250,0.025000,0.006410
capacity_rel,2000,50,0.05000,2.500,32,0.8000,2,0.228495,1.5092,5,1,43,1.000000,9.316071,0.029315,0.025000,0.004425
capacity_rel,2000,50,0.05000,2.500,32,0.8000,2,0.228495,1.5092,5,2,43,1.000000,6.925570,0.031048,0.025000,0.006203
capacity_rel,2000,50,0.05000,2.500,32,0.8000,2,0.228495,1.5092,5,3,43,1.000000,5.631101,0.032984,0.025000,0.008189
capacity_rel,2000,50,0.05000,2.500,32,0.8000,2,0.228495,1.5092,5,4,43,1.000000,4.834673,0.031653,0.025000,0.006824
capacity_rel,2000,50,0.05000,2.500,32,0.8000,2,0.228495,1.5092,5,5,43,0.937500,3.747371,0.029315,0.025000,0.004425
capacity_rel,2000,50,0.05000,2.500,48,1.2000,2,0.228495,1.5092,5,1,42,1.000000,8.197842,0.031489,0.025000,0.006656
capacity_rel,2000,50,0.05000,2.500,48,1.2000,2,0.228495,1.5092,5,2,42,1.000000,5.733424,0.032553,0.025000,0.007747
capacity_rel,2000,50,0.05000,2.500,48,1.2000,2,0.228495,1.5092,5,3,42,1.000000,3.817032,0.038582,0.025000,0.013930
capacity_rel,2000,50,0.05000,2.500,48,1.2000,2,0.228495,1.5092,5,4,42,0.854167,2.107655,0.037145,0.025000,0.012457
capacity_rel,2000,50,0.05000,2.500,48,1.2000,2,0.228495,1.5092,5,5,42,0.375000,1.514980,0.035833,0.025000,0.011111
capacity_rel,2000,50,0.05000,2.500,48,1.2000,2,0.228495,1.5092,5,1,43,1.000000,7.961806,0.033298,0.025000,0.008511
capacity_rel,2000,50,0.05000,2.500,48,1.2000,2,0.228495,1.5092,5,2,43,1.000000,5.449678,0.037057,0.025000,0.012366
capacity_rel,2000,50,0.05000,2.500,48,1.2000,2,0.228495,1.5092,5,3,43,1.000000,3.251243,0.038918,0.025000,0.014275
capacity_rel,2000,50,0.05000,2.500,48,1.2000,2,0.228495,1.5092,5,4,43,0.708333,1.960563,0.040213,0.025000,0.015603
capacity_rel,2000,50,0.05000,2.500,48,1.2000,2,0.228495,1.5092,5,5,43,0.333333,1.304924,0.038936,0.025000,0.014294
capacity_rel,2000,50,0.05000,2.500,64,1.6000,2,0.228495,1.5092,5,1,42,1.000000,7.625074,0.032946,0.025000,0.008150
capacity_rel,2000,50,0.05000,2.500,64,1.6000,2,0.228495,1.5092,5,2,42,1.000000,4.727354,0.039395,0.025000,0.014764
capacity_rel,2000,50,0.05000,2.500,64,1.6000,2,0.228495,1.5092,5,3,42,0.953125,2.197717,0.046260,0.025000,0.021805
capacity_rel,2000,50,0.05000,2.500,64,1.6000,2,0.228495,1.5092,5,4,42,0.093750,1.125229,0.059673,0.025000,0.035562
capacity_rel,2000,50,0.05000,2.500,64,1.6000,2,0.228495,1.5092,5,5,42,0.031250,1.014151,0.075397,0.025000,0.051689
capacity_rel,2000,50,0.05000,2.500,64,1.6000,2,0.228495,1.5092,5,1,43,1.000000,7.574981,0.031577,0.025000,0.006746
capacity_rel,2000,50,0.05000,2.500,64,1.6000,2,0.228495,1.5092,5,2,43,1.000000,5.095368,0.036310,0.025000,0.011600
capacity_rel,2000,50,0.05000,2.500,64,1.6000,2,0.228495,1.5092,5,3,43,1.000000,2.724163,0.042698,0.025000,0.018152
capacity_rel,2000,50,0.05000,2.500,64,1.6000,2,0.228495,1.5092,5,4,43,0.234375,1.142364,0.062312,0.025000,0.038268
capacity_rel,2000,50,0.05000,2.500,64,1.6000,2,0.228495,1.5092,5,5,43,0.031250,1.015634,0.089554,0.025000,0.066209
gain_x_alpha,4000,50,0.05000,2.500,256,3.2000,2,0.264911,1.6000,5,1,43,1.000000,7.907915,0.019911,0.012500,0.007505
gain_x_alpha,4000,50,0.05000,2.500,256,3.2000,2,0.264911,1.6000,5,2,43,0.792969,1.733273,0.037195,0.012500,0.025008
gain_x_alpha,4000,50,0.05000,2.500,256,3.2000,2,0.264911,1.6000,5,3,43,0.128906,1.041364,0.107308,0.012500,0.096008
gain_x_alpha,4000,50,0.05000,2.500,256,3.2000,2,0.264911,1.6000,5,4,43,0.050781,1.015732,0.194983,0.012500,0.184793
gain_x_alpha,4000,50,0.05000,2.500,256,3.2000,2,0.264911,1.6000,5,5,43,0.019531,1.008781,0.280718,0.012500,0.271613
capacity_rel,2000,50,0.05000,2.500,96,2.4000,2,0.228495,1.5092,5,1,42,1.000000,6.125818,0.039136,0.025000,0.014498
capacity_rel,2000,50,0.05000,2.500,96,2.4000,2,0.228495,1.5092,5,2,42,0.927083,1.914531,0.059548,0.025000,0.035434
capacity_rel,2000,50,0.05000,2.500,96,2.4000,2,0.228495,1.5092,5,3,42,0.062500,1.030795,0.125838,0.025000,0.103423
capacity_rel,2000,50,0.05000,2.500,96,2.4000,2,0.228495,1.5092,5,4,42,0.020833,1.005598,0.187132,0.025000,0.166289
capacity_rel,2000,50,0.05000,2.500,96,2.4000,2,0.228495,1.5092,5,5,42,0.010417,1.000425,0.256982,0.025000,0.237931
capacity_rel,2000,50,0.05000,2.500,96,2.4000,2,0.228495,1.5092,5,1,43,1.000000,5.901286,0.040202,0.025000,0.015592
capacity_rel,2000,50,0.05000,2.500,96,2.4000,2,0.228495,1.5092,5,2,43,0.812500,1.727685,0.061377,0.025000,0.037310
capacity_rel,2000,50,0.05000,2.500,96,2.4000,2,0.228495,1.5092,5,3,43,0.020833,1.026986,0.130675,0.025000,0.108385
capacity_rel,2000,50,0.05000,2.500,96,2.4000,2,0.228495,1.5092,5,4,43,0.010417,1.010870,0.205254,0.025000,0.184876
capacity_rel,2000,50,0.05000,2.500,96,2.4000,2,0.228495,1.5092,5,5,43,0.010417,1.001913,0.266482,0.025000,0.247674
capacity_rel,2000,50,0.05000,2.500,128,3.2000,2,0.228495,1.5092,5,1,42,1.000000,4.984537,0.045032,0.025000,0.020546
capacity_rel,2000,50,0.05000,2.500,128,3.2000,2,0.228495,1.5092,5,2,42,0.273438,1.108761,0.101543,0.025000,0.078505
capacity_rel,2000,50,0.05000,2.500,128,3.2000,2,0.228495,1.5092,5,3,42,0.101562,1.016392,0.220354,0.025000,0.200363
capacity_rel,2000,50,0.05000,2.500,128,3.2000,2,0.228495,1.5092,5,4,42,0.015625,1.004744,0.308848,0.025000,0.291127
capacity_rel,2000,50,0.05000,2.500,128,3.2000,2,0.228495,1.5092,5,5,42,0.015625,1.002870,0.371191,0.025000,0.355068
capacity_rel,2000,50,0.05000,2.500,128,3.2000,2,0.228495,1.5092,5,1,43,1.000000,4.749775,0.045918,0.025000,0.021454
capacity_rel,2000,50,0.05000,2.500,128,3.2000,2,0.228495,1.5092,5,2,43,0.218750,1.071136,0.127913,0.025000,0.105552
capacity_rel,2000,50,0.05000,2.500,128,3.2000,2,0.228495,1.5092,5,3,43,0.078125,1.014631,0.247795,0.025000,0.228508
capacity_rel,2000,50,0.05000,2.500,128,3.2000,2,0.228495,1.5092,5,4,43,0.046875,1.005026,0.367458,0.025000,0.351239
capacity_rel,2000,50,0.05000,2.500,128,3.2000,2,0.228495,1.5092,5,5,43,0.015625,1.000159,0.419865,0.025000,0.404989
capacity_rel,4000,50,0.05000,2.500,24,0.3000,2,0.298153,1.6852,5,1,42,1.000000,16.496528,0.012464,0.012500,-0.000037
capacity_rel,4000,50,0.05000,2.500,24,0.3000,2,0.298153,1.6852,5,2,42,1.000000,15.829861,0.013768,0.012500,0.001284
capacity_rel,4000,50,0.05000,2.500,24,0.3000,2,0.298153,1.6852,5,3,42,1.000000,13.456349,0.015507,0.012500,0.003045
capacity_rel,4000,50,0.05000,2.500,24,0.3000,2,0.298153,1.6852,5,4,42,1.000000,12.888657,0.013696,0.012500,0.001211
capacity_rel,4000,50,0.05000,2.500,24,0.3000,2,0.298153,1.6852,5,5,42,1.000000,11.789583,0.016159,0.012500,0.003706
capacity_rel,4000,50,0.05000,2.500,24,0.3000,2,0.298153,1.6852,5,1,43,1.000000,16.880556,0.012174,0.012500,-0.000330
capacity_rel,4000,50,0.05000,2.500,24,0.3000,2,0.298153,1.6852,5,2,43,1.000000,15.731250,0.014348,0.012500,0.001871
capacity_rel,4000,50,0.05000,2.500,24,0.3000,2,0.298153,1.6852,5,3,43,1.000000,11.145139,0.017826,0.012500,0.005394
capacity_rel,4000,50,0.05000,2.500,24,0.3000,2,0.298153,1.6852,5,4,43,1.000000,12.492361,0.015870,0.012500,0.003412
capacity_rel,4000,50,0.05000,2.500,24,0.3000,2,0.298153,1.6852,5,5,43,1.000000,11.462500,0.013406,0.012500,0.000917
gain_x_alpha,4000,50,0.05000,2.500,256,3.2000,2,0.303840,1.7000,5,1,42,1.000000,7.176066,0.023446,0.012500,0.011085
gain_x_alpha,4000,50,0.05000,2.500,256,3.2000,2,0.303840,1.7000,5,2,42,0.320312,1.143448,0.074740,0.012500,0.063027
gain_x_alpha,4000,50,0.05000,2.500,256,3.2000,2,0.303840,1.7000,5,3,42,0.125000,1.023780,0.203958,0.012500,0.193881
gain_x_alpha,4000,50,0.05000,2.500,256,3.2000,2,0.303840,1.7000,5,4,42,0.019531,1.010658,0.314957,0.012500,0.306286
gain_x_alpha,4000,50,0.05000,2.500,256,3.2000,2,0.303840,1.7000,5,5,42,0.011719,1.005703,0.405448,0.012500,0.397922
capacity_rel,4000,50,0.05000,2.500,32,0.4000,2,0.298153,1.6852,5,1,42,1.000000,14.304167,0.014194,0.012500,0.001715
capacity_rel,4000,50,0.05000,2.500,32,0.4000,2,0.298153,1.6852,5,2,42,1.000000,12.306771,0.017661,0.012500,0.005227
capacity_rel,4000,50,0.05000,2.500,32,0.4000,2,0.298153,1.6852,5,3,42,1.000000,11.136458,0.017823,0.012500,0.005390
capacity_rel,4000,50,0.05000,2.500,32,0.4000,2,0.298153,1.6852,5,4,42,1.000000,10.416146,0.017016,0.012500,0.004573
capacity_rel,4000,50,0.05000,2.500,32,0.4000,2,0.298153,1.6852,5,5,42,1.000000,10.734970,0.015484,0.012500,0.003022
capacity_rel,4000,50,0.05000,2.500,32,0.4000,2,0.298153,1.6852,5,1,43,1.000000,14.500521,0.015323,0.012500,0.002858
capacity_rel,4000,50,0.05000,2.500,32,0.4000,2,0.298153,1.6852,5,2,43,1.000000,12.284375,0.016734,0.012500,0.004287
capacity_rel,4000,50,0.05000,2.500,32,0.4000,2,0.298153,1.6852,5,3,43,1.000000,11.151042,0.018065,0.012500,0.005635
capacity_rel,4000,50,0.05000,2.500,32,0.4000,2,0.298153,1.6852,5,4,43,1.000000,9.888244,0.019919,0.012500,0.007513
capacity_rel,4000,50,0.05000,2.500,32,0.4000,2,0.298153,1.6852,5,5,43,1.000000,9.229167,0.018750,0.012500,0.006329
capacity_rel,4000,50,0.05000,2.500,48,0.6000,2,0.298153,1.6852,5,1,42,1.000000,12.952083,0.016525,0.012500,0.004076
capacity_rel,4000,50,0.05000,2.500,48,0.6000,2,0.298153,1.6852,5,2,42,1.000000,11.185417,0.017535,0.012500,0.005099
capacity_rel,4000,50,0.05000,2.500,48,0.6000,2,0.298153,1.6852,5,3,42,1.000000,10.049421,0.018032,0.012500,0.005602
capacity_rel,4000,50,0.05000,2.500,48,0.6000,2,0.298153,1.6852,5,4,42,1.000000,8.935069,0.017837,0.012500,0.005404
capacity_rel,4000,50,0.05000,2.500,48,0.6000,2,0.298153,1.6852,5,5,42,1.000000,8.034970,0.018316,0.012500,0.005889
capacity_rel,4000,50,0.05000,2.500,48,0.6000,2,0.298153,1.6852,5,1,43,1.000000,14.703125,0.015762,0.012500,0.003304
capacity_rel,4000,50,0.05000,2.500,48,0.6000,2,0.298153,1.6852,5,2,43,1.000000,11.374405,0.017908,0.012500,0.005476
capacity_rel,4000,50,0.05000,2.500,48,0.6000,2,0.298153,1.6852,5,3,43,1.000000,10.003571,0.018174,0.012500,0.005746
capacity_rel,4000,50,0.05000,2.500,48,0.6000,2,0.298153,1.6852,5,4,43,1.000000,9.866567,0.017287,0.012500,0.004848
capacity_rel,4000,50,0.05000,2.500,48,0.6000,2,0.298153,1.6852,5,5,43,1.000000,8.867163,0.017057,0.012500,0.004614
capacity_rel,4000,50,0.05000,2.500,64,0.8000,2,0.298153,1.6852,5,1,42,1.000000,13.144531,0.016022,0.012500,0.003566
capacity_rel,4000,50,0.05000,2.500,64,0.8000,2,0.298153,1.6852,5,2,42,1.000000,10.706771,0.017599,0.012500,0.005164
capacity_rel,4000,50,0.05000,2.500,64,0.8000,2,0.298153,1.6852,5,3,42,1.000000,9.195201,0.017629,0.012500,0.005194
capacity_rel,4000,50,0.05000,2.500,64,0.8000,2,0.298153,1.6852,5,4,42,1.000000,8.068818,0.016677,0.012500,0.004229
capacity_rel,4000,50,0.05000,2.500,64,0.8000,2,0.298153,1.6852,5,5,42,1.000000,6.645393,0.017183,0.012500,0.004742
capacity_rel,4000,50,0.05000,2.500,64,0.8000,2,0.298153,1.6852,5,1,43,1.000000,13.274740,0.015298,0.012500,0.002833
capacity_rel,4000,50,0.05000,2.500,64,0.8000,2,0.298153,1.6852,5,2,43,1.000000,10.717187,0.016984,0.012500,0.004541
capacity_rel,4000,50,0.05000,2.500,64,0.8000,2,0.298153,1.6852,5,3,43,1.000000,9.192448,0.016925,0.012500,0.004481
capacity_rel,4000,50,0.05000,2.500,64,0.8000,2,0.298153,1.6852,5,4,43,1.000000,7.647321,0.018284,0.012500,0.005857
capacity_rel,4000,50,0.05000,2.500,64,0.8000,2,0.298153,1.6852,5,5,43,1.000000,6.695387,0.017857,0.012500,0.005425
gain_x_alpha,4000,50,0.05000,2.500,256,3.2000,2,0.303840,1.7000,5,1,43,1.000000,6.933050,0.022868,0.012500,0.010500
gain_x_alpha,4000,50,0.05000,2.500,256,3.2000,2,0.303840,1.7000,5,2,43,0.332031,1.176206,0.066888,0.012500,0.055076
gain_x_alpha,4000,50,0.05000,2.500,256,3.2000,2,0.303840,1.7000,5,3,43,0.128906,1.034092,0.159974,0.012500,0.149341
gain_x_alpha,4000,50,0.05000,2.500,256,3.2000,2,0.303840,1.7000,5,4,43,0.023438,1.016816,0.255483,0.012500,0.246059
gain_x_alpha,4000,50,0.05000,2.500,256,3.2000,2,0.303840,1.7000,5,5,43,0.007812,1.009829,0.330000,0.012500,0.321519
capacity_rel,4000,50,0.05000,2.500,96,1.2000,2,0.298153,1.6852,5,1,42,1.000000,10.376128,0.018526,0.012500,0.006103
capacity_rel,4000,50,0.05000,2.500,96,1.2000,2,0.298153,1.6852,5,2,42,1.000000,8.133309,0.018991,0.012500,0.006573
capacity_rel,4000,50,0.05000,2.500,96,1.2000,2,0.298153,1.6852,5,3,42,1.000000,5.882552,0.020715,0.012500,0.008319
capacity_rel,4000,50,0.05000,2.500,96,1.2000,2,0.298153,1.6852,5,4,42,1.000000,3.471698,0.023241,0.012500,0.010877
capacity_rel,4000,50,0.05000,2.500,96,1.2000,2,0.298153,1.6852,5,5,42,0.520833,1.541504,0.027145,0.012500,0.014830
capacity_rel,4000,50,0.05000,2.500,96,1.2000,2,0.298153,1.6852,5,1,43,1.000000,10.581560,0.018522,0.012500,0.006098
capacity_rel,4000,50,0.05000,2.500,96,1.2000,2,0.298153,1.6852,5,2,43,1.000000,8.101835,0.018829,0.012500,0.006409
capacity_rel,4000,50,0.05000,2.500,96,1.2000,2,0.298153,1.6852,5,3,43,1.000000,5.855603,0.019772,0.012500,0.007364
capacity_rel,4000,50,0.05000,2.500,96,1.2000,2,0.298153,1.6852,5,4,43,0.968750,3.444195,0.022149,0.012500,0.009771
capacity_rel,4000,50,0.05000,2.500,96,1.2000,2,0.298153,1.6852,5,5,43,0.625000,1.833921,0.022114,0.012500,0.009736
capacity_rel,4000,50,0.05000,2.500,128,1.6000,2,0.298153,1.6852,5,1,42,1.000000,10.130264,0.017940,0.012500,0.005509
capacity_rel,4000,50,0.05000,2.500,128,1.6000,2,0.298153,1.6852,5,2,42,1.000000,6.329253,0.023278,0.012500,0.010914
capacity_rel,4000,50,0.05000,2.500,128,1.6000,2,0.298153,1.6852,5,3,42,0.648438,2.335423,0.036277,0.012500,0.024078
capacity_rel,4000,50,0.05000,2.500,128,1.6000,2,0.298153,1.6852,5,4,42,0.070312,1.034632,0.065325,0.012500,0.053493
capacity_rel,4000,50,0.05000,2.500,128,1.6000,2,0.298153,1.6852,5,5,42,0.031250,1.004697,0.094951,0.012500,0.083494
gain_x_alpha,4000,50,0.05000,2.500,256,3.2000,2,0.334166,1.7800,5,1,42,1.000000,6.376869,0.027562,0.012500,0.015253
gain_x_alpha,4000,50,0.05000,2.500,256,3.2000,2,0.334166,1.7800,5,2,42,0.320312,1.097444,0.125725,0.012500,0.114658
gain_x_alpha,4000,50,0.05000,2.500,256,3.2000,2,0.334166,1.7800,5,3,42,0.117188,1.021388,0.261755,0.012500,0.252410
gain_x_alpha,4000,50,0.05000,2.500,256,3.2000,2,0.334166,1.7800,5,4,42,0.023438,1.007624,0.385544,0.012500,0.377766
gain_x_alpha,4000,50,0.05000,2.500,256,3.2000,2,0.334166,1.7800,5,5,42,0.003906,1.004248,0.446787,0.012500,0.439784
capacity_rel,4000,50,0.05000,2.500,128,1.6000,2,0.298153,1.6852,5,1,43,1.000000,9.777483,0.018725,0.012500,0.006304
capacity_rel,4000,50,0.05000,2.500,128,1.6000,2,0.298153,1.6852,5,2,43,1.000000,6.222591,0.021046,0.012500,0.008654
capacity_rel,4000,50,0.05000,2.500,128,1.6000,2,0.298153,1.6852,5,3,43,0.953125,2.889193,0.025054,0.012500,0.012713
capacity_rel,4000,50,0.05000,2.500,128,1.6000,2,0.298153,1.6852,5,4,43,0.132812,1.155179,0.034508,0.012500,0.022286
capacity_rel,4000,50,0.05000,2.500,128,1.6000,2,0.298153,1.6852,5,5,43,0.015625,1.026071,0.063999,0.012500,0.052150
gain_x_alpha,4000,50,0.05000,2.500,256,3.2000,2,0.334166,1.7800,5,1,43,1.000000,6.259090,0.026580,0.012500,0.014259
gain_x_alpha,4000,50,0.05000,2.500,256,3.2000,2,0.334166,1.7800,5,2,43,0.351562,1.159312,0.090313,0.012500,0.078797
gain_x_alpha,4000,50,0.05000,2.500,256,3.2000,2,0.334166,1.7800,5,3,43,0.132812,1.025824,0.228563,0.012500,0.218797
gain_x_alpha,4000,50,0.05000,2.500,256,3.2000,2,0.334166,1.7800,5,4,43,0.019531,1.010379,0.377248,0.012500,0.369365
gain_x_alpha,4000,50,0.05000,2.500,256,3.2000,2,0.334166,1.7800,5,5,43,0.007812,1.003554,0.473556,0.012500,0.466892
capacity_rel,4000,50,0.05000,2.500,192,2.4000,2,0.298153,1.6852,5,1,42,1.000000,8.592107,0.020019,0.012500,0.007614
capacity_rel,4000,50,0.05000,2.500,192,2.4000,2,0.298153,1.6852,5,2,42,0.968750,2.490895,0.032382,0.012500,0.020134
capacity_rel,4000,50,0.05000,2.500,192,2.4000,2,0.298153,1.6852,5,3,42,0.145833,1.062207,0.082378,0.012500,0.070762
capacity_rel,4000,50,0.05000,2.500,192,2.4000,2,0.298153,1.6852,5,4,42,0.067708,1.022241,0.165516,0.012500,0.154953
capacity_rel,4000,50,0.05000,2.500,192,2.4000,2,0.298153,1.6852,5,5,42,0.031250,1.010155,0.246808,0.012500,0.237274
capacity_rel,4000,50,0.05000,2.500,192,2.4000,2,0.298153,1.6852,5,1,43,1.000000,8.765898,0.019404,0.012500,0.006992
capacity_rel,4000,50,0.05000,2.500,192,2.4000,2,0.298153,1.6852,5,2,43,0.973958,2.660625,0.033253,0.012500,0.021015
capacity_rel,4000,50,0.05000,2.500,192,2.4000,2,0.298153,1.6852,5,3,43,0.125000,1.048430,0.106379,0.012500,0.095067
capacity_rel,4000,50,0.05000,2.500,192,2.4000,2,0.298153,1.6852,5,4,43,0.041667,1.013357,0.205880,0.012500,0.195828
capacity_rel,4000,50,0.05000,2.500,192,2.4000,2,0.298153,1.6852,5,5,43,0.010417,1.007184,0.279948,0.012500,0.270833
gain_x_alpha,4000,50,0.05000,2.500,256,3.2000,2,0.356466,1.8400,5,1,42,1.000000,5.713491,0.031102,0.012500,0.018837
gain_x_alpha,4000,50,0.05000,2.500,256,3.2000,2,0.356466,1.8400,5,2,42,0.332031,1.078771,0.167385,0.012500,0.156845
gain_x_alpha,4000,50,0.05000,2.500,256,3.2000,2,0.356466,1.8400,5,3,42,0.125000,1.017476,0.337080,0.012500,0.328689
gain_x_alpha,4000,50,0.05000,2.500,256,3.2000,2,0.356466,1.8400,5,4,42,0.003906,1.005141,0.460020,0.012500,0.453185
gain_x_alpha,4000,50,0.05000,2.500,256,3.2000,2,0.356466,1.8400,5,5,42,0.000000,1.006434,0.495824,0.012500,0.489442
gain_x_alpha,4000,50,0.05000,2.500,256,3.2000,2,0.356466,1.8400,5,1,43,1.000000,5.484444,0.031150,0.012500,0.018886
gain_x_alpha,4000,50,0.05000,2.500,256,3.2000,2,0.356466,1.8400,5,2,43,0.328125,1.096330,0.128352,0.012500,0.117318
gain_x_alpha,4000,50,0.05000,2.500,256,3.2000,2,0.356466,1.8400,5,3,43,0.164062,1.023713,0.309175,0.012500,0.300430
gain_x_alpha,4000,50,0.05000,2.500,256,3.2000,2,0.356466,1.8400,5,4,43,0.039062,1.008935,0.498252,0.012500,0.491901
gain_x_alpha,4000,50,0.05000,2.500,256,3.2000,2,0.356466,1.8400,5,5,43,0.007812,1.002152,0.611267,0.012500,0.606346
capacity_rel,4000,50,0.05000,2.500,256,3.2000,2,0.298153,1.6852,5,1,42,1.000000,7.318937,0.022533,0.012500,0.010160
capacity_rel,4000,50,0.05000,2.500,256,3.2000,2,0.298153,1.6852,5,2,42,0.367188,1.188137,0.068210,0.012500,0.056415
capacity_rel,4000,50,0.05000,2.500,256,3.2000,2,0.298153,1.6852,5,3,42,0.140625,1.030297,0.178182,0.012500,0.167779
capacity_rel,4000,50,0.05000,2.500,256,3.2000,2,0.298153,1.6852,5,4,42,0.058594,1.011321,0.306622,0.012500,0.297845
capacity_rel,4000,50,0.05000,2.500,256,3.2000,2,0.298153,1.6852,5,5,42,0.015625,1.008350,0.379347,0.012500,0.371490
gain_x_alpha,4000,50,0.05000,2.500,256,3.2000,2,0.378405,1.9000,5,1,42,1.000000,5.023835,0.036027,0.012500,0.023825
gain_x_alpha,4000,50,0.05000,2.500,256,3.2000,2,0.378405,1.9000,5,2,42,0.386719,1.094935,0.173482,0.012500,0.163019
gain_x_alpha,4000,50,0.05000,2.500,256,3.2000,2,0.378405,1.9000,5,3,42,0.160156,1.020034,0.356112,0.012500,0.347961
gain_x_alpha,4000,50,0.05000,2.500,256,3.2000,2,0.378405,1.9000,5,4,42,0.027344,1.007227,0.492534,0.012500,0.486111
gain_x_alpha,4000,50,0.05000,2.500,256,3.2000,2,0.378405,1.9000,5,5,42,0.015625,1.002651,0.582260,0.012500,0.576973
capacity_rel,4000,50,0.05000,2.500,256,3.2000,2,0.298153,1.6852,5,1,43,1.000000,7.300862,0.022385,0.012500,0.010011
capacity_rel,4000,50,0.05000,2.500,256,3.2000,2,0.298153,1.6852,5,2,43,0.378906,1.171206,0.063304,0.012500,0.051447
capacity_rel,4000,50,0.05000,2.500,256,3.2000,2,0.298153,1.6852,5,3,43,0.105469,1.030986,0.157537,0.012500,0.146873
capacity_rel,4000,50,0.05000,2.500,256,3.2000,2,0.298153,1.6852,5,4,43,0.027344,1.014012,0.260200,0.012500,0.250836
capacity_rel,4000,50,0.05000,2.500,256,3.2000,2,0.298153,1.6852,5,5,43,0.015625,1.008716,0.332024,0.012500,0.323569
capacity_rel,8000,50,0.05000,2.500,24,0.1500,2,0.383792,1.9149,5,1,42,1.000000,30.104167,0.001449,0.006250,-0.004831
capacity_rel,8000,50,0.05000,2.500,24,0.1500,2,0.383792,1.9149,5,2,42,1.000000,30.229167,0.002464,0.006250,-0.003810
capacity_rel,8000,50,0.05000,2.500,24,0.1500,2,0.383792,1.9149,5,3,42,1.000000,26.562500,0.003696,0.006250,-0.002570
capacity_rel,8000,50,0.05000,2.500,24,0.1500,2,0.383792,1.9149,5,4,42,1.000000,29.923611,0.002681,0.006250,-0.003591
capacity_rel,8000,50,0.05000,2.500,24,0.1500,2,0.383792,1.9149,5,5,42,1.000000,32.479167,0.003841,0.006250,-0.002425
capacity_rel,8000,50,0.05000,2.500,24,0.1500,2,0.383792,1.9149,5,1,43,1.000000,33.791667,0.001739,0.006250,-0.004539
capacity_rel,8000,50,0.05000,2.500,24,0.1500,2,0.383792,1.9149,5,2,43,1.000000,33.959722,0.003406,0.006250,-0.002862
capacity_rel,8000,50,0.05000,2.500,24,0.1500,2,0.383792,1.9149,5,3,43,1.000000,28.506944,0.003043,0.006250,-0.003227
capacity_rel,8000,50,0.05000,2.500,24,0.1500,2,0.383792,1.9149,5,4,43,1.000000,28.798611,0.003623,0.006250,-0.002643
capacity_rel,8000,50,0.05000,2.500,24,0.1500,2,0.383792,1.9149,5,5,43,1.000000,32.340278,0.002319,0.006250,-0.003956
capacity_rel,8000,50,0.05000,2.500,32,0.2000,2,0.383792,1.9149,5,1,42,1.000000,28.828125,0.004556,0.006250,-0.001704
capacity_rel,8000,50,0.05000,2.500,32,0.2000,2,0.383792,1.9149,5,2,42,1.000000,30.479167,0.004798,0.006250,-0.001461
capacity_rel,8000,50,0.05000,2.500,32,0.2000,2,0.383792,1.9149,5,3,42,1.000000,30.000000,0.005161,0.006250,-0.001096
capacity_rel,8000,50,0.05000,2.500,32,0.2000,2,0.383792,1.9149,5,4,42,1.000000,25.427083,0.005806,0.006250,-0.000446
capacity_rel,8000,50,0.05000,2.500,32,0.2000,2,0.383792,1.9149,5,5,42,1.000000,24.963542,0.005403,0.006250,-0.000852
capacity_rel,8000,50,0.05000,2.500,32,0.2000,2,0.383792,1.9149,5,1,43,1.000000,30.114583,0.004234,0.006250,-0.002029
capacity_rel,8000,50,0.05000,2.500,32,0.2000,2,0.383792,1.9149,5,2,43,1.000000,32.822917,0.005806,0.006250,-0.000446
capacity_rel,8000,50,0.05000,2.500,32,0.2000,2,0.383792,1.9149,5,3,43,1.000000,28.697917,0.005565,0.006250,-0.000690
capacity_rel,8000,50,0.05000,2.500,32,0.2000,2,0.383792,1.9149,5,4,43,1.000000,25.169271,0.005524,0.006250,-0.000730
capacity_rel,8000,50,0.05000,2.500,32,0.2000,2,0.383792,1.9149,5,5,43,1.000000,24.375000,0.005565,0.006250,-0.000690
capacity_rel,8000,50,0.05000,2.500,48,0.3000,2,0.383792,1.9149,5,1,42,1.000000,27.208333,0.004202,0.006250,-0.002061
capacity_rel,8000,50,0.05000,2.500,48,0.3000,2,0.383792,1.9149,5,2,42,1.000000,22.208333,0.005762,0.006250,-0.000491
capacity_rel,8000,50,0.05000,2.500,48,0.3000,2,0.383792,1.9149,5,3,42,1.000000,24.152778,0.005035,0.006250,-0.001222
capacity_rel,8000,50,0.05000,2.500,48,0.3000,2,0.383792,1.9149,5,4,42,1.000000,23.901389,0.005443,0.006250,-0.000812
capacity_rel,8000,50,0.05000,2.500,48,0.3000,2,0.383792,1.9149,5,5,42,1.000000,19.953125,0.006933,0.006250,0.000687
capacity_rel,8000,50,0.05000,2.500,48,0.3000,2,0.383792,1.9149,5,1,43,1.000000,27.930556,0.004663,0.006250,-0.001597
capacity_rel,8000,50,0.05000,2.500,48,0.3000,2,0.383792,1.9149,5,2,43,1.000000,26.147569,0.005035,0.006250,-0.001222
capacity_rel,8000,50,0.05000,2.500,48,0.3000,2,0.383792,1.9149,5,3,43,1.000000,24.236111,0.005160,0.006250,-0.001097
capacity_rel,8000,50,0.05000,2.500,48,0.3000,2,0.383792,1.9149,5,4,43,1.000000,21.930556,0.005443,0.006250,-0.000812
capacity_rel,8000,50,0.05000,2.500,48,0.3000,2,0.383792,1.9149,5,5,43,1.000000,21.416667,0.005674,0.006250,-0.000580
gain_x_alpha,4000,50,0.05000,2.500,256,3.2000,2,0.378405,1.9000,5,1,43,1.000000,5.479249,0.030583,0.012500,0.018312
gain_x_alpha,4000,50,0.05000,2.500,256,3.2000,2,0.378405,1.9000,5,2,43,0.335938,1.099682,0.134941,0.012500,0.123991
gain_x_alpha,4000,50,0.05000,2.500,256,3.2000,2,0.378405,1.9000,5,3,43,0.132812,1.020304,0.312437,0.012500,0.303734
gain_x_alpha,4000,50,0.05000,2.500,256,3.2000,2,0.378405,1.9000,5,4,43,0.031250,1.012960,0.441545,0.012500,0.434476
gain_x_alpha,4000,50,0.05000,2.500,256,3.2000,2,0.378405,1.9000,5,5,43,0.015625,1.007087,0.582599,0.012500,0.577315
capacity_rel,8000,50,0.05000,2.500,64,0.4000,2,0.383792,1.9149,5,1,42,1.000000,23.832031,0.005030,0.006250,-0.001228
capacity_rel,8000,50,0.05000,2.500,64,0.4000,2,0.383792,1.9149,5,2,42,1.000000,20.080208,0.006210,0.006250,-0.000040
capacity_rel,8000,50,0.05000,2.500,64,0.4000,2,0.383792,1.9149,5,3,42,1.000000,20.279948,0.006002,0.006250,-0.000250
capacity_rel,8000,50,0.05000,2.500,64,0.4000,2,0.383792,1.9149,5,4,42,1.000000,21.372396,0.005476,0.006250,-0.000779
capacity_rel,8000,50,0.05000,2.500,64,0.4000,2,0.383792,1.9149,5,5,42,1.000000,19.182031,0.006081,0.006250,-0.000170
capacity_rel,8000,50,0.05000,2.500,64,0.4000,2,0.383792,1.9149,5,1,43,1.000000,24.018229,0.005188,0.006250,-0.001068
capacity_rel,8000,50,0.05000,2.500,64,0.4000,2,0.383792,1.9149,5,2,43,1.000000,20.634115,0.006012,0.006250,-0.000240
capacity_rel,8000,50,0.05000,2.500,64,0.4000,2,0.383792,1.9149,5,3,43,1.000000,18.957031,0.006448,0.006250,0.000200
capacity_rel,8000,50,0.05000,2.500,64,0.4000,2,0.383792,1.9149,5,4,43,1.000000,21.243490,0.006319,0.006250,0.000070
capacity_rel,8000,50,0.05000,2.500,64,0.4000,2,0.383792,1.9149,5,5,43,1.000000,18.679688,0.006647,0.006250,0.000399
gain_x_alpha,4000,50,0.05000,2.500,256,3.2000,2,0.400000,1.9600,5,1,42,1.000000,4.463761,0.040331,0.012500,0.028184
gain_x_alpha,4000,50,0.05000,2.500,256,3.2000,2,0.400000,1.9600,5,2,42,0.343750,1.080463,0.190518,0.012500,0.180271
gain_x_alpha,4000,50,0.05000,2.500,256,3.2000,2,0.400000,1.9600,5,3,42,0.109375,1.015796,0.378657,0.012500,0.370792
gain_x_alpha,4000,50,0.05000,2.500,256,3.2000,2,0.400000,1.9600,5,4,42,0.015625,1.007477,0.490822,0.012500,0.484377
gain_x_alpha,4000,50,0.05000,2.500,256,3.2000,2,0.400000,1.9600,5,5,42,0.003906,1.005619,0.571040,0.012500,0.565610
capacity_rel,8000,50,0.05000,2.500,96,0.6000,2,0.383792,1.9149,5,1,42,1.000000,17.741493,0.007053,0.006250,0.000808
capacity_rel,8000,50,0.05000,2.500,96,0.6000,2,0.383792,1.9149,5,2,42,1.000000,17.201215,0.007561,0.006250,0.001320
capacity_rel,8000,50,0.05000,2.500,96,0.6000,2,0.383792,1.9149,5,3,42,1.000000,15.286285,0.007754,0.006250,0.001514
capacity_rel,8000,50,0.05000,2.500,96,0.6000,2,0.383792,1.9149,5,4,42,1.000000,15.635590,0.007544,0.006250,0.001302
capacity_rel,8000,50,0.05000,2.500,96,0.6000,2,0.383792,1.9149,5,5,42,1.000000,15.210417,0.007465,0.006250,0.001223
capacity_rel,8000,50,0.05000,2.500,96,0.6000,2,0.383792,1.9149,5,1,43,1.000000,19.457118,0.006991,0.006250,0.000746
capacity_rel,8000,50,0.05000,2.500,96,0.6000,2,0.383792,1.9149,5,2,43,1.000000,17.237227,0.007662,0.006250,0.001421
capacity_rel,8000,50,0.05000,2.500,96,0.6000,2,0.383792,1.9149,5,3,43,1.000000,15.654514,0.007750,0.006250,0.001509
capacity_rel,8000,50,0.05000,2.500,96,0.6000,2,0.383792,1.9149,5,4,43,1.000000,15.615799,0.007596,0.006250,0.001355
capacity_rel,8000,50,0.05000,2.500,96,0.6000,2,0.383792,1.9149,5,5,43,1.000000,15.042361,0.007311,0.006250,0.001068
gain_x_alpha,4000,50,0.05000,2.500,256,3.2000,2,0.400000,1.9600,5,1,43,1.000000,4.835613,0.036279,0.012500,0.024080
gain_x_alpha,4000,50,0.05000,2.500,256,3.2000,2,0.400000,1.9600,5,2,43,0.332031,1.083564,0.168974,0.012500,0.158455
gain_x_alpha,4000,50,0.05000,2.500,256,3.2000,2,0.400000,1.9600,5,3,43,0.136719,1.023114,0.344617,0.012500,0.336321
gain_x_alpha,4000,50,0.05000,2.500,256,3.2000,2,0.400000,1.9600,5,4,43,0.027344,1.008855,0.497369,0.012500,0.491006
gain_x_alpha,4000,50,0.05000,2.500,256,3.2000,2,0.400000,1.9600,5,5,43,0.003906,1.007245,0.578315,0.012500,0.572977
capacity_rel,8000,50,0.05000,2.500,128,0.8000,2,0.383792,1.9149,5,1,42,1.000000,16.045703,0.008317,0.006250,0.002080
capacity_rel,8000,50,0.05000,2.500,128,0.8000,2,0.383792,1.9149,5,2,42,1.000000,14.602995,0.008310,0.006250,0.002073
capacity_rel,8000,50,0.05000,2.500,128,0.8000,2,0.383792,1.9149,5,3,42,1.000000,13.794010,0.008634,0.006250,0.002399
capacity_rel,8000,50,0.05000,2.500,128,0.8000,2,0.383792,1.9149,5,4,42,1.000000,12.028088,0.008814,0.006250,0.002580
capacity_rel,8000,50,0.05000,2.500,128,0.8000,2,0.383792,1.9149,5,5,42,1.000000,11.688467,0.008787,0.006250,0.002553
gain_x_alpha,4000,50,0.05000,2.500,256,3.2000,2,0.421267,2.0200,5,1,42,1.000000,3.859651,0.048732,0.012500,0.036690
gain_x_alpha,4000,50,0.05000,2.500,256,3.2000,2,0.421267,2.0200,5,2,42,0.414062,1.084527,0.227735,0.012500,0.217960
gain_x_alpha,4000,50,0.05000,2.500,256,3.2000,2,0.421267,2.0200,5,3,42,0.140625,1.018036,0.399475,0.012500,0.391873
gain_x_alpha,4000,50,0.05000,2.500,256,3.2000,2,0.421267,2.0200,5,4,42,0.015625,1.009578,0.535797,0.012500,0.529921
gain_x_alpha,4000,50,0.05000,2.500,256,3.2000,2,0.421267,2.0200,5,5,42,0.011719,1.007580,0.691002,0.012500,0.687091
capacity_rel,8000,50,0.05000,2.500,128,0.8000,2,0.383792,1.9149,5,1,43,1.000000,16.258854,0.008497,0.006250,0.002261
capacity_rel,8000,50,0.05000,2.500,128,0.8000,2,0.383792,1.9149,5,2,43,1.000000,13.698177,0.008900,0.006250,0.002667
capacity_rel,8000,50,0.05000,2.500,128,0.8000,2,0.383792,1.9149,5,3,43,1.000000,12.954167,0.009594,0.006250,0.003365
capacity_rel,8000,50,0.05000,2.500,128,0.8000,2,0.383792,1.9149,5,4,43,1.000000,11.142080,0.009749,0.006250,0.003521
capacity_rel,8000,50,0.05000,2.500,128,0.8000,2,0.383792,1.9149,5,5,43,1.000000,9.108341,0.009648,0.006250,0.003420
gain_x_alpha,4000,50,0.05000,2.500,256,3.2000,2,0.421267,2.0200,5,1,43,1.000000,4.284343,0.039957,0.012500,0.027805
gain_x_alpha,4000,50,0.05000,2.500,256,3.2000,2,0.421267,2.0200,5,2,43,0.332031,1.078280,0.193167,0.012500,0.182954
gain_x_alpha,4000,50,0.05000,2.500,256,3.2000,2,0.421267,2.0200,5,3,43,0.156250,1.017363,0.381181,0.012500,0.373348
gain_x_alpha,4000,50,0.05000,2.500,256,3.2000,2,0.421267,2.0200,5,4,43,0.039062,1.008393,0.550923,0.012500,0.545238
gain_x_alpha,4000,50,0.05000,2.500,256,3.2000,2,0.421267,2.0200,5,5,43,0.003906,1.004215,0.669180,0.012500,0.664993
capacity_rel,8000,50,0.05000,2.500,192,1.2000,2,0.383792,1.9149,5,1,42,1.000000,13.908854,0.009132,0.006250,0.002900
capacity_rel,8000,50,0.05000,2.500,192,1.2000,2,0.383792,1.9149,5,2,42,1.000000,11.192770,0.010182,0.006250,0.003957
capacity_rel,8000,50,0.05000,2.500,192,1.2000,2,0.383792,1.9149,5,3,42,1.000000,8.337105,0.010970,0.006250,0.004749
capacity_rel,8000,50,0.05000,2.500,192,1.2000,2,0.383792,1.9149,5,4,42,1.000000,5.080394,0.011814,0.006250,0.005599
capacity_rel,8000,50,0.05000,2.500,192,1.2000,2,0.383792,1.9149,5,5,42,0.682292,2.303714,0.013258,0.006250,0.007052
gain_x_alpha,4000,50,0.05000,2.500,256,3.2000,2,0.449138,2.1000,5,1,42,1.000000,3.326679,0.056225,0.012500,0.044279
gain_x_alpha,4000,50,0.05000,2.500,256,3.2000,2,0.449138,2.1000,5,2,42,0.386719,1.076751,0.243230,0.012500,0.233651
gain_x_alpha,4000,50,0.05000,2.500,256,3.2000,2,0.449138,2.1000,5,3,42,0.117188,1.020665,0.400541,0.012500,0.392953
gain_x_alpha,4000,50,0.05000,2.500,256,3.2000,2,0.449138,2.1000,5,4,42,0.023438,1.010674,0.542819,0.012500,0.537032
gain_x_alpha,4000,50,0.05000,2.500,256,3.2000,2,0.449138,2.1000,5,5,42,0.015625,1.006066,0.669529,0.012500,0.665346
gain_x_alpha,4000,50,0.05000,2.500,256,3.2000,2,0.449138,2.1000,5,1,43,1.000000,3.724016,0.046765,0.012500,0.034699
gain_x_alpha,4000,50,0.05000,2.500,256,3.2000,2,0.449138,2.1000,5,2,43,0.406250,1.093237,0.204162,0.012500,0.194088
gain_x_alpha,4000,50,0.05000,2.500,256,3.2000,2,0.449138,2.1000,5,3,43,0.187500,1.023235,0.377126,0.012500,0.369241
gain_x_alpha,4000,50,0.05000,2.500,256,3.2000,2,0.449138,2.1000,5,4,43,0.023438,1.012873,0.530082,0.012500,0.524134
gain_x_alpha,4000,50,0.05000,2.500,256,3.2000,2,0.449138,2.1000,5,5,43,0.011719,1.006908,0.669592,0.012500,0.665410
capacity_rel,8000,50,0.05000,2.500,192,1.2000,2,0.383792,1.9149,5,1,43,1.000000,14.004340,0.009478,0.006250,0.003248
capacity_rel,8000,50,0.05000,2.500,192,1.2000,2,0.383792,1.9149,5,2,43,1.000000,10.436638,0.011003,0.006250,0.004783
capacity_rel,8000,50,0.05000,2.500,192,1.2000,2,0.383792,1.9149,5,3,43,1.000000,6.045302,0.012889,0.006250,0.006681
capacity_rel,8000,50,0.05000,2.500,192,1.2000,2,0.383792,1.9149,5,4,43,0.588542,2.126529,0.017241,0.006250,0.011061
capacity_rel,8000,50,0.05000,2.500,192,1.2000,2,0.383792,1.9149,5,5,43,0.072917,1.089654,0.025827,0.006250,0.019700
gain_x_alpha,4000,50,0.05000,2.500,256,3.2000,2,0.483240,2.2000,5,1,42,0.996094,2.851645,0.065565,0.012500,0.053737
gain_x_alpha,4000,50,0.05000,2.500,256,3.2000,2,0.483240,2.2000,5,2,42,0.460938,1.074756,0.277229,0.012500,0.268080
gain_x_alpha,4000,50,0.05000,2.500,256,3.2000,2,0.483240,2.2000,5,3,42,0.144531,1.015972,0.461139,0.012500,0.454318
gain_x_alpha,4000,50,0.05000,2.500,256,3.2000,2,0.483240,2.2000,5,4,42,0.039062,1.009928,0.622716,0.012500,0.617940
gain_x_alpha,4000,50,0.05000,2.500,256,3.2000,2,0.483240,2.2000,5,5,42,0.027344,1.007594,0.729704,0.012500,0.726283
gain_x_alpha,4000,50,0.05000,2.500,256,3.2000,2,0.483240,2.2000,5,1,43,1.000000,2.934725,0.061969,0.012500,0.050095
gain_x_alpha,4000,50,0.05000,2.500,256,3.2000,2,0.483240,2.2000,5,2,43,0.437500,1.083186,0.254661,0.012500,0.245226
gain_x_alpha,4000,50,0.05000,2.500,256,3.2000,2,0.483240,2.2000,5,3,43,0.148438,1.018474,0.447819,0.012500,0.440829
gain_x_alpha,4000,50,0.05000,2.500,256,3.2000,2,0.483240,2.2000,5,4,43,0.011719,1.009566,0.606083,0.012500,0.601097
gain_x_alpha,4000,50,0.05000,2.500,256,3.2000,2,0.483240,2.2000,5,5,43,0.000000,1.004533,0.743909,0.012500,0.740667
capacity_rel,8000,50,0.05000,2.500,256,1.6000,2,0.383792,1.9149,5,1,42,1.000000,12.607845,0.009897,0.006250,0.003670
capacity_rel,8000,50,0.05000,2.500,256,1.6000,2,0.383792,1.9149,5,2,42,1.000000,7.522027,0.012001,0.006250,0.005787
capacity_rel,8000,50,0.05000,2.500,256,1.6000,2,0.383792,1.9149,5,3,42,0.714844,2.099661,0.018555,0.006250,0.012383
capacity_rel,8000,50,0.05000,2.500,256,1.6000,2,0.383792,1.9149,5,4,42,0.093750,1.078016,0.044344,0.006250,0.038334
capacity_rel,8000,50,0.05000,2.500,256,1.6000,2,0.383792,1.9149,5,5,42,0.050781,1.019341,0.088792,0.006250,0.083061
gain_x_alpha,4000,50,0.05000,2.500,256,3.2000,2,0.532971,2.3500,5,1,42,0.996094,2.301667,0.085898,0.012500,0.074327
gain_x_alpha,4000,50,0.05000,2.500,256,3.2000,2,0.532971,2.3500,5,2,42,0.476562,1.082072,0.302632,0.012500,0.293805
gain_x_alpha,4000,50,0.05000,2.500,256,3.2000,2,0.532971,2.3500,5,3,42,0.109375,1.020284,0.499898,0.012500,0.493567
gain_x_alpha,4000,50,0.05000,2.500,256,3.2000,2,0.532971,2.3500,5,4,42,0.015625,1.010986,0.664287,0.012500,0.660038
gain_x_alpha,4000,50,0.05000,2.500,256,3.2000,2,0.532971,2.3500,5,5,42,0.000000,1.003838,0.816219,0.012500,0.813893
gain_x_alpha,4000,50,0.05000,2.500,256,3.2000,2,0.532971,2.3500,5,1,43,1.000000,2.361022,0.080270,0.012500,0.068628
gain_x_alpha,4000,50,0.05000,2.500,256,3.2000,2,0.532971,2.3500,5,2,43,0.445312,1.063680,0.315581,0.012500,0.306918
gain_x_alpha,4000,50,0.05000,2.500,256,3.2000,2,0.532971,2.3500,5,3,43,0.117188,1.015306,0.525604,0.012500,0.519599
gain_x_alpha,4000,50,0.05000,2.500,256,3.2000,2,0.532971,2.3500,5,4,43,0.035156,1.007228,0.687915,0.012500,0.683964
gain_x_alpha,4000,50,0.05000,2.500,256,3.2000,2,0.532971,2.3500,5,5,43,0.019531,1.005781,0.788846,0.012500,0.786173
capacity_rel,8000,50,0.05000,2.500,256,1.6000,2,0.383792,1.9149,5,1,43,1.000000,12.667448,0.010078,0.006250,0.003852
capacity_rel,8000,50,0.05000,2.500,256,1.6000,2,0.383792,1.9149,5,2,43,1.000000,8.272287,0.011813,0.006250,0.005597
capacity_rel,8000,50,0.05000,2.500,256,1.6000,2,0.383792,1.9149,5,3,43,0.898438,3.036589,0.015171,0.006250,0.008977
capacity_rel,8000,50,0.05000,2.500,256,1.6000,2,0.383792,1.9149,5,4,43,0.093750,1.080158,0.029488,0.006250,0.023384
capacity_rel,8000,50,0.05000,2.500,256,1.6000,2,0.383792,1.9149,5,5,43,0.039062,1.026086,0.058618,0.006250,0.052697
capacity_rel,8000,50,0.05000,2.500,384,2.4000,2,0.383792,1.9149,5,1,42,1.000000,11.467882,0.010341,0.006250,0.004117
capacity_rel,8000,50,0.05000,2.500,384,2.4000,2,0.383792,1.9149,5,2,42,0.976562,3.392340,0.018419,0.006250,0.012245
capacity_rel,8000,50,0.05000,2.500,384,2.4000,2,0.383792,1.9149,5,3,42,0.190104,1.091147,0.062323,0.006250,0.056425
capacity_rel,8000,50,0.05000,2.500,384,2.4000,2,0.383792,1.9149,5,4,42,0.104167,1.032870,0.146279,0.006250,0.140910
capacity_rel,8000,50,0.05000,2.500,384,2.4000,2,0.383792,1.9149,5,5,42,0.039062,1.015703,0.239958,0.006250,0.235178
capacity_rel,8000,50,0.05000,2.500,384,2.4000,2,0.383792,1.9149,5,1,43,1.000000,11.383594,0.010365,0.006250,0.004141
capacity_rel,8000,50,0.05000,2.500,384,2.4000,2,0.383792,1.9149,5,2,43,0.893229,2.841385,0.020986,0.006250,0.014829
capacity_rel,8000,50,0.05000,2.500,384,2.4000,2,0.383792,1.9149,5,3,43,0.179688,1.079606,0.064086,0.006250,0.058200
capacity_rel,8000,50,0.05000,2.500,384,2.4000,2,0.383792,1.9149,5,4,43,0.098958,1.027946,0.136160,0.006250,0.130727
capacity_rel,8000,50,0.05000,2.500,384,2.4000,2,0.383792,1.9149,5,5,43,0.023438,1.014844,0.211384,0.006250,0.206424
capacity_rel,8000,50,0.05000,2.500,512,3.2000,2,0.383792,1.9149,5,1,42,1.000000,9.396417,0.012160,0.006250,0.005947
capacity_rel,8000,50,0.05000,2.500,512,3.2000,2,0.383792,1.9149,5,2,42,0.433594,1.261633,0.052236,0.006250,0.046275
capacity_rel,8000,50,0.05000,2.500,512,3.2000,2,0.383792,1.9149,5,3,42,0.179688,1.037889,0.189502,0.006250,0.184405
capacity_rel,8000,50,0.05000,2.500,512,3.2000,2,0.383792,1.9149,5,4,42,0.031250,1.011305,0.336053,0.006250,0.331877
capacity_rel,8000,50,0.05000,2.500,512,3.2000,2,0.383792,1.9149,5,5,42,0.003906,1.008268,0.412595,0.006250,0.408901
capacity_rel,8000,50,0.05000,2.500,512,3.2000,2,0.383792,1.9149,5,1,43,1.000000,9.441082,0.012043,0.006250,0.005829
capacity_rel,8000,50,0.05000,2.500,512,3.2000,2,0.383792,1.9149,5,2,43,0.433594,1.255691,0.044163,0.006250,0.038152
capacity_rel,8000,50,0.05000,2.500,512,3.2000,2,0.383792,1.9149,5,3,43,0.201172,1.047401,0.142279,0.006250,0.136884
capacity_rel,8000,50,0.05000,2.500,512,3.2000,2,0.383792,1.9149,5,4,43,0.066406,1.021431,0.265620,0.006250,0.261001
capacity_rel,8000,50,0.05000,2.500,512,3.2000,2,0.383792,1.9149,5,5,43,0.019531,1.010717,0.373257,0.006250,0.369316
gain_x_alpha,4000,50,0.05000,2.500,32,0.4000,2,0.039230,1.0800,5,1,42,1.000000,14.843750,0.007137,0.012500,-0.005431
gain_x_alpha,4000,50,0.05000,2.500,32,0.4000,2,0.039230,1.0800,5,2,42,1.000000,9.130208,0.006855,0.012500,-0.005717
gain_x_alpha,4000,50,0.05000,2.500,32,0.4000,2,0.039230,1.0800,5,3,42,1.000000,6.201711,0.006573,0.012500,-0.006002
gain_x_alpha,4000,50,0.05000,2.500,32,0.4000,2,0.039230,1.0800,5,4,42,0.875000,3.323438,0.006129,0.012500,-0.006452
gain_x_alpha,4000,50,0.05000,2.500,32,0.4000,2,0.039230,1.0800,5,5,42,0.781250,1.790104,0.006653,0.012500,-0.005921
gain_x_alpha,4000,50,0.05000,2.500,32,0.4000,2,0.039230,1.0800,5,1,43,1.000000,16.812500,0.006331,0.012500,-0.006247
gain_x_alpha,4000,50,0.05000,2.500,32,0.4000,2,0.039230,1.0800,5,2,43,1.000000,9.794792,0.006331,0.012500,-0.006247
gain_x_alpha,4000,50,0.05000,2.500,32,0.4000,2,0.039230,1.0800,5,3,43,1.000000,5.640699,0.007097,0.012500,-0.005472
gain_x_alpha,4000,50,0.05000,2.500,32,0.4000,2,0.039230,1.0800,5,4,43,0.937500,3.536458,0.007621,0.012500,-0.004941
gain_x_alpha,4000,50,0.05000,2.500,32,0.4000,2,0.039230,1.0800,5,5,43,0.750000,1.906027,0.006815,0.012500,-0.005757
gain_x_alpha,4000,50,0.05000,2.500,32,0.4000,2,0.072381,1.1500,5,1,42,1.000000,14.825521,0.007944,0.012500,-0.004614
gain_x_alpha,4000,50,0.05000,2.500,32,0.4000,2,0.072381,1.1500,5,2,42,1.000000,9.621354,0.009879,0.012500,-0.002654
gain_x_alpha,4000,50,0.05000,2.500,32,0.4000,2,0.072381,1.1500,5,3,42,1.000000,6.576042,0.008266,0.012500,-0.004287
gain_x_alpha,4000,50,0.05000,2.500,32,0.4000,2,0.072381,1.1500,5,4,42,1.000000,3.989360,0.009274,0.012500,-0.003267
gain_x_alpha,4000,50,0.05000,2.500,32,0.4000,2,0.072381,1.1500,5,5,42,0.875000,2.835491,0.008710,0.012500,-0.003838
gain_x_alpha,4000,50,0.05000,2.500,32,0.4000,2,0.072381,1.1500,5,1,43,1.000000,15.903646,0.008105,0.012500,-0.004451
gain_x_alpha,4000,50,0.05000,2.500,32,0.4000,2,0.072381,1.1500,5,2,43,1.000000,11.576562,0.008065,0.012500,-0.004492
gain_x_alpha,4000,50,0.05000,2.500,32,0.4000,2,0.072381,1.1500,5,3,43,1.000000,7.686458,0.007581,0.012500,-0.004982
gain_x_alpha,4000,50,0.05000,2.500,32,0.4000,2,0.072381,1.1500,5,4,43,1.000000,4.945833,0.008952,0.012500,-0.003593
gain_x_alpha,4000,50,0.05000,2.500,32,0.4000,2,0.072381,1.1500,5,5,43,1.000000,2.913542,0.007782,0.012500,-0.004777
gain_x_alpha,4000,50,0.05000,2.500,32,0.4000,2,0.104536,1.2200,5,1,42,1.000000,15.823438,0.008911,0.012500,-0.003634
gain_x_alpha,4000,50,0.05000,2.500,32,0.4000,2,0.104536,1.2200,5,2,42,1.000000,9.983854,0.009839,0.012500,-0.002695
gain_x_alpha,4000,50,0.05000,2.500,32,0.4000,2,0.104536,1.2200,5,3,42,1.000000,7.826563,0.009395,0.012500,-0.003144
gain_x_alpha,4000,50,0.05000,2.500,32,0.4000,2,0.104536,1.2200,5,4,42,1.000000,5.919345,0.009315,0.012500,-0.003226
gain_x_alpha,4000,50,0.05000,2.500,32,0.4000,2,0.104536,1.2200,5,5,42,0.968750,4.058557,0.010242,0.012500,-0.002287
gain_x_alpha,4000,50,0.05000,2.500,32,0.4000,2,0.104536,1.2200,5,1,43,1.000000,15.755208,0.009516,0.012500,-0.003022
gain_x_alpha,4000,50,0.05000,2.500,32,0.4000,2,0.104536,1.2200,5,2,43,1.000000,10.816667,0.009718,0.012500,-0.002817
gain_x_alpha,4000,50,0.05000,2.500,32,0.4000,2,0.104536,1.2200,5,3,43,1.000000,6.956027,0.009879,0.012500,-0.002654
gain_x_alpha,4000,50,0.05000,2.500,32,0.4000,2,0.104536,1.2200,5,4,43,1.000000,4.981250,0.008911,0.012500,-0.003634
gain_x_alpha,4000,50,0.05000,2.500,32,0.4000,2,0.104536,1.2200,5,5,43,0.968750,3.447173,0.009879,0.012500,-0.002654
gain_x_alpha,4000,50,0.05000,2.500,32,0.4000,2,0.140175,1.3000,5,1,42,1.000000,15.513021,0.009919,0.012500,-0.002613
gain_x_alpha,4000,50,0.05000,2.500,32,0.4000,2,0.140175,1.3000,5,2,42,1.000000,11.008333,0.010726,0.012500,-0.001797
gain_x_alpha,4000,50,0.05000,2.500,32,0.4000,2,0.140175,1.3000,5,3,42,1.000000,10.062054,0.009597,0.012500,-0.002940
gain_x_alpha,4000,50,0.05000,2.500,32,0.4000,2,0.140175,1.3000,5,4,42,1.000000,7.237946,0.009960,0.012500,-0.002572
gain_x_alpha,4000,50,0.05000,2.500,32,0.4000,2,0.140175,1.3000,5,5,42,1.000000,4.976042,0.010927,0.012500,-0.001592
gain_x_alpha,4000,50,0.05000,2.500,32,0.4000,2,0.140175,1.3000,5,1,43,1.000000,14.242188,0.011250,0.012500,-0.001266
gain_x_alpha,4000,50,0.05000,2.500,32,0.4000,2,0.140175,1.3000,5,2,43,1.000000,11.945312,0.011129,0.012500,-0.001388
gain_x_alpha,4000,50,0.05000,2.500,32,0.4000,2,0.140175,1.3000,5,3,43,1.000000,8.817708,0.011573,0.012500,-0.000939
gain_x_alpha,4000,50,0.05000,2.500,32,0.4000,2,0.140175,1.3000,5,4,43,1.000000,7.272396,0.011089,0.012500,-0.001429
gain_x_alpha,4000,50,0.05000,2.500,32,0.4000,2,0.140175,1.3000,5,5,43,1.000000,5.152083,0.011895,0.012500,-0.000612
gain_x_alpha,4000,50,0.05000,2.500,32,0.4000,2,0.183216,1.4000,5,1,42,1.000000,15.811458,0.011210,0.012500,-0.001307
gain_x_alpha,4000,50,0.05000,2.500,32,0.4000,2,0.183216,1.4000,5,2,42,1.000000,11.998437,0.014597,0.012500,0.002123
gain_x_alpha,4000,50,0.05000,2.500,32,0.4000,2,0.183216,1.4000,5,3,42,1.000000,10.400000,0.012823,0.012500,0.000327
gain_x_alpha,4000,50,0.05000,2.500,32,0.4000,2,0.183216,1.4000,5,4,42,1.000000,8.085417,0.013831,0.012500,0.001347
gain_x_alpha,4000,50,0.05000,2.500,32,0.4000,2,0.183216,1.4000,5,5,42,1.000000,6.977083,0.013911,0.012500,0.001429
gain_x_alpha,4000,50,0.05000,2.500,32,0.4000,2,0.183216,1.4000,5,1,43,1.000000,14.313021,0.013468,0.012500,0.000980
gain_x_alpha,4000,50,0.05000,2.500,32,0.4000,2,0.183216,1.4000,5,2,43,1.000000,12.961458,0.013347,0.012500,0.000857
gain_x_alpha,4000,50,0.05000,2.500,32,0.4000,2,0.183216,1.4000,5,3,43,1.000000,9.973958,0.013226,0.012500,0.000735
gain_x_alpha,4000,50,0.05000,2.500,32,0.4000,2,0.183216,1.4000,5,4,43,1.000000,8.370833,0.011895,0.012500,-0.000612
gain_x_alpha,4000,50,0.05000,2.500,32,0.4000,2,0.183216,1.4000,5,5,43,1.000000,6.142969,0.013790,0.012500,0.001307
gain_x_alpha,4000,50,0.05000,2.500,64,0.8000,2,0.039230,1.0800,5,1,42,1.000000,11.919010,0.009246,0.012500,-0.003295
gain_x_alpha,4000,50,0.05000,2.500,64,0.8000,2,0.039230,1.0800,5,2,42,1.000000,6.943750,0.009107,0.012500,-0.003436
gain_x_alpha,4000,50,0.05000,2.500,64,0.8000,2,0.039230,1.0800,5,3,42,0.937500,3.107292,0.009246,0.012500,-0.003295
gain_x_alpha,4000,50,0.05000,2.500,64,0.8000,2,0.039230,1.0800,5,4,42,0.484375,1.569792,0.009226,0.012500,-0.003315
gain_x_alpha,4000,50,0.05000,2.500,64,0.8000,2,0.039230,1.0800,5,5,42,0.093750,1.186198,0.009067,0.012500,-0.003476
gain_x_alpha,4000,50,0.05000,2.500,64,0.8000,2,0.039230,1.0800,5,1,43,1.000000,13.200521,0.009008,0.012500,-0.003536
gain_x_alpha,4000,50,0.05000,2.500,64,0.8000,2,0.039230,1.0800,5,2,43,1.000000,6.728906,0.008750,0.012500,-0.003797
gain_x_alpha,4000,50,0.05000,2.500,64,0.8000,2,0.039230,1.0800,5,3,43,0.890625,3.420573,0.009355,0.012500,-0.003185
gain_x_alpha,4000,50,0.05000,2.500,64,0.8000,2,0.039230,1.0800,5,4,43,0.546875,1.608333,0.009067,0.012500,-0.003476
gain_x_alpha,4000,50,0.05000,2.500,64,0.8000,2,0.039230,1.0800,5,5,43,0.187500,1.299479,0.009167,0.012500,-0.003376
gain_x_alpha,4000,50,0.05000,2.500,64,0.8000,2,0.072381,1.1500,5,1,42,1.000000,12.419792,0.010645,0.012500,-0.001879
gain_x_alpha,4000,50,0.05000,2.500,64,0.8000,2,0.072381,1.1500,5,2,42,1.000000,7.248958,0.010327,0.012500,-0.002200
gain_x_alpha,4000,50,0.05000,2.500,64,0.8000,2,0.072381,1.1500,5,3,42,0.984375,3.770573,0.010724,0.012500,-0.001798
gain_x_alpha,4000,50,0.05000,2.500,64,0.8000,2,0.072381,1.1500,5,4,42,0.656250,1.841146,0.010754,0.012500,-0.001768
gain_x_alpha,4000,50,0.05000,2.500,64,0.8000,2,0.072381,1.1500,5,5,42,0.343750,1.273177,0.010813,0.012500,-0.001708
gain_x_alpha,4000,50,0.05000,2.500,64,0.8000,2,0.072381,1.1500,5,1,43,1.000000,13.182813,0.009881,0.012500,-0.002652
gain_x_alpha,4000,50,0.05000,2.500,64,0.8000,2,0.072381,1.1500,5,2,43,1.000000,7.783594,0.010169,0.012500,-0.002361
gain_x_alpha,4000,50,0.05000,2.500,64,0.8000,2,0.072381,1.1500,5,3,43,1.000000,3.989583,0.010516,0.012500,-0.002009
gain_x_alpha,4000,50,0.05000,2.500,64,0.8000,2,0.072381,1.1500,5,4,43,0.781250,1.931771,0.010238,0.012500,-0.002291
gain_x_alpha,4000,50,0.05000,2.500,64,0.8000,2,0.072381,1.1500,5,5,43,0.234375,1.281510,0.010129,0.012500,-0.002401
gain_x_alpha,4000,50,0.05000,2.500,64,0.8000,2,0.104536,1.2200,5,1,42,1.000000,12.401563,0.010913,0.012500,-0.001607
gain_x_alpha,4000,50,0.05000,2.500,64,0.8000,2,0.104536,1.2200,5,2,42,1.000000,8.157292,0.011627,0.012500,-0.000884
gain_x_alpha,4000,50,0.05000,2.500,64,0.8000,2,0.104536,1.2200,5,3,42,1.000000,4.747135,0.011240,0.012500,-0.001276
gain_x_alpha,4000,50,0.05000,2.500,64,0.8000,2,0.104536,1.2200,5,4,42,0.875000,2.559375,0.010933,0.012500,-0.001587
gain_x_alpha,4000,50,0.05000,2.500,64,0.8000,2,0.104536,1.2200,5,5,42,0.453125,1.524479,0.011240,0.012500,-0.001276
gain_x_alpha,4000,50,0.05000,2.500,64,0.8000,2,0.104536,1.2200,5,1,43,1.000000,12.521094,0.011190,0.012500,-0.001326
gain_x_alpha,4000,50,0.05000,2.500,64,0.8000,2,0.104536,1.2200,5,2,43,1.000000,8.490365,0.011220,0.012500,-0.001296
gain_x_alpha,4000,50,0.05000,2.500,64,0.8000,2,0.104536,1.2200,5,3,43,1.000000,5.036458,0.011329,0.012500,-0.001185
gain_x_alpha,4000,50,0.05000,2.500,64,0.8000,2,0.104536,1.2200,5,4,43,0.890625,2.765365,0.011002,0.012500,-0.001517
gain_x_alpha,4000,50,0.05000,2.500,64,0.8000,2,0.104536,1.2200,5,5,43,0.546875,1.589844,0.010804,0.012500,-0.001718
gain_x_alpha,4000,50,0.05000,2.500,64,0.8000,2,0.140175,1.3000,5,1,42,1.000000,13.052865,0.011528,0.012500,-0.000985
gain_x_alpha,4000,50,0.05000,2.500,64,0.8000,2,0.140175,1.3000,5,2,42,1.000000,8.936458,0.012401,0.012500,-0.000100
gain_x_alpha,4000,50,0.05000,2.500,64,0.8000,2,0.140175,1.3000,5,3,42,1.000000,5.957292,0.012381,0.012500,-0.000121
gain_x_alpha,4000,50,0.05000,2.500,64,0.8000,2,0.140175,1.3000,5,4,42,0.953125,3.377865,0.011865,0.012500,-0.000643
gain_x_alpha,4000,50,0.05000,2.500,64,0.8000,2,0.140175,1.3000,5,5,42,0.687500,1.971615,0.012599,0.012500,0.000100
gain_x_alpha,4000,50,0.05000,2.500,64,0.8000,2,0.140175,1.3000,5,1,43,1.000000,13.516406,0.011716,0.012500,-0.000794
gain_x_alpha,4000,50,0.05000,2.500,64,0.8000,2,0.140175,1.3000,5,2,43,1.000000,9.385938,0.012073,0.012500,-0.000432
gain_x_alpha,4000,50,0.05000,2.500,64,0.8000,2,0.140175,1.3000,5,3,43,1.000000,5.821615,0.012163,0.012500,-0.000342
gain_x_alpha,4000,50,0.05000,2.500,64,0.8000,2,0.140175,1.3000,5,4,43,0.953125,3.491406,0.011895,0.012500,-0.000613
gain_x_alpha,4000,50,0.05000,2.500,64,0.8000,2,0.140175,1.3000,5,5,43,0.750000,2.108333,0.012312,0.012500,-0.000191
gain_x_alpha,4000,50,0.05000,2.500,64,0.8000,2,0.183216,1.4000,5,1,42,1.000000,12.352604,0.013472,0.012500,0.000985
gain_x_alpha,4000,50,0.05000,2.500,64,0.8000,2,0.183216,1.4000,5,2,42,1.000000,9.083854,0.014296,0.012500,0.001818
gain_x_alpha,4000,50,0.05000,2.500,64,0.8000,2,0.183216,1.4000,5,3,42,1.000000,7.377083,0.013403,0.012500,0.000914
gain_x_alpha,4000,50,0.05000,2.500,64,0.8000,2,0.183216,1.4000,5,4,42,1.000000,5.146875,0.013889,0.012500,0.001406
gain_x_alpha,4000,50,0.05000,2.500,64,0.8000,2,0.183216,1.4000,5,5,42,0.953125,3.073921,0.013839,0.012500,0.001356
gain_x_alpha,4000,50,0.05000,2.500,64,0.8000,2,0.183216,1.4000,5,1,43,1.000000,12.852083,0.013383,0.012500,0.000894
gain_x_alpha,4000,50,0.05000,2.500,64,0.8000,2,0.183216,1.4000,5,2,43,1.000000,10.674740,0.013482,0.012500,0.000995
gain_x_alpha,4000,50,0.05000,2.500,64,0.8000,2,0.183216,1.4000,5,3,43,1.000000,7.174349,0.013601,0.012500,0.001115
gain_x_alpha,4000,50,0.05000,2.500,64,0.8000,2,0.183216,1.4000,5,4,43,1.000000,5.432552,0.014246,0.012500,0.001768
gain_x_alpha,4000,50,0.05000,2.500,64,0.8000,2,0.183216,1.4000,5,5,43,0.968750,3.374306,0.013720,0.012500,0.001236
gain_x_alpha,4000,50,0.05000,2.500,128,1.6000,2,0.039230,1.0800,5,1,42,1.000000,9.076953,0.011688,0.012500,-0.000822
gain_x_alpha,4000,50,0.05000,2.500,128,1.6000,2,0.039230,1.0800,5,2,42,0.968750,3.922656,0.011516,0.012500,-0.000997
gain_x_alpha,4000,50,0.05000,2.500,128,1.6000,2,0.039230,1.0800,5,3,42,0.539062,1.694922,0.011873,0.012500,-0.000635
gain_x_alpha,4000,50,0.05000,2.500,128,1.6000,2,0.039230,1.0800,5,4,42,0.125000,1.223307,0.011631,0.012500,-0.000880
gain_x_alpha,4000,50,0.05000,2.500,128,1.6000,2,0.039230,1.0800,5,5,42,0.007812,1.153646,0.011614,0.012500,-0.000897
gain_x_alpha,4000,50,0.05000,2.500,128,1.6000,2,0.039230,1.0800,5,1,43,1.000000,8.862109,0.011863,0.012500,-0.000645
gain_x_alpha,4000,50,0.05000,2.500,128,1.6000,2,0.039230,1.0800,5,2,43,0.976562,4.007552,0.011710,0.012500,-0.000800
gain_x_alpha,4000,50,0.05000,2.500,128,1.6000,2,0.039230,1.0800,5,3,43,0.515625,1.700391,0.011277,0.012500,-0.001238
gain_x_alpha,4000,50,0.05000,2.500,128,1.6000,2,0.039230,1.0800,5,4,43,0.078125,1.207292,0.011732,0.012500,-0.000777
gain_x_alpha,4000,50,0.05000,2.500,128,1.6000,2,0.039230,1.0800,5,5,43,0.023438,1.189453,0.011799,0.012500,-0.000710
gain_x_alpha,4000,50,0.05000,2.500,128,1.6000,2,0.072381,1.1500,5,1,42,1.000000,9.138281,0.012955,0.012500,0.000461
gain_x_alpha,4000,50,0.05000,2.500,128,1.6000,2,0.072381,1.1500,5,2,42,1.000000,4.684115,0.012692,0.012500,0.000194
gain_x_alpha,4000,50,0.05000,2.500,128,1.6000,2,0.072381,1.1500,5,3,42,0.703125,1.999609,0.012625,0.012500,0.000127
gain_x_alpha,4000,50,0.05000,2.500,128,1.6000,2,0.072381,1.1500,5,4,42,0.148438,1.204036,0.012598,0.012500,0.000100
gain_x_alpha,4000,50,0.05000,2.500,128,1.6000,2,0.072381,1.1500,5,5,42,0.031250,1.177995,0.013019,0.012500,0.000526
gain_x_alpha,4000,50,0.05000,2.500,128,1.6000,2,0.072381,1.1500,5,1,43,1.000000,9.032682,0.012975,0.012500,0.000481
gain_x_alpha,4000,50,0.05000,2.500,128,1.6000,2,0.072381,1.1500,5,2,43,1.000000,4.528646,0.012744,0.012500,0.000247
gain_x_alpha,4000,50,0.05000,2.500,128,1.6000,2,0.072381,1.1500,5,3,43,0.710938,1.937240,0.012611,0.012500,0.000112
gain_x_alpha,4000,50,0.05000,2.500,128,1.6000,2,0.072381,1.1500,5,4,43,0.226562,1.287630,0.012778,0.012500,0.000282
gain_x_alpha,4000,50,0.05000,2.500,128,1.6000,2,0.072381,1.1500,5,5,43,0.015625,1.193620,0.013039,0.012500,0.000546
gain_x_alpha,4000,50,0.05000,2.500,128,1.6000,2,0.104536,1.2200,5,1,42,1.000000,9.243099,0.013856,0.012500,0.001373
gain_x_alpha,4000,50,0.05000,2.500,128,1.6000,2,0.104536,1.2200,5,2,42,0.992188,5.312891,0.013199,0.012500,0.000708
gain_x_alpha,4000,50,0.05000,2.500,128,1.6000,2,0.104536,1.2200,5,3,42,0.820312,2.494327,0.014331,0.012500,0.001854
gain_x_alpha,4000,50,0.05000,2.500,128,1.6000,2,0.104536,1.2200,5,4,42,0.382812,1.470313,0.013944,0.012500,0.001463
gain_x_alpha,4000,50,0.05000,2.500,128,1.6000,2,0.104536,1.2200,5,5,42,0.093750,1.204167,0.014348,0.012500,0.001871
gain_x_alpha,4000,50,0.05000,2.500,128,1.6000,2,0.104536,1.2200,5,1,43,1.000000,9.320033,0.014338,0.012500,0.001861
gain_x_alpha,4000,50,0.05000,2.500,128,1.6000,2,0.104536,1.2200,5,2,43,1.000000,5.321484,0.014422,0.012500,0.001946
gain_x_alpha,4000,50,0.05000,2.500,128,1.6000,2,0.104536,1.2200,5,3,43,0.843750,2.557292,0.013590,0.012500,0.001104
gain_x_alpha,4000,50,0.05000,2.500,128,1.6000,2,0.104536,1.2200,5,4,43,0.359375,1.455208,0.013888,0.012500,0.001405
gain_x_alpha,4000,50,0.05000,2.500,128,1.6000,2,0.104536,1.2200,5,5,43,0.117188,1.250781,0.013898,0.012500,0.001415
gain_x_alpha,4000,50,0.05000,2.500,128,1.6000,2,0.140175,1.3000,5,1,42,1.000000,9.756901,0.014813,0.012500,0.002342
gain_x_alpha,4000,50,0.05000,2.500,128,1.6000,2,0.140175,1.3000,5,2,42,1.000000,5.995573,0.014877,0.012500,0.002407
gain_x_alpha,4000,50,0.05000,2.500,128,1.6000,2,0.140175,1.3000,5,3,42,0.945312,3.340755,0.014786,0.012500,0.002315
gain_x_alpha,4000,50,0.05000,2.500,128,1.6000,2,0.140175,1.3000,5,4,42,0.609375,1.791797,0.014958,0.012500,0.002489
gain_x_alpha,4000,50,0.05000,2.500,128,1.6000,2,0.140175,1.3000,5,5,42,0.187500,1.326823,0.014129,0.012500,0.001650
gain_x_alpha,4000,50,0.05000,2.500,128,1.6000,2,0.140175,1.3000,5,1,43,1.000000,9.405078,0.014899,0.012500,0.002429
gain_x_alpha,4000,50,0.05000,2.500,128,1.6000,2,0.140175,1.3000,5,2,43,1.000000,5.977214,0.015175,0.012500,0.002709
gain_x_alpha,4000,50,0.05000,2.500,128,1.6000,2,0.140175,1.3000,5,3,43,0.960938,3.289453,0.014624,0.012500,0.002150
gain_x_alpha,4000,50,0.05000,2.500,128,1.6000,2,0.140175,1.3000,5,4,43,0.570312,1.823568,0.014589,0.012500,0.002116
gain_x_alpha,4000,50,0.05000,2.500,128,1.6000,2,0.140175,1.3000,5,5,43,0.234375,1.288021,0.015044,0.012500,0.002576
gain_x_alpha,4000,50,0.05000,2.500,128,1.6000,2,0.183216,1.4000,5,1,42,1.000000,9.732310,0.016006,0.012500,0.003551
gain_x_alpha,4000,50,0.05000,2.500,128,1.6000,2,0.183216,1.4000,5,2,42,1.000000,6.612519,0.016361,0.012500,0.003910
gain_x_alpha,4000,50,0.05000,2.500,128,1.6000,2,0.183216,1.4000,5,3,42,1.000000,4.212333,0.016513,0.012500,0.004064
gain_x_alpha,4000,50,0.05000,2.500,128,1.6000,2,0.183216,1.4000,5,4,42,0.843750,2.328292,0.016378,0.012500,0.003927
gain_x_alpha,4000,50,0.05000,2.500,128,1.6000,2,0.183216,1.4000,5,5,42,0.476562,1.506250,0.016641,0.012500,0.004194
gain_x_alpha,4000,50,0.05000,2.500,128,1.6000,2,0.183216,1.4000,5,1,43,1.000000,9.891536,0.016439,0.012500,0.003989
gain_x_alpha,4000,50,0.05000,2.500,128,1.6000,2,0.183216,1.4000,5,2,43,1.000000,6.960286,0.016420,0.012500,0.003969
gain_x_alpha,4000,50,0.05000,2.500,128,1.6000,2,0.183216,1.4000,5,3,43,0.992188,4.263802,0.017379,0.012500,0.004941
gain_x_alpha,4000,50,0.05000,2.500,128,1.6000,2,0.183216,1.4000,5,4,43,0.875000,2.686235,0.016777,0.012500,0.004331
gain_x_alpha,4000,50,0.05000,2.500,128,1.6000,2,0.183216,1.4000,5,5,43,0.492188,1.685063,0.016110,0.012500,0.003655
gain_x_alpha,4000,50,0.05000,2.500,256,3.2000,2,0.039230,1.0800,5,1,42,1.000000,6.836003,0.012633,0.012500,0.000135
gain_x_alpha,4000,50,0.05000,2.500,256,3.2000,2,0.039230,1.0800,5,2,42,0.808594,2.470182,0.012748,0.012500,0.000251
gain_x_alpha,4000,50,0.05000,2.500,256,3.2000,2,0.039230,1.0800,5,3,42,0.203125,1.334701,0.012802,0.012500,0.000306
gain_x_alpha,4000,50,0.05000,2.500,256,3.2000,2,0.039230,1.0800,5,4,42,0.035156,1.177083,0.012692,0.012500,0.000195
gain_x_alpha,4000,50,0.05000,2.500,256,3.2000,2,0.039230,1.0800,5,5,42,0.003906,1.169922,0.012660,0.012500,0.000162
gain_x_alpha,4000,50,0.05000,2.500,256,3.2000,2,0.039230,1.0800,5,1,43,1.000000,7.138216,0.012875,0.012500,0.000380
gain_x_alpha,4000,50,0.05000,2.500,256,3.2000,2,0.039230,1.0800,5,2,43,0.863281,2.480729,0.012763,0.012500,0.000266
gain_x_alpha,4000,50,0.05000,2.500,256,3.2000,2,0.039230,1.0800,5,3,43,0.207031,1.312044,0.012680,0.012500,0.000182
gain_x_alpha,4000,50,0.05000,2.500,256,3.2000,2,0.039230,1.0800,5,4,43,0.031250,1.188802,0.012747,0.012500,0.000250
gain_x_alpha,4000,50,0.05000,2.500,256,3.2000,2,0.039230,1.0800,5,5,43,0.003906,1.165365,0.012729,0.012500,0.000231
gain_x_alpha,4000,50,0.05000,2.500,256,3.2000,2,0.072381,1.1500,5,1,42,1.000000,7.651888,0.013518,0.012500,0.001031
gain_x_alpha,4000,50,0.05000,2.500,256,3.2000,2,0.072381,1.1500,5,2,42,0.980469,3.084970,0.013631,0.012500,0.001145
gain_x_alpha,4000,50,0.05000,2.500,256,3.2000,2,0.072381,1.1500,5,3,42,0.328125,1.478190,0.013518,0.012500,0.001031
gain_x_alpha,4000,50,0.05000,2.500,256,3.2000,2,0.072381,1.1500,5,4,42,0.066406,1.190885,0.013474,0.012500,0.000987
gain_x_alpha,4000,50,0.05000,2.500,256,3.2000,2,0.072381,1.1500,5,5,42,0.019531,1.152995,0.013355,0.012500,0.000866
gain_x_alpha,4000,50,0.05000,2.500,256,3.2000,2,0.072381,1.1500,5,1,43,1.000000,7.551302,0.013653,0.012500,0.001168
gain_x_alpha,4000,50,0.05000,2.500,256,3.2000,2,0.072381,1.1500,5,2,43,0.988281,3.265755,0.013591,0.012500,0.001104
gain_x_alpha,4000,50,0.05000,2.500,256,3.2000,2,0.072381,1.1500,5,3,43,0.339844,1.439714,0.013741,0.012500,0.001257
gain_x_alpha,4000,50,0.05000,2.500,256,3.2000,2,0.072381,1.1500,5,4,43,0.101562,1.201823,0.013465,0.012500,0.000977
gain_x_alpha,4000,50,0.05000,2.500,256,3.2000,2,0.072381,1.1500,5,5,43,0.023438,1.164388,0.013529,0.012500,0.001042
gain_x_alpha,4000,50,0.05000,2.500,256,3.2000,2,0.104536,1.2200,5,1,42,1.000000,7.869978,0.014357,0.012500,0.001880
gain_x_alpha,4000,50,0.05000,2.500,256,3.2000,2,0.104536,1.2200,5,2,42,0.996094,3.864453,0.014409,0.012500,0.001933
gain_x_alpha,4000,50,0.05000,2.500,256,3.2000,2,0.104536,1.2200,5,3,42,0.527344,1.685612,0.014283,0.012500,0.001806
gain_x_alpha,4000,50,0.05000,2.500,256,3.2000,2,0.104536,1.2200,5,4,42,0.128906,1.210091,0.014158,0.012500,0.001679
gain_x_alpha,4000,50,0.05000,2.500,256,3.2000,2,0.104536,1.2200,5,5,42,0.023438,1.172786,0.014172,0.012500,0.001693
gain_x_alpha,4000,50,0.05000,2.500,256,3.2000,2,0.104536,1.2200,5,1,43,1.000000,7.906710,0.014221,0.012500,0.001742
gain_x_alpha,4000,50,0.05000,2.500,256,3.2000,2,0.104536,1.2200,5,2,43,0.996094,3.705022,0.014463,0.012500,0.001988
gain_x_alpha,4000,50,0.05000,2.500,256,3.2000,2,0.104536,1.2200,5,3,43,0.582031,1.676060,0.014700,0.012500,0.002228
gain_x_alpha,4000,50,0.05000,2.500,256,3.2000,2,0.104536,1.2200,5,4,43,0.136719,1.200130,0.014589,0.012500,0.002115
gain_x_alpha,4000,50,0.05000,2.500,256,3.2000,2,0.104536,1.2200,5,5,43,0.019531,1.166732,0.014355,0.012500,0.001878
gain_x_alpha,4000,50,0.05000,2.500,256,3.2000,2,0.140175,1.3000,5,1,42,1.000000,8.289955,0.015049,0.012500,0.002581
gain_x_alpha,4000,50,0.05000,2.500,256,3.2000,2,0.140175,1.3000,5,2,42,1.000000,4.544076,0.015042,0.012500,0.002574
gain_x_alpha,4000,50,0.05000,2.500,256,3.2000,2,0.140175,1.3000,5,3,42,0.808594,2.118787,0.015336,0.012500,0.002872
gain_x_alpha,4000,50,0.05000,2.500,256,3.2000,2,0.140175,1.3000,5,4,42,0.257812,1.322135,0.015335,0.012500,0.002871
gain_x_alpha,4000,50,0.05000,2.500,256,3.2000,2,0.140175,1.3000,5,5,42,0.050781,1.163281,0.015085,0.012500,0.002618
gain_x_alpha,4000,50,0.05000,2.500,256,3.2000,2,0.140175,1.3000,5,1,43,1.000000,8.332013,0.014719,0.012500,0.002247
gain_x_alpha,4000,50,0.05000,2.500,256,3.2000,2,0.140175,1.3000,5,2,43,1.000000,4.502725,0.015222,0.012500,0.002756
gain_x_alpha,4000,50,0.05000,2.500,256,3.2000,2,0.140175,1.3000,5,3,43,0.820312,2.156771,0.015076,0.012500,0.002609
gain_x_alpha,4000,50,0.05000,2.500,256,3.2000,2,0.140175,1.3000,5,4,43,0.292969,1.355013,0.015178,0.012500,0.002712
gain_x_alpha,4000,50,0.05000,2.500,256,3.2000,2,0.140175,1.3000,5,5,43,0.046875,1.170964,0.015136,0.012500,0.002669
gain_x_alpha,4000,50,0.05000,2.500,256,3.2000,2,0.183216,1.4000,5,1,42,1.000000,8.433454,0.016348,0.012500,0.003897
gain_x_alpha,4000,50,0.05000,2.500,256,3.2000,2,0.183216,1.4000,5,2,42,1.000000,4.838273,0.017229,0.012500,0.004789
gain_x_alpha,4000,50,0.05000,2.500,256,3.2000,2,0.183216,1.4000,5,3,42,0.664062,1.905300,0.019113,0.012500,0.006696
gain_x_alpha,4000,50,0.05000,2.500,256,3.2000,2,0.183216,1.4000,5,4,42,0.082031,1.127584,0.020999,0.012500,0.008606
gain_x_alpha,4000,50,0.05000,2.500,256,3.2000,2,0.183216,1.4000,5,5,42,0.007812,1.020327,0.025819,0.012500,0.013488
gain_x_alpha,4000,50,0.05000,2.500,256,3.2000,2,0.183216,1.4000,5,1,43,1.000000,8.689044,0.016263,0.012500,0.003810
gain_x_alpha,4000,50,0.05000,2.500,256,3.2000,2,0.183216,1.4000,5,2,43,1.000000,4.894086,0.017368,0.012500,0.004929
gain_x_alpha,4000,50,0.05000,2.500,256,3.2000,2,0.183216,1.4000,5,3,43,0.925781,2.352394,0.018352,0.012500,0.005926
gain_x_alpha,4000,50,0.05000,2.500,256,3.2000,2,0.183216,1.4000,5,4,43,0.199219,1.300147,0.019231,0.012500,0.006816
gain_x_alpha,4000,50,0.05000,2.500,256,3.2000,2,0.183216,1.4000,5,5,43,0.007812,1.086315,0.021046,0.012500,0.008654
gain_x_k,4000,25,0.10000,2.500,128,0.8000,2,0.039230,1.0800,5,1,42,1.000000,10.507812,0.004641,0.006250,-0.001619
gain_x_k,4000,25,0.10000,2.500,128,0.8000,2,0.039230,1.0800,5,2,42,0.984375,4.430339,0.004370,0.006250,-0.001892
gain_x_k,4000,25,0.10000,2.500,128,0.8000,2,0.039230,1.0800,5,3,42,0.484375,1.799479,0.004582,0.006250,-0.001679
gain_x_k,4000,25,0.10000,2.500,128,0.8000,2,0.039230,1.0800,5,4,42,0.093750,1.305990,0.004931,0.006250,-0.001327
gain_x_k,4000,25,0.10000,2.500,128,0.8000,2,0.039230,1.0800,5,5,42,0.023438,1.221354,0.004715,0.006250,-0.001545
gain_x_k,4000,25,0.10000,2.500,128,0.8000,2,0.039230,1.0800,5,1,43,1.000000,9.598958,0.004670,0.006250,-0.001590
gain_x_k,4000,25,0.10000,2.500,128,0.8000,2,0.039230,1.0800,5,2,43,0.968750,4.604167,0.004847,0.006250,-0.001411
gain_x_k,4000,25,0.10000,2.500,128,0.8000,2,0.039230,1.0800,5,3,43,0.429688,1.736979,0.004715,0.006250,-0.001545
gain_x_k,4000,25,0.10000,2.500,128,0.8000,2,0.039230,1.0800,5,4,43,0.085938,1.272135,0.004601,0.006250,-0.001659
gain_x_k,4000,25,0.10000,2.500,128,0.8000,2,0.039230,1.0800,5,5,43,0.015625,1.221354,0.004749,0.006250,-0.001510
gain_x_k,4000,25,0.10000,2.500,128,0.8000,2,0.072381,1.1500,5,1,42,1.000000,11.408203,0.005044,0.006250,-0.001213
gain_x_k,4000,25,0.10000,2.500,128,0.8000,2,0.072381,1.1500,5,2,42,1.000000,5.680990,0.004926,0.006250,-0.001332
gain_x_k,4000,25,0.10000,2.500,128,0.8000,2,0.072381,1.1500,5,3,42,0.703125,2.424479,0.004966,0.006250,-0.001293
gain_x_k,4000,25,0.10000,2.500,128,0.8000,2,0.072381,1.1500,5,4,42,0.257812,1.328125,0.005103,0.006250,-0.001154
gain_x_k,4000,25,0.10000,2.500,128,0.8000,2,0.072381,1.1500,5,5,42,0.039062,1.210938,0.005335,0.006250,-0.000921
gain_x_k,4000,25,0.10000,2.500,128,0.8000,2,0.072381,1.1500,5,1,43,1.000000,10.852865,0.005079,0.006250,-0.001179
gain_x_k,4000,25,0.10000,2.500,128,0.8000,2,0.072381,1.1500,5,2,43,0.992188,5.614583,0.005192,0.006250,-0.001065
gain_x_k,4000,25,0.10000,2.500,128,0.8000,2,0.072381,1.1500,5,3,43,0.679688,2.454427,0.005241,0.006250,-0.001015
gain_x_k,4000,25,0.10000,2.500,128,0.8000,2,0.072381,1.1500,5,4,43,0.195312,1.390625,0.005231,0.006250,-0.001025
gain_x_k,4000,25,0.10000,2.500,128,0.8000,2,0.072381,1.1500,5,5,43,0.046875,1.191406,0.005212,0.006250,-0.001045
gain_x_k,4000,25,0.10000,2.500,128,0.8000,2,0.104536,1.2200,5,1,42,1.000000,10.966797,0.005901,0.006250,-0.000352
gain_x_k,4000,25,0.10000,2.500,128,0.8000,2,0.104536,1.2200,5,2,42,0.992188,6.051432,0.006083,0.006250,-0.000168
gain_x_k,4000,25,0.10000,2.500,128,0.8000,2,0.104536,1.2200,5,3,42,0.812500,3.038411,0.005886,0.006250,-0.000366
gain_x_k,4000,25,0.10000,2.500,128,0.8000,2,0.104536,1.2200,5,4,42,0.343750,1.568359,0.005635,0.006250,-0.000619
gain_x_k,4000,25,0.10000,2.500,128,0.8000,2,0.104536,1.2200,5,5,42,0.109375,1.264323,0.005846,0.006250,-0.000406
gain_x_k,4000,25,0.10000,2.500,128,0.8000,2,0.104536,1.2200,5,1,43,1.000000,10.677083,0.005738,0.006250,-0.000515
gain_x_k,4000,25,0.10000,2.500,128,0.8000,2,0.104536,1.2200,5,2,43,1.000000,6.531901,0.006024,0.006250,-0.000228
gain_x_k,4000,25,0.10000,2.500,128,0.8000,2,0.104536,1.2200,5,3,43,0.835938,3.049479,0.005655,0.006250,-0.000599
gain_x_k,4000,25,0.10000,2.500,128,0.8000,2,0.104536,1.2200,5,4,43,0.375000,1.740234,0.006043,0.006250,-0.000208
gain_x_k,4000,25,0.10000,2.500,128,0.8000,2,0.104536,1.2200,5,5,43,0.101562,1.296875,0.005620,0.006250,-0.000634
gain_x_k,4000,25,0.10000,2.500,128,0.8000,2,0.140175,1.3000,5,1,42,1.000000,12.139323,0.006107,0.006250,-0.000144
gain_x_k,4000,25,0.10000,2.500,128,0.8000,2,0.140175,1.3000,5,2,42,1.000000,7.175781,0.006526,0.006250,0.000277
gain_x_k,4000,25,0.10000,2.500,128,0.8000,2,0.140175,1.3000,5,3,42,0.898438,3.695312,0.006245,0.006250,-0.000005
gain_x_k,4000,25,0.10000,2.500,128,0.8000,2,0.140175,1.3000,5,4,42,0.562500,2.222656,0.006531,0.006250,0.000282
gain_x_k,4000,25,0.10000,2.500,128,0.8000,2,0.140175,1.3000,5,5,42,0.218750,1.394531,0.006442,0.006250,0.000193
gain_x_k,4000,25,0.10000,2.500,128,0.8000,2,0.140175,1.3000,5,1,43,1.000000,11.048177,0.006393,0.006250,0.000144
gain_x_k,4000,25,0.10000,2.500,128,0.8000,2,0.140175,1.3000,5,2,43,1.000000,7.048828,0.006521,0.006250,0.000272
gain_x_k,4000,25,0.10000,2.500,128,0.8000,2,0.140175,1.3000,5,3,43,0.968750,4.029297,0.006225,0.006250,-0.000025
gain_x_k,4000,25,0.10000,2.500,128,0.8000,2,0.140175,1.3000,5,4,43,0.648438,2.121094,0.006521,0.006250,0.000272
gain_x_k,4000,25,0.10000,2.500,128,0.8000,2,0.140175,1.3000,5,5,43,0.195312,1.425781,0.006289,0.006250,0.000040
gain_x_k,4000,25,0.10000,2.500,128,0.8000,2,0.183216,1.4000,5,1,42,1.000000,11.247396,0.006673,0.006250,0.000426
gain_x_k,4000,25,0.10000,2.500,128,0.8000,2,0.183216,1.4000,5,2,42,1.000000,8.103516,0.006737,0.006250,0.000490
gain_x_k,4000,25,0.10000,2.500,128,0.8000,2,0.183216,1.4000,5,3,42,1.000000,5.127604,0.006821,0.006250,0.000574
gain_x_k,4000,25,0.10000,2.500,128,0.8000,2,0.183216,1.4000,5,4,42,0.820312,2.964844,0.006703,0.006250,0.000456
gain_x_k,4000,25,0.10000,2.500,128,0.8000,2,0.183216,1.4000,5,5,42,0.367188,1.693359,0.006644,0.006250,0.000396
gain_x_k,4000,25,0.10000,2.500,128,0.8000,2,0.183216,1.4000,5,1,43,1.000000,11.045573,0.006526,0.006250,0.000277
gain_x_k,4000,25,0.10000,2.500,128,0.8000,2,0.183216,1.4000,5,2,43,1.000000,8.218750,0.007008,0.006250,0.000763
gain_x_k,4000,25,0.10000,2.500,128,0.8000,2,0.183216,1.4000,5,3,43,0.976562,5.437500,0.006545,0.006250,0.000297
gain_x_k,4000,25,0.10000,2.500,128,0.8000,2,0.183216,1.4000,5,4,43,0.828125,3.352865,0.006969,0.006250,0.000723
gain_x_k,4000,25,0.10000,2.500,128,0.8000,2,0.183216,1.4000,5,5,43,0.515625,2.121094,0.006772,0.006250,0.000525
gain_x_k,4000,25,0.10000,2.500,128,0.8000,2,0.224745,1.5000,5,1,42,1.000000,11.756510,0.006944,0.006250,0.000698
gain_x_k,4000,25,0.10000,2.500,128,0.8000,2,0.224745,1.5000,5,2,42,1.000000,9.445312,0.006909,0.006250,0.000664
gain_x_k,4000,25,0.10000,2.500,128,0.8000,2,0.224745,1.5000,5,3,42,0.992188,7.753906,0.006673,0.006250,0.000426
gain_x_k,4000,25,0.10000,2.500,128,0.8000,2,0.224745,1.5000,5,4,42,0.960938,5.281901,0.006905,0.006250,0.000659
gain_x_k,4000,25,0.10000,2.500,128,0.8000,2,0.224745,1.5000,5,5,42,0.835938,3.621094,0.006781,0.006250,0.000535
gain_x_k,4000,25,0.10000,2.500,128,0.8000,2,0.224745,1.5000,5,1,43,1.000000,12.863932,0.006624,0.006250,0.000376
gain_x_k,4000,25,0.10000,2.500,128,0.8000,2,0.224745,1.5000,5,2,43,1.000000,9.150391,0.007288,0.006250,0.001045
gain_x_k,4000,25,0.10000,2.500,128,0.8000,2,0.224745,1.5000,5,3,43,1.000000,7.232422,0.006816,0.006250,0.000570
gain_x_k,4000,25,0.10000,2.500,128,0.8000,2,0.224745,1.5000,5,4,43,0.984375,5.158203,0.006752,0.006250,0.000505
gain_x_k,4000,25,0.10000,2.500,128,0.8000,2,0.224745,1.5000,5,5,43,0.820312,3.303385,0.007131,0.006250,0.000886
gain_x_k,4000,25,0.10000,2.500,128,0.8000,2,0.264911,1.6000,5,1,42,1.000000,11.683594,0.007347,0.006250,0.001104
gain_x_k,4000,25,0.10000,2.500,128,0.8000,2,0.264911,1.6000,5,2,42,1.000000,10.854167,0.007323,0.006250,0.001080
gain_x_k,4000,25,0.10000,2.500,128,0.8000,2,0.264911,1.6000,5,3,42,1.000000,7.899740,0.007318,0.006250,0.001075
gain_x_k,4000,25,0.10000,2.500,128,0.8000,2,0.264911,1.6000,5,4,42,1.000000,6.628906,0.007205,0.006250,0.000961
gain_x_k,4000,25,0.10000,2.500,128,0.8000,2,0.264911,1.6000,5,5,42,0.937500,5.106120,0.007210,0.006250,0.000966
gain_x_k,4000,25,0.10000,2.500,128,0.8000,2,0.264911,1.6000,5,1,43,1.000000,12.285156,0.006993,0.006250,0.000748
gain_x_k,4000,25,0.10000,2.500,128,0.8000,2,0.264911,1.6000,5,2,43,1.000000,10.446615,0.007205,0.006250,0.000961
gain_x_k,4000,25,0.10000,2.500,128,0.8000,2,0.264911,1.6000,5,3,43,1.000000,8.778646,0.007028,0.006250,0.000782
gain_x_k,4000,25,0.10000,2.500,128,0.8000,2,0.264911,1.6000,5,4,43,0.984375,7.049479,0.007087,0.006250,0.000842
gain_x_k,4000,25,0.10000,2.500,128,0.8000,2,0.264911,1.6000,5,5,43,0.968750,5.302083,0.006698,0.006250,0.000451
gain_x_k,4000,25,0.10000,2.500,128,0.8000,2,0.303840,1.7000,5,1,42,1.000000,11.648438,0.007239,0.006250,0.000995
gain_x_k,4000,25,0.10000,2.500,128,0.8000,2,0.303840,1.7000,5,2,42,1.000000,10.119792,0.007402,0.006250,0.001159
gain_x_k,4000,25,0.10000,2.500,128,0.8000,2,0.303840,1.7000,5,3,42,1.000000,9.138281,0.007717,0.006250,0.001476
gain_x_k,4000,25,0.10000,2.500,128,0.8000,2,0.303840,1.7000,5,4,42,1.000000,7.908854,0.007397,0.006250,0.001154
gain_x_k,4000,25,0.10000,2.500,128,0.8000,2,0.303840,1.7000,5,5,42,0.976562,6.101562,0.007456,0.006250,0.001213
gain_x_k,4000,25,0.10000,2.500,128,0.8000,2,0.303840,1.7000,5,1,43,1.000000,12.193359,0.007141,0.006250,0.000896
gain_x_k,4000,25,0.10000,2.500,128,0.8000,2,0.303840,1.7000,5,2,43,1.000000,10.792969,0.007293,0.006250,0.001050
gain_x_k,4000,25,0.10000,2.500,128,0.8000,2,0.303840,1.7000,5,3,43,1.000000,9.080729,0.006983,0.006250,0.000738
gain_x_k,4000,25,0.10000,2.500,128,0.8000,2,0.303840,1.7000,5,4,43,1.000000,7.547005,0.007598,0.006250,0.001357
gain_x_k,4000,25,0.10000,2.500,128,0.8000,2,0.303840,1.7000,5,5,43,0.984375,6.604557,0.007377,0.006250,0.001134
gain_x_k,4000,25,0.10000,2.500,128,0.8000,2,0.334166,1.7800,5,1,42,1.000000,12.373698,0.006954,0.006250,0.000708
gain_x_k,4000,25,0.10000,2.500,128,0.8000,2,0.334166,1.7800,5,2,42,1.000000,10.542318,0.007751,0.006250,0.001510
gain_x_k,4000,25,0.10000,2.500,128,0.8000,2,0.334166,1.7800,5,3,42,1.000000,9.000130,0.007835,0.006250,0.001595
gain_x_k,4000,25,0.10000,2.500,128,0.8000,2,0.334166,1.7800,5,4,42,1.000000,8.669922,0.007648,0.006250,0.001406
gain_x_k,4000,25,0.10000,2.500,128,0.8000,2,0.334166,1.7800,5,5,42,1.000000,7.835938,0.007726,0.006250,0.001486
gain_x_k,4000,25,0.10000,2.500,128,0.8000,2,0.334166,1.7800,5,1,43,1.000000,12.065104,0.006993,0.006250,0.000748
gain_x_k,4000,25,0.10000,2.500,128,0.8000,2,0.334166,1.7800,5,2,43,1.000000,10.466146,0.007549,0.006250,0.001307
gain_x_k,4000,25,0.10000,2.500,128,0.8000,2,0.334166,1.7800,5,3,43,1.000000,9.542969,0.007559,0.006250,0.001317
gain_x_k,4000,25,0.10000,2.500,128,0.8000,2,0.334166,1.7800,5,4,43,1.000000,8.494141,0.007525,0.006250,0.001283
gain_x_k,4000,25,0.10000,2.500,128,0.8000,2,0.334166,1.7800,5,5,43,0.992188,7.518229,0.006969,0.006250,0.000723
gain_x_k,4000,25,0.10000,2.500,128,0.8000,2,0.356466,1.8400,5,1,42,1.000000,12.032552,0.006934,0.006250,0.000688
gain_x_k,4000,25,0.10000,2.500,128,0.8000,2,0.356466,1.8400,5,2,42,1.000000,10.587240,0.007382,0.006250,0.001139
gain_x_k,4000,25,0.10000,2.500,128,0.8000,2,0.356466,1.8400,5,3,42,1.000000,9.649740,0.007549,0.006250,0.001307
gain_x_k,4000,25,0.10000,2.500,128,0.8000,2,0.356466,1.8400,5,4,42,1.000000,9.324219,0.007520,0.006250,0.001278
gain_x_k,4000,25,0.10000,2.500,128,0.8000,2,0.356466,1.8400,5,5,42,1.000000,7.934245,0.007805,0.006250,0.001565
gain_x_k,4000,25,0.10000,2.500,128,0.8000,2,0.356466,1.8400,5,1,43,1.000000,11.845052,0.007534,0.006250,0.001293
gain_x_k,4000,25,0.10000,2.500,128,0.8000,2,0.356466,1.8400,5,2,43,1.000000,10.784505,0.007515,0.006250,0.001273
gain_x_k,4000,25,0.10000,2.500,128,0.8000,2,0.356466,1.8400,5,3,43,1.000000,10.515234,0.007461,0.006250,0.001218
gain_x_k,4000,25,0.10000,2.500,128,0.8000,2,0.356466,1.8400,5,4,43,1.000000,9.176432,0.007840,0.006250,0.001600
gain_x_k,4000,25,0.10000,2.500,128,0.8000,2,0.356466,1.8400,5,5,43,1.000000,8.458984,0.007456,0.006250,0.001213
gain_x_k,4000,25,0.10000,2.500,128,0.8000,2,0.378405,1.9000,5,1,42,1.000000,12.122396,0.007116,0.006250,0.000872
gain_x_k,4000,25,0.10000,2.500,128,0.8000,2,0.378405,1.9000,5,2,42,1.000000,10.341797,0.007968,0.006250,0.001728
gain_x_k,4000,25,0.10000,2.500,128,0.8000,2,0.378405,1.9000,5,3,42,1.000000,9.865234,0.008155,0.006250,0.001917
gain_x_k,4000,25,0.10000,2.500,128,0.8000,2,0.378405,1.9000,5,4,42,1.000000,9.339193,0.007717,0.006250,0.001476
gain_x_k,4000,25,0.10000,2.500,128,0.8000,2,0.378405,1.9000,5,5,42,0.992188,8.445312,0.007849,0.006250,0.001609
gain_x_k,4000,25,0.10000,2.500,128,0.8000,2,0.378405,1.9000,5,1,43,1.000000,12.068359,0.007771,0.006250,0.001530
gain_x_k,4000,25,0.10000,2.500,128,0.8000,2,0.378405,1.9000,5,2,43,1.000000,10.469401,0.008164,0.006250,0.001926
gain_x_k,4000,25,0.10000,2.500,128,0.8000,2,0.378405,1.9000,5,3,43,1.000000,10.027995,0.007367,0.006250,0.001124
gain_x_k,4000,25,0.10000,2.500,128,0.8000,2,0.378405,1.9000,5,4,43,1.000000,8.967969,0.007810,0.006250,0.001570
gain_x_k,4000,25,0.10000,2.500,128,0.8000,2,0.378405,1.9000,5,5,43,1.000000,8.069010,0.008258,0.006250,0.002021
gain_x_k,4000,25,0.10000,2.500,128,0.8000,2,0.400000,1.9600,5,1,42,1.000000,12.259115,0.007549,0.006250,0.001307
gain_x_k,4000,25,0.10000,2.500,128,0.8000,2,0.400000,1.9600,5,2,42,1.000000,10.524609,0.008051,0.006250,0.001813
gain_x_k,4000,25,0.10000,2.500,128,0.8000,2,0.400000,1.9600,5,3,42,1.000000,9.325000,0.008460,0.006250,0.002224
gain_x_k,4000,25,0.10000,2.500,128,0.8000,2,0.400000,1.9600,5,4,42,1.000000,8.373568,0.008952,0.006250,0.002719
gain_x_k,4000,25,0.10000,2.500,128,0.8000,2,0.400000,1.9600,5,5,42,0.992188,7.237909,0.008445,0.006250,0.002209
gain_x_k,4000,25,0.10000,2.500,128,0.8000,2,0.400000,1.9600,5,1,43,1.000000,11.211589,0.007608,0.006250,0.001367
gain_x_k,4000,25,0.10000,2.500,128,0.8000,2,0.400000,1.9600,5,2,43,1.000000,11.211589,0.007982,0.006250,0.001743
gain_x_k,4000,25,0.10000,2.500,128,0.8000,2,0.400000,1.9600,5,3,43,1.000000,9.714714,0.008081,0.006250,0.001842
gain_x_k,4000,25,0.10000,2.500,128,0.8000,2,0.400000,1.9600,5,4,43,1.000000,8.696224,0.009011,0.006250,0.002778
gain_x_k,4000,25,0.10000,2.500,128,0.8000,2,0.400000,1.9600,5,5,43,1.000000,8.539193,0.008155,0.006250,0.001917
gain_x_k,4000,25,0.10000,2.500,128,0.8000,2,0.421267,2.0200,5,1,42,1.000000,11.574870,0.008086,0.006250,0.001847
gain_x_k,4000,25,0.10000,2.500,128,0.8000,2,0.421267,2.0200,5,2,42,1.000000,10.551432,0.008597,0.006250,0.002362
gain_x_k,4000,25,0.10000,2.500,128,0.8000,2,0.421267,2.0200,5,3,42,1.000000,8.189611,0.008848,0.006250,0.002615
gain_x_k,4000,25,0.10000,2.500,128,0.8000,2,0.421267,2.0200,5,4,42,1.000000,7.566313,0.008391,0.006250,0.002154
gain_x_k,4000,25,0.10000,2.500,128,0.8000,2,0.421267,2.0200,5,5,42,0.992188,7.544159,0.008322,0.006250,0.002085
gain_x_k,4000,25,0.10000,2.500,128,0.8000,2,0.421267,2.0200,5,1,43,1.000000,11.756510,0.007908,0.006250,0.001669
gain_x_k,4000,25,0.10000,2.500,128,0.8000,2,0.421267,2.0200,5,2,43,1.000000,10.171615,0.008903,0.006250,0.002669
gain_x_k,4000,25,0.10000,2.500,128,0.8000,2,0.421267,2.0200,5,3,43,1.000000,9.587630,0.008765,0.006250,0.002531
gain_x_k,4000,25,0.10000,2.500,128,0.8000,2,0.421267,2.0200,5,4,43,1.000000,7.865234,0.009188,0.006250,0.002956
gain_x_k,4000,25,0.10000,2.500,128,0.8000,2,0.421267,2.0200,5,5,43,1.000000,8.056920,0.008647,0.006250,0.002412
gain_x_k,4000,25,0.10000,2.500,128,0.8000,2,0.449138,2.1000,5,1,42,1.000000,11.124349,0.008253,0.006250,0.002016
gain_x_k,4000,25,0.10000,2.500,128,0.8000,2,0.449138,2.1000,5,2,42,1.000000,9.177995,0.009429,0.006250,0.003199
gain_x_k,4000,25,0.10000,2.500,128,0.8000,2,0.449138,2.1000,5,3,42,1.000000,8.586849,0.009429,0.006250,0.003199
gain_x_k,4000,25,0.10000,2.500,128,0.8000,2,0.449138,2.1000,5,4,42,1.000000,7.565445,0.010285,0.006250,0.004061
gain_x_k,4000,25,0.10000,2.500,128,0.8000,2,0.449138,2.1000,5,5,42,0.992188,5.482699,0.010797,0.006250,0.004576
gain_x_k,4000,25,0.10000,2.500,128,0.8000,2,0.449138,2.1000,5,1,43,1.000000,11.401042,0.008533,0.006250,0.002298
gain_x_k,4000,25,0.10000,2.500,128,0.8000,2,0.449138,2.1000,5,2,43,1.000000,10.350911,0.009026,0.006250,0.002793
gain_x_k,4000,25,0.10000,2.500,128,0.8000,2,0.449138,2.1000,5,3,43,1.000000,8.688542,0.009995,0.006250,0.003769
gain_x_k,4000,25,0.10000,2.500,128,0.8000,2,0.449138,2.1000,5,4,43,1.000000,6.357107,0.010320,0.006250,0.004095
gain_x_k,4000,25,0.10000,2.500,128,0.8000,2,0.449138,2.1000,5,5,43,0.773438,4.714204,0.010945,0.006250,0.004724
gain_x_k,4000,25,0.10000,2.500,128,0.8000,2,0.483240,2.2000,5,1,42,1.000000,11.448958,0.009178,0.006250,0.002947
gain_x_k,4000,25,0.10000,2.500,128,0.8000,2,0.483240,2.2000,5,2,42,1.000000,9.668359,0.009843,0.006250,0.003615
gain_x_k,4000,25,0.10000,2.500,128,0.8000,2,0.483240,2.2000,5,3,42,0.992188,6.447244,0.011550,0.006250,0.005334
gain_x_k,4000,25,0.10000,2.500,128,0.8000,2,0.483240,2.2000,5,4,42,0.679688,3.609268,0.013725,0.006250,0.007522
gain_x_k,4000,25,0.10000,2.500,128,0.8000,2,0.483240,2.2000,5,5,42,0.304688,1.921089,0.019193,0.006250,0.013024
gain_x_k,4000,25,0.10000,2.500,128,0.8000,2,0.483240,2.2000,5,1,43,1.000000,11.687500,0.008366,0.006250,0.002129
gain_x_k,4000,25,0.10000,2.500,128,0.8000,2,0.483240,2.2000,5,2,43,1.000000,9.148958,0.009847,0.006250,0.003620
gain_x_k,4000,25,0.10000,2.500,128,0.8000,2,0.483240,2.2000,5,3,43,1.000000,7.439249,0.010846,0.006250,0.004625
gain_x_k,4000,25,0.10000,2.500,128,0.8000,2,0.483240,2.2000,5,4,43,0.984375,4.765112,0.013233,0.006250,0.007027
gain_x_k,4000,25,0.10000,2.500,128,0.8000,2,0.483240,2.2000,5,5,43,0.585938,2.564654,0.020315,0.006250,0.014153
gain_x_k,4000,25,0.10000,2.500,128,0.8000,2,0.532971,2.3500,5,1,42,1.000000,10.402214,0.009414,0.006250,0.003184
gain_x_k,4000,25,0.10000,2.500,128,0.8000,2,0.532971,2.3500,5,2,42,1.000000,7.397042,0.011875,0.006250,0.005660
gain_x_k,4000,25,0.10000,2.500,128,0.8000,2,0.532971,2.3500,5,3,42,0.851562,4.281584,0.015915,0.006250,0.009726
gain_x_k,4000,25,0.10000,2.500,128,0.8000,2,0.532971,2.3500,5,4,42,0.343750,1.830361,0.033263,0.006250,0.027183
gain_x_k,4000,25,0.10000,2.500,128,0.8000,2,0.532971,2.3500,5,5,42,0.101562,1.043809,0.061988,0.006250,0.056089
gain_x_k,4000,25,0.10000,2.500,128,0.8000,2,0.532971,2.3500,5,1,43,1.000000,10.925130,0.008824,0.006250,0.002590
gain_x_k,4000,25,0.10000,2.500,128,0.8000,2,0.532971,2.3500,5,2,43,1.000000,7.828906,0.011531,0.006250,0.005314
gain_x_k,4000,25,0.10000,2.500,128,0.8000,2,0.532971,2.3500,5,3,43,0.968750,4.471393,0.014006,0.006250,0.007805
gain_x_k,4000,25,0.10000,2.500,128,0.8000,2,0.532971,2.3500,5,4,43,0.390625,1.727689,0.022180,0.006250,0.016030
gain_x_k,4000,25,0.10000,2.500,128,0.8000,2,0.532971,2.3500,5,5,43,0.062500,1.255759,0.045497,0.006250,0.039494
gain_x_k,4000,50,0.05000,2.500,64,0.8000,2,0.039230,1.0800,5,1,42,1.000000,11.919010,0.009246,0.012500,-0.003295
gain_x_k,4000,50,0.05000,2.500,64,0.8000,2,0.039230,1.0800,5,2,42,1.000000,6.943750,0.009107,0.012500,-0.003436
gain_x_k,4000,50,0.05000,2.500,64,0.8000,2,0.039230,1.0800,5,3,42,0.937500,3.107292,0.009246,0.012500,-0.003295
gain_x_k,4000,50,0.05000,2.500,64,0.8000,2,0.039230,1.0800,5,4,42,0.484375,1.569792,0.009226,0.012500,-0.003315
gain_x_k,4000,50,0.05000,2.500,64,0.8000,2,0.039230,1.0800,5,5,42,0.093750,1.186198,0.009067,0.012500,-0.003476
gain_x_k,4000,50,0.05000,2.500,64,0.8000,2,0.039230,1.0800,5,1,43,1.000000,13.200521,0.009008,0.012500,-0.003536
gain_x_k,4000,50,0.05000,2.500,64,0.8000,2,0.039230,1.0800,5,2,43,1.000000,6.728906,0.008750,0.012500,-0.003797
gain_x_k,4000,50,0.05000,2.500,64,0.8000,2,0.039230,1.0800,5,3,43,0.890625,3.420573,0.009355,0.012500,-0.003185
gain_x_k,4000,50,0.05000,2.500,64,0.8000,2,0.039230,1.0800,5,4,43,0.546875,1.608333,0.009067,0.012500,-0.003476
gain_x_k,4000,50,0.05000,2.500,64,0.8000,2,0.039230,1.0800,5,5,43,0.187500,1.299479,0.009167,0.012500,-0.003376
gain_x_k,4000,50,0.05000,2.500,64,0.8000,2,0.072381,1.1500,5,1,42,1.000000,12.419792,0.010645,0.012500,-0.001879
gain_x_k,4000,50,0.05000,2.500,64,0.8000,2,0.072381,1.1500,5,2,42,1.000000,7.248958,0.010327,0.012500,-0.002200
gain_x_k,4000,50,0.05000,2.500,64,0.8000,2,0.072381,1.1500,5,3,42,0.984375,3.770573,0.010724,0.012500,-0.001798
gain_x_k,4000,50,0.05000,2.500,64,0.8000,2,0.072381,1.1500,5,4,42,0.656250,1.841146,0.010754,0.012500,-0.001768
gain_x_k,4000,50,0.05000,2.500,64,0.8000,2,0.072381,1.1500,5,5,42,0.343750,1.273177,0.010813,0.012500,-0.001708
gain_x_k,4000,50,0.05000,2.500,64,0.8000,2,0.072381,1.1500,5,1,43,1.000000,13.182813,0.009881,0.012500,-0.002652
gain_x_k,4000,50,0.05000,2.500,64,0.8000,2,0.072381,1.1500,5,2,43,1.000000,7.783594,0.010169,0.012500,-0.002361
gain_x_k,4000,50,0.05000,2.500,64,0.8000,2,0.072381,1.1500,5,3,43,1.000000,3.989583,0.010516,0.012500,-0.002009
gain_x_k,4000,50,0.05000,2.500,64,0.8000,2,0.072381,1.1500,5,4,43,0.781250,1.931771,0.010238,0.012500,-0.002291
gain_x_k,4000,50,0.05000,2.500,64,0.8000,2,0.072381,1.1500,5,5,43,0.234375,1.281510,0.010129,0.012500,-0.002401
gain_x_k,4000,50,0.05000,2.500,64,0.8000,2,0.104536,1.2200,5,1,42,1.000000,12.401563,0.010913,0.012500,-0.001607
gain_x_k,4000,50,0.05000,2.500,64,0.8000,2,0.104536,1.2200,5,2,42,1.000000,8.157292,0.011627,0.012500,-0.000884
gain_x_k,4000,50,0.05000,2.500,64,0.8000,2,0.104536,1.2200,5,3,42,1.000000,4.747135,0.011240,0.012500,-0.001276
gain_x_k,4000,50,0.05000,2.500,64,0.8000,2,0.104536,1.2200,5,4,42,0.875000,2.559375,0.010933,0.012500,-0.001587
gain_x_k,4000,50,0.05000,2.500,64,0.8000,2,0.104536,1.2200,5,5,42,0.453125,1.524479,0.011240,0.012500,-0.001276
gain_x_k,4000,50,0.05000,2.500,64,0.8000,2,0.104536,1.2200,5,1,43,1.000000,12.521094,0.011190,0.012500,-0.001326
gain_x_k,4000,50,0.05000,2.500,64,0.8000,2,0.104536,1.2200,5,2,43,1.000000,8.490365,0.011220,0.012500,-0.001296
gain_x_k,4000,50,0.05000,2.500,64,0.8000,2,0.104536,1.2200,5,3,43,1.000000,5.036458,0.011329,0.012500,-0.001185
gain_x_k,4000,50,0.05000,2.500,64,0.8000,2,0.104536,1.2200,5,4,43,0.890625,2.765365,0.011002,0.012500,-0.001517
gain_x_k,4000,50,0.05000,2.500,64,0.8000,2,0.104536,1.2200,5,5,43,0.546875,1.589844,0.010804,0.012500,-0.001718
gain_x_k,4000,50,0.05000,2.500,64,0.8000,2,0.140175,1.3000,5,1,42,1.000000,13.052865,0.011528,0.012500,-0.000985
gain_x_k,4000,50,0.05000,2.500,64,0.8000,2,0.140175,1.3000,5,2,42,1.000000,8.936458,0.012401,0.012500,-0.000100
gain_x_k,4000,50,0.05000,2.500,64,0.8000,2,0.140175,1.3000,5,3,42,1.000000,5.957292,0.012381,0.012500,-0.000121
gain_x_k,4000,50,0.05000,2.500,64,0.8000,2,0.140175,1.3000,5,4,42,0.953125,3.377865,0.011865,0.012500,-0.000643
gain_x_k,4000,50,0.05000,2.500,64,0.8000,2,0.140175,1.3000,5,5,42,0.687500,1.971615,0.012599,0.012500,0.000100
gain_x_k,4000,50,0.05000,2.500,64,0.8000,2,0.140175,1.3000,5,1,43,1.000000,13.516406,0.011716,0.012500,-0.000794
gain_x_k,4000,50,0.05000,2.500,64,0.8000,2,0.140175,1.3000,5,2,43,1.000000,9.385938,0.012073,0.012500,-0.000432
gain_x_k,4000,50,0.05000,2.500,64,0.8000,2,0.140175,1.3000,5,3,43,1.000000,5.821615,0.012163,0.012500,-0.000342
gain_x_k,4000,50,0.05000,2.500,64,0.8000,2,0.140175,1.3000,5,4,43,0.953125,3.491406,0.011895,0.012500,-0.000613
gain_x_k,4000,50,0.05000,2.500,64,0.8000,2,0.140175,1.3000,5,5,43,0.750000,2.108333,0.012312,0.012500,-0.000191
gain_x_k,4000,50,0.05000,2.500,64,0.8000,2,0.183216,1.4000,5,1,42,1.000000,12.352604,0.013472,0.012500,0.000985
gain_x_k,4000,50,0.05000,2.500,64,0.8000,2,0.183216,1.4000,5,2,42,1.000000,9.083854,0.014296,0.012500,0.001818
gain_x_k,4000,50,0.05000,2.500,64,0.8000,2,0.183216,1.4000,5,3,42,1.000000,7.377083,0.013403,0.012500,0.000914
gain_x_k,4000,50,0.05000,2.500,64,0.8000,2,0.183216,1.4000,5,4,42,1.000000,5.146875,0.013889,0.012500,0.001406
gain_x_k,4000,50,0.05000,2.500,64,0.8000,2,0.183216,1.4000,5,5,42,0.953125,3.073921,0.013839,0.012500,0.001356
gain_x_k,4000,50,0.05000,2.500,64,0.8000,2,0.183216,1.4000,5,1,43,1.000000,12.852083,0.013383,0.012500,0.000894
gain_x_k,4000,50,0.05000,2.500,64,0.8000,2,0.183216,1.4000,5,2,43,1.000000,10.674740,0.013482,0.012500,0.000995
gain_x_k,4000,50,0.05000,2.500,64,0.8000,2,0.183216,1.4000,5,3,43,1.000000,7.174349,0.013601,0.012500,0.001115
gain_x_k,4000,50,0.05000,2.500,64,0.8000,2,0.183216,1.4000,5,4,43,1.000000,5.432552,0.014246,0.012500,0.001768
gain_x_k,4000,50,0.05000,2.500,64,0.8000,2,0.183216,1.4000,5,5,43,0.968750,3.374306,0.013720,0.012500,0.001236
gain_x_k,4000,50,0.05000,2.500,64,0.8000,2,0.224745,1.5000,5,1,42,1.000000,12.817708,0.014256,0.012500,0.001778
gain_x_k,4000,50,0.05000,2.500,64,0.8000,2,0.224745,1.5000,5,2,42,1.000000,11.094531,0.014782,0.012500,0.002311
gain_x_k,4000,50,0.05000,2.500,64,0.8000,2,0.224745,1.5000,5,3,42,1.000000,8.772135,0.014573,0.012500,0.002100
gain_x_k,4000,50,0.05000,2.500,64,0.8000,2,0.224745,1.5000,5,4,42,1.000000,6.784263,0.015625,0.012500,0.003165
gain_x_k,4000,50,0.05000,2.500,64,0.8000,2,0.224745,1.5000,5,5,42,1.000000,5.233854,0.015159,0.012500,0.002692
gain_x_k,4000,50,0.05000,2.500,64,0.8000,2,0.224745,1.5000,5,1,43,1.000000,12.944531,0.014454,0.012500,0.001979
gain_x_k,4000,50,0.05000,2.500,64,0.8000,2,0.224745,1.5000,5,2,43,1.000000,10.104948,0.015288,0.012500,0.002823
gain_x_k,4000,50,0.05000,2.500,64,0.8000,2,0.224745,1.5000,5,3,43,1.000000,8.805915,0.014514,0.012500,0.002039
gain_x_k,4000,50,0.05000,2.500,64,0.8000,2,0.224745,1.5000,5,4,43,1.000000,6.558594,0.013730,0.012500,0.001246
gain_x_k,4000,50,0.05000,2.500,64,0.8000,2,0.224745,1.5000,5,5,43,1.000000,5.196205,0.014058,0.012500,0.001577
gain_x_k,4000,50,0.05000,2.500,64,0.8000,2,0.264911,1.6000,5,1,42,1.000000,11.965365,0.015883,0.012500,0.003426
gain_x_k,4000,50,0.05000,2.500,64,0.8000,2,0.264911,1.6000,5,2,42,1.000000,10.688281,0.015496,0.012500,0.003034
gain_x_k,4000,50,0.05000,2.500,64,0.8000,2,0.264911,1.6000,5,3,42,1.000000,9.799740,0.015099,0.012500,0.002632
gain_x_k,4000,50,0.05000,2.500,64,0.8000,2,0.264911,1.6000,5,4,42,1.000000,7.559449,0.016359,0.012500,0.003908
gain_x_k,4000,50,0.05000,2.500,64,0.8000,2,0.264911,1.6000,5,5,42,1.000000,6.463318,0.016716,0.012500,0.004270
gain_x_k,4000,50,0.05000,2.500,64,0.8000,2,0.264911,1.6000,5,1,43,1.000000,13.264323,0.015407,0.012500,0.002944
gain_x_k,4000,50,0.05000,2.500,64,0.8000,2,0.264911,1.6000,5,2,43,1.000000,10.800260,0.015843,0.012500,0.003386
gain_x_k,4000,50,0.05000,2.500,64,0.8000,2,0.264911,1.6000,5,3,43,1.000000,9.224275,0.016091,0.012500,0.003637
gain_x_k,4000,50,0.05000,2.500,64,0.8000,2,0.264911,1.6000,5,4,43,1.000000,7.657924,0.015893,0.012500,0.003436
gain_x_k,4000,50,0.05000,2.500,64,0.8000,2,0.264911,1.6000,5,5,43,1.000000,6.744792,0.014692,0.012500,0.002220
gain_x_k,4000,50,0.05000,2.500,64,0.8000,2,0.303840,1.7000,5,1,42,1.000000,13.166406,0.016042,0.012500,0.003586
gain_x_k,4000,50,0.05000,2.500,64,0.8000,2,0.303840,1.7000,5,2,42,1.000000,10.281399,0.018194,0.012500,0.005767
gain_x_k,4000,50,0.05000,2.500,64,0.8000,2,0.303840,1.7000,5,3,42,1.000000,9.273512,0.016419,0.012500,0.003968
gain_x_k,4000,50,0.05000,2.500,64,0.8000,2,0.303840,1.7000,5,4,42,1.000000,8.700818,0.016141,0.012500,0.003687
gain_x_k,4000,50,0.05000,2.500,64,0.8000,2,0.303840,1.7000,5,5,42,1.000000,7.286979,0.017857,0.012500,0.005425
gain_x_k,4000,50,0.05000,2.500,64,0.8000,2,0.303840,1.7000,5,1,43,1.000000,13.159896,0.015298,0.012500,0.002833
gain_x_k,4000,50,0.05000,2.500,64,0.8000,2,0.303840,1.7000,5,2,43,1.000000,10.887240,0.016429,0.012500,0.003978
gain_x_k,4000,50,0.05000,2.500,64,0.8000,2,0.303840,1.7000,5,3,43,1.000000,9.459896,0.017063,0.012500,0.004621
gain_x_k,4000,50,0.05000,2.500,64,0.8000,2,0.303840,1.7000,5,4,43,1.000000,8.220499,0.017222,0.012500,0.004782
gain_x_k,4000,50,0.05000,2.500,64,0.8000,2,0.303840,1.7000,5,5,43,1.000000,7.238616,0.016448,0.012500,0.003998
gain_x_k,4000,50,0.05000,2.500,64,0.8000,2,0.334166,1.7800,5,1,42,1.000000,12.604688,0.016230,0.012500,0.003777
gain_x_k,4000,50,0.05000,2.500,64,0.8000,2,0.334166,1.7800,5,2,42,1.000000,10.254427,0.019236,0.012500,0.006821
gain_x_k,4000,50,0.05000,2.500,64,0.8000,2,0.334166,1.7800,5,3,42,1.000000,9.382403,0.017540,0.012500,0.005103
gain_x_k,4000,50,0.05000,2.500,64,0.8000,2,0.334166,1.7800,5,4,42,1.000000,7.744754,0.017827,0.012500,0.005395
gain_x_k,4000,50,0.05000,2.500,64,0.8000,2,0.334166,1.7800,5,5,42,1.000000,6.242318,0.019484,0.012500,0.007073
gain_x_k,4000,50,0.05000,2.500,64,0.8000,2,0.334166,1.7800,5,1,43,1.000000,12.662388,0.016062,0.012500,0.003607
gain_x_k,4000,50,0.05000,2.500,64,0.8000,2,0.334166,1.7800,5,2,43,1.000000,10.449950,0.017629,0.012500,0.005194
gain_x_k,4000,50,0.05000,2.500,64,0.8000,2,0.334166,1.7800,5,3,43,1.000000,8.680940,0.019712,0.012500,0.007304
gain_x_k,4000,50,0.05000,2.500,64,0.8000,2,0.334166,1.7800,5,4,43,1.000000,7.257199,0.018839,0.012500,0.006420
gain_x_k,4000,50,0.05000,2.500,64,0.8000,2,0.334166,1.7800,5,5,43,1.000000,6.422811,0.018224,0.012500,0.005797
gain_x_k,4000,50,0.05000,2.500,64,0.8000,2,0.356466,1.8400,5,1,42,1.000000,12.136719,0.016111,0.012500,0.003657
gain_x_k,4000,50,0.05000,2.500,64,0.8000,2,0.356466,1.8400,5,2,42,1.000000,10.727883,0.017679,0.012500,0.005244
gain_x_k,4000,50,0.05000,2.500,64,0.8000,2,0.356466,1.8400,5,3,42,1.000000,9.525074,0.018442,0.012500,0.006018
gain_x_k,4000,50,0.05000,2.500,64,0.8000,2,0.356466,1.8400,5,4,42,1.000000,8.577145,0.018879,0.012500,0.006460
gain_x_k,4000,50,0.05000,2.500,64,0.8000,2,0.356466,1.8400,5,5,42,1.000000,6.312901,0.018472,0.012500,0.006048
gain_x_k,4000,50,0.05000,2.500,64,0.8000,2,0.356466,1.8400,5,1,43,1.000000,12.867001,0.016488,0.012500,0.004039
gain_x_k,4000,50,0.05000,2.500,64,0.8000,2,0.356466,1.8400,5,2,43,1.000000,11.714323,0.017480,0.012500,0.005043
gain_x_k,4000,50,0.05000,2.500,64,0.8000,2,0.356466,1.8400,5,3,43,1.000000,9.272879,0.019137,0.012500,0.006721
gain_x_k,4000,50,0.05000,2.500,64,0.8000,2,0.356466,1.8400,5,4,43,1.000000,6.801531,0.021260,0.012500,0.008871
gain_x_k,4000,50,0.05000,2.500,64,0.8000,2,0.356466,1.8400,5,5,43,0.968750,3.658907,0.025466,0.012500,0.013130
gain_x_k,4000,50,0.05000,2.500,64,0.8000,2,0.378405,1.9000,5,1,42,1.000000,12.760677,0.016796,0.012500,0.004350
gain_x_k,4000,50,0.05000,2.500,64,0.8000,2,0.378405,1.9000,5,2,42,1.000000,9.454148,0.020278,0.012500,0.007876
gain_x_k,4000,50,0.05000,2.500,64,0.8000,2,0.378405,1.9000,5,3,42,1.000000,7.116539,0.020327,0.012500,0.007926
gain_x_k,4000,50,0.05000,2.500,64,0.8000,2,0.378405,1.9000,5,4,42,0.984375,4.596645,0.023026,0.012500,0.010659
gain_x_k,4000,50,0.05000,2.500,64,0.8000,2,0.378405,1.9000,5,5,42,0.609375,2.668320,0.026994,0.012500,0.014678
gain_x_k,4000,50,0.05000,2.500,64,0.8000,2,0.378405,1.9000,5,1,43,1.000000,13.598958,0.015407,0.012500,0.002944
gain_x_k,4000,50,0.05000,2.500,64,0.8000,2,0.378405,1.9000,5,2,43,1.000000,10.544122,0.018492,0.012500,0.006068
gain_x_k,4000,50,0.05000,2.500,64,0.8000,2,0.378405,1.9000,5,3,43,1.000000,7.245558,0.024405,0.012500,0.012055
gain_x_k,4000,50,0.05000,2.500,64,0.8000,2,0.378405,1.9000,5,4,43,0.890625,3.329634,0.032659,0.012500,0.020414
gain_x_k,4000,50,0.05000,2.500,64,0.8000,2,0.378405,1.9000,5,5,43,0.218750,1.334665,0.059365,0.012500,0.047458
gain_x_k,4000,50,0.05000,2.500,64,0.8000,2,0.400000,1.9600,5,1,42,1.000000,12.645573,0.015804,0.012500,0.003345
gain_x_k,4000,50,0.05000,2.500,64,0.8000,2,0.400000,1.9600,5,2,42,1.000000,10.634338,0.018790,0.012500,0.006369
gain_x_k,4000,50,0.05000,2.500,64,0.8000,2,0.400000,1.9600,5,3,42,1.000000,6.686743,0.022579,0.012500,0.010207
gain_x_k,4000,50,0.05000,2.500,64,0.8000,2,0.400000,1.9600,5,4,42,0.687500,3.090150,0.041250,0.012500,0.029114
gain_x_k,4000,50,0.05000,2.500,64,0.8000,2,0.400000,1.9600,5,5,42,0.171875,1.182817,0.093591,0.012500,0.082118
gain_x_k,4000,50,0.05000,2.500,64,0.8000,2,0.400000,1.9600,5,1,43,1.000000,12.133333,0.016329,0.012500,0.003878
gain_x_k,4000,50,0.05000,2.500,64,0.8000,2,0.400000,1.9600,5,2,43,1.000000,9.684704,0.019950,0.012500,0.007545
gain_x_k,4000,50,0.05000,2.500,64,0.8000,2,0.400000,1.9600,5,3,43,1.000000,5.704844,0.024831,0.012500,0.012487
gain_x_k,4000,50,0.05000,2.500,64,0.8000,2,0.400000,1.9600,5,4,43,0.765625,2.566606,0.036558,0.012500,0.024362
gain_x_k,4000,50,0.05000,2.500,64,0.8000,2,0.400000,1.9600,5,5,43,0.156250,1.187385,0.068829,0.012500,0.057042
gain_x_k,4000,50,0.05000,2.500,64,0.8000,2,0.421267,2.0200,5,1,42,1.000000,12.694792,0.017133,0.012500,0.004692
gain_x_k,4000,50,0.05000,2.500,64,0.8000,2,0.421267,2.0200,5,2,42,1.000000,9.973103,0.020506,0.012500,0.008107
gain_x_k,4000,50,0.05000,2.500,64,0.8000,2,0.421267,2.0200,5,3,42,1.000000,6.358730,0.024246,0.012500,0.011895
gain_x_k,4000,50,0.05000,2.500,64,0.8000,2,0.421267,2.0200,5,4,42,0.796875,2.889849,0.035179,0.012500,0.022966
gain_x_k,4000,50,0.05000,2.500,64,0.8000,2,0.421267,2.0200,5,5,42,0.171875,1.100273,0.089633,0.012500,0.078109
gain_x_k,4000,50,0.05000,2.500,64,0.8000,2,0.421267,2.0200,5,1,43,1.000000,12.548177,0.017242,0.012500,0.004802
gain_x_k,4000,50,0.05000,2.500,64,0.8000,2,0.421267,2.0200,5,2,43,1.000000,9.016419,0.024345,0.012500,0.011995
gain_x_k,4000,50,0.05000,2.500,64,0.8000,2,0.421267,2.0200,5,3,43,0.812500,2.809054,0.055744,0.012500,0.043791
gain_x_k,4000,50,0.05000,2.500,64,0.8000,2,0.421267,2.0200,5,4,43,0.187500,1.120489,0.159266,0.012500,0.148624
gain_x_k,4000,50,0.05000,2.500,64,0.8000,2,0.421267,2.0200,5,5,43,0.062500,1.009085,0.289573,0.012500,0.280581
gain_x_k,4000,50,0.05000,2.500,64,0.8000,2,0.449138,2.1000,5,1,42,1.000000,11.837240,0.018829,0.012500,0.006409
gain_x_k,4000,50,0.05000,2.500,64,0.8000,2,0.449138,2.1000,5,2,42,1.000000,6.842715,0.027728,0.012500,0.015421
gain_x_k,4000,50,0.05000,2.500,64,0.8000,2,0.449138,2.1000,5,3,42,0.484375,1.548801,0.059990,0.012500,0.048091
gain_x_k,4000,50,0.05000,2.500,64,0.8000,2,0.449138,2.1000,5,4,42,0.140625,1.047454,0.136726,0.012500,0.125799
gain_x_k,4000,50,0.05000,2.500,64,0.8000,2,0.449138,2.1000,5,5,42,0.078125,1.012993,0.207827,0.012500,0.197800
gain_x_k,4000,50,0.05000,2.500,64,0.8000,2,0.449138,2.1000,5,1,43,1.000000,12.969271,0.018254,0.012500,0.005827
gain_x_k,4000,50,0.05000,2.500,64,0.8000,2,0.449138,2.1000,5,2,43,1.000000,8.538356,0.024583,0.012500,0.012236
gain_x_k,4000,50,0.05000,2.500,64,0.8000,2,0.449138,2.1000,5,3,43,0.984375,3.052313,0.046895,0.012500,0.034830
gain_x_k,4000,50,0.05000,2.500,64,0.8000,2,0.449138,2.1000,5,4,43,0.187500,1.053712,0.160437,0.012500,0.149809
gain_x_k,4000,50,0.05000,2.500,64,0.8000,2,0.449138,2.1000,5,5,43,0.109375,1.011494,0.365615,0.012500,0.357585
gain_x_k,4000,50,0.05000,2.500,64,0.8000,2,0.483240,2.2000,5,1,42,1.000000,11.205134,0.018641,0.012500,0.006219
gain_x_k,4000,50,0.05000,2.500,64,0.8000,2,0.483240,2.2000,5,2,42,1.000000,8.102131,0.023800,0.012500,0.011443
gain_x_k,4000,50,0.05000,2.500,64,0.8000,2,0.483240,2.2000,5,3,42,0.984375,2.991550,0.039038,0.012500,0.026874
gain_x_k,4000,50,0.05000,2.500,64,0.8000,2,0.483240,2.2000,5,4,42,0.140625,1.077865,0.095536,0.012500,0.084087
gain_x_k,4000,50,0.05000,2.500,64,0.8000,2,0.483240,2.2000,5,5,42,0.125000,1.018597,0.183968,0.012500,0.173639
gain_x_k,4000,50,0.05000,2.500,64,0.8000,2,0.483240,2.2000,5,1,43,1.000000,12.595573,0.019018,0.012500,0.006600
gain_x_k,4000,50,0.05000,2.500,64,0.8000,2,0.483240,2.2000,5,2,43,1.000000,6.549153,0.030218,0.012500,0.017943
gain_x_k,4000,50,0.05000,2.500,64,0.8000,2,0.483240,2.2000,5,3,43,0.531250,1.571159,0.081220,0.012500,0.069590
gain_x_k,4000,50,0.05000,2.500,64,0.8000,2,0.483240,2.2000,5,4,43,0.171875,1.033119,0.217341,0.012500,0.207434
gain_x_k,4000,50,0.05000,2.500,64,0.8000,2,0.483240,2.2000,5,5,43,0.046875,1.006531,0.341726,0.012500,0.333394
gain_x_k,4000,50,0.05000,2.500,64,0.8000,2,0.532971,2.3500,5,1,42,1.000000,11.593936,0.020278,0.012500,0.007876
gain_x_k,4000,50,0.05000,2.500,64,0.8000,2,0.532971,2.3500,5,2,42,1.000000,4.916434,0.034722,0.012500,0.022504
gain_x_k,4000,50,0.05000,2.500,64,0.8000,2,0.532971,2.3500,5,3,42,0.312500,1.186467,0.092540,0.012500,0.081053
gain_x_k,4000,50,0.05000,2.500,64,0.8000,2,0.532971,2.3500,5,4,42,0.109375,1.030298,0.205615,0.012500,0.195560
gain_x_k,4000,50,0.05000,2.500,64,0.8000,2,0.532971,2.3500,5,5,42,0.078125,1.012787,0.366071,0.012500,0.358047
gain_x_k,4000,50,0.05000,2.500,64,0.8000,2,0.532971,2.3500,5,1,43,1.000000,11.206771,0.020179,0.012500,0.007776
gain_x_k,4000,50,0.05000,2.500,64,0.8000,2,0.532971,2.3500,5,2,43,1.000000,5.305854,0.033135,0.012500,0.020896
gain_x_k,4000,50,0.05000,2.500,64,0.8000,2,0.532971,2.3500,5,3,43,0.328125,1.301391,0.097401,0.012500,0.085975
gain_x_k,4000,50,0.05000,2.500,64,0.8000,2,0.532971,2.3500,5,4,43,0.187500,1.031110,0.273730,0.012500,0.264537
gain_x_k,4000,50,0.05000,2.500,64,0.8000,2,0.532971,2.3500,5,5,43,0.078125,1.011413,0.394246,0.012500,0.386578
gain_x_k,4000,100,0.02500,2.500,32,0.8000,2,0.039230,1.0800,5,1,42,1.000000,12.966815,0.016048,0.025000,-0.009181
gain_x_k,4000,100,0.02500,2.500,32,0.8000,2,0.039230,1.0800,5,2,42,1.000000,8.347867,0.014254,0.025000,-0.011022
gain_x_k,4000,100,0.02500,2.500,32,0.8000,2,0.039230,1.0800,5,3,42,1.000000,5.041915,0.016169,0.025000,-0.009057
gain_x_k,4000,100,0.02500,2.500,32,0.8000,2,0.039230,1.0800,5,4,42,0.937500,2.731089,0.015887,0.025000,-0.009347
gain_x_k,4000,100,0.02500,2.500,32,0.8000,2,0.039230,1.0800,5,5,42,0.656250,1.742983,0.015060,0.025000,-0.010194
gain_x_k,4000,100,0.02500,2.500,32,0.8000,2,0.039230,1.0800,5,1,43,1.000000,13.343601,0.015665,0.025000,-0.009574
gain_x_k,4000,100,0.02500,2.500,32,0.8000,2,0.039230,1.0800,5,2,43,1.000000,7.907279,0.015181,0.025000,-0.010070
gain_x_k,4000,100,0.02500,2.500,32,0.8000,2,0.039230,1.0800,5,3,43,1.000000,4.851339,0.014052,0.025000,-0.011228
gain_x_k,4000,100,0.02500,2.500,32,0.8000,2,0.039230,1.0800,5,4,43,0.937500,2.865216,0.014657,0.025000,-0.010608
gain_x_k,4000,100,0.02500,2.500,32,0.8000,2,0.039230,1.0800,5,5,43,0.656250,1.612545,0.014839,0.025000,-0.010422
gain_x_k,4000,100,0.02500,2.500,32,0.8000,2,0.072381,1.1500,5,1,42,1.000000,13.738393,0.017278,0.025000,-0.007920
gain_x_k,4000,100,0.02500,2.500,32,0.8000,2,0.072381,1.1500,5,2,42,1.000000,9.257639,0.015887,0.025000,-0.009347
gain_x_k,4000,100,0.02500,2.500,32,0.8000,2,0.072381,1.1500,5,3,42,1.000000,6.187550,0.016230,0.025000,-0.008995
gain_x_k,4000,100,0.02500,2.500,32,0.8000,2,0.072381,1.1500,5,4,42,0.968750,3.848896,0.016976,0.025000,-0.008230
gain_x_k,4000,100,0.02500,2.500,32,0.8000,2,0.072381,1.1500,5,5,42,0.937500,2.190801,0.016048,0.025000,-0.009181
gain_x_k,4000,100,0.02500,2.500,32,0.8000,2,0.072381,1.1500,5,1,43,1.000000,12.500781,0.016935,0.025000,-0.008271
gain_x_k,4000,100,0.02500,2.500,32,0.8000,2,0.072381,1.1500,5,2,43,1.000000,8.931163,0.016694,0.025000,-0.008519
gain_x_k,4000,100,0.02500,2.500,32,0.8000,2,0.072381,1.1500,5,3,43,1.000000,5.249361,0.016371,0.025000,-0.008850
gain_x_k,4000,100,0.02500,2.500,32,0.8000,2,0.072381,1.1500,5,4,43,0.968750,3.105890,0.017339,0.025000,-0.007858
gain_x_k,4000,100,0.02500,2.500,32,0.8000,2,0.072381,1.1500,5,5,43,0.875000,2.110181,0.016875,0.025000,-0.008333
gain_x_k,4000,100,0.02500,2.500,32,0.8000,2,0.104536,1.2200,5,1,42,1.000000,13.859263,0.018931,0.025000,-0.006224
gain_x_k,4000,100,0.02500,2.500,32,0.8000,2,0.104536,1.2200,5,2,42,1.000000,9.516369,0.018710,0.025000,-0.006452
gain_x_k,4000,100,0.02500,2.500,32,0.8000,2,0.104536,1.2200,5,3,42,1.000000,7.155841,0.017903,0.025000,-0.007279
gain_x_k,4000,100,0.02500,2.500,32,0.8000,2,0.104536,1.2200,5,4,42,1.000000,4.619899,0.018145,0.025000,-0.007031
gain_x_k,4000,100,0.02500,2.500,32,0.8000,2,0.104536,1.2200,5,5,42,0.906250,2.803628,0.018710,0.025000,-0.006452
gain_x_k,4000,100,0.02500,2.500,32,0.8000,2,0.104536,1.2200,5,1,43,1.000000,12.404067,0.018992,0.025000,-0.006162
gain_x_k,4000,100,0.02500,2.500,32,0.8000,2,0.104536,1.2200,5,2,43,1.000000,9.220387,0.018044,0.025000,-0.007134
gain_x_k,4000,100,0.02500,2.500,32,0.8000,2,0.104536,1.2200,5,3,43,1.000000,6.601724,0.017883,0.025000,-0.007299
gain_x_k,4000,100,0.02500,2.500,32,0.8000,2,0.104536,1.2200,5,4,43,1.000000,4.087740,0.017540,0.025000,-0.007651
gain_x_k,4000,100,0.02500,2.500,32,0.8000,2,0.104536,1.2200,5,5,43,0.906250,2.520556,0.018448,0.025000,-0.006720
gain_x_k,4000,100,0.02500,2.500,32,0.8000,2,0.140175,1.3000,5,1,42,1.000000,12.757205,0.022117,0.025000,-0.002957
gain_x_k,4000,100,0.02500,2.500,32,0.8000,2,0.140175,1.3000,5,2,42,1.000000,9.434086,0.022379,0.025000,-0.002688
gain_x_k,4000,100,0.02500,2.500,32,0.8000,2,0.140175,1.3000,5,3,42,1.000000,7.012723,0.021593,0.025000,-0.003495
gain_x_k,4000,100,0.02500,2.500,32,0.8000,2,0.140175,1.3000,5,4,42,1.000000,4.681451,0.021815,0.025000,-0.003267
gain_x_k,4000,100,0.02500,2.500,32,0.8000,2,0.140175,1.3000,5,5,42,1.000000,3.011404,0.021210,0.025000,-0.003888
gain_x_k,4000,100,0.02500,2.500,32,0.8000,2,0.140175,1.3000,5,1,43,1.000000,12.617076,0.023427,0.025000,-0.001613
gain_x_k,4000,100,0.02500,2.500,32,0.8000,2,0.140175,1.3000,5,2,43,1.000000,9.995647,0.021593,0.025000,-0.003495
gain_x_k,4000,100,0.02500,2.500,32,0.8000,2,0.140175,1.3000,5,3,43,1.000000,7.000050,0.020585,0.025000,-0.004529
gain_x_k,4000,100,0.02500,2.500,32,0.8000,2,0.140175,1.3000,5,4,43,1.000000,4.961989,0.021794,0.025000,-0.003288
gain_x_k,4000,100,0.02500,2.500,32,0.8000,2,0.140175,1.3000,5,5,43,0.968750,3.200220,0.020847,0.025000,-0.004260
gain_x_k,4000,100,0.02500,2.500,32,0.8000,2,0.183216,1.4000,5,1,42,1.000000,12.156022,0.025625,0.025000,0.000641
gain_x_k,4000,100,0.02500,2.500,32,0.8000,2,0.183216,1.4000,5,2,42,1.000000,9.205477,0.026875,0.025000,0.001923
gain_x_k,4000,100,0.02500,2.500,32,0.8000,2,0.183216,1.4000,5,3,42,1.000000,7.379340,0.024960,0.025000,-0.000041
gain_x_k,4000,100,0.02500,2.500,32,0.8000,2,0.183216,1.4000,5,4,42,1.000000,5.557073,0.025867,0.025000,0.000889
gain_x_k,4000,100,0.02500,2.500,32,0.8000,2,0.183216,1.4000,5,5,42,1.000000,4.216450,0.026210,0.025000,0.001241
gain_x_k,4000,100,0.02500,2.500,32,0.8000,2,0.183216,1.4000,5,1,43,1.000000,12.351302,0.026089,0.025000,0.001117
gain_x_k,4000,100,0.02500,2.500,32,0.8000,2,0.183216,1.4000,5,2,43,1.000000,9.562072,0.025565,0.025000,0.000579
gain_x_k,4000,100,0.02500,2.500,32,0.8000,2,0.183216,1.4000,5,3,43,1.000000,7.689410,0.024194,0.025000,-0.000827
gain_x_k,4000,100,0.02500,2.500,32,0.8000,2,0.183216,1.4000,5,4,43,1.000000,6.022433,0.023750,0.025000,-0.001282
gain_x_k,4000,100,0.02500,2.500,32,0.8000,2,0.183216,1.4000,5,5,43,1.000000,4.531453,0.024919,0.025000,-0.000083
gain_x_k,4000,100,0.02500,2.500,32,0.8000,2,0.224745,1.5000,5,1,42,1.000000,12.387016,0.027077,0.025000,0.002130
gain_x_k,4000,100,0.02500,2.500,32,0.8000,2,0.224745,1.5000,5,2,42,1.000000,8.963190,0.030141,0.025000,0.005273
gain_x_k,4000,100,0.02500,2.500,32,0.8000,2,0.224745,1.5000,5,3,42,1.000000,6.965279,0.031129,0.025000,0.006286
gain_x_k,4000,100,0.02500,2.500,32,0.8000,2,0.224745,1.5000,5,4,42,1.000000,5.800400,0.029758,0.025000,0.004880
gain_x_k,4000,100,0.02500,2.500,32,0.8000,2,0.224745,1.5000,5,5,42,1.000000,4.933712,0.028065,0.025000,0.003143
gain_x_k,4000,100,0.02500,2.500,32,0.8000,2,0.224745,1.5000,5,1,43,1.000000,11.520487,0.027379,0.025000,0.002440
gain_x_k,4000,100,0.02500,2.500,32,0.8000,2,0.224745,1.5000,5,2,43,1.000000,9.265743,0.028145,0.025000,0.003226
gain_x_k,4000,100,0.02500,2.500,32,0.8000,2,0.224745,1.5000,5,3,43,1.000000,7.569628,0.030020,0.025000,0.005149
gain_x_k,4000,100,0.02500,2.500,32,0.8000,2,0.224745,1.5000,5,4,43,1.000000,6.378193,0.029335,0.025000,0.004446
gain_x_k,4000,100,0.02500,2.500,32,0.8000,2,0.224745,1.5000,5,5,43,1.000000,4.828231,0.027762,0.025000,0.002833
gain_x_k,4000,100,0.02500,2.500,32,0.8000,2,0.264911,1.6000,5,1,42,1.000000,12.381717,0.029032,0.025000,0.004136
gain_x_k,4000,100,0.02500,2.500,32,0.8000,2,0.264911,1.6000,5,2,42,1.000000,9.968261,0.029113,0.025000,0.004218
gain_x_k,4000,100,0.02500,2.500,32,0.8000,2,0.264911,1.6000,5,3,42,1.000000,7.779072,0.032097,0.025000,0.007279
gain_x_k,4000,100,0.02500,2.500,32,0.8000,2,0.264911,1.6000,5,4,42,1.000000,6.000657,0.035484,0.025000,0.010753
gain_x_k,4000,100,0.02500,2.500,32,0.8000,2,0.264911,1.6000,5,5,42,1.000000,5.223952,0.033387,0.025000,0.008602
gain_x_k,4000,100,0.02500,2.500,32,0.8000,2,0.264911,1.6000,5,1,43,1.000000,10.892151,0.030181,0.025000,0.005314
gain_x_k,4000,100,0.02500,2.500,32,0.8000,2,0.264911,1.6000,5,2,43,1.000000,8.653587,0.031895,0.025000,0.007072
gain_x_k,4000,100,0.02500,2.500,32,0.8000,2,0.264911,1.6000,5,3,43,1.000000,7.061831,0.032157,0.025000,0.007341
gain_x_k,4000,100,0.02500,2.500,32,0.8000,2,0.264911,1.6000,5,4,43,1.000000,5.648636,0.033165,0.025000,0.008375
gain_x_k,4000,100,0.02500,2.500,32,0.8000,2,0.264911,1.6000,5,5,43,1.000000,4.520822,0.035081,0.025000,0.010339
gain_x_k,4000,100,0.02500,2.500,32,0.8000,2,0.303840,1.7000,5,1,42,1.000000,11.035010,0.031633,0.025000,0.006803
gain_x_k,4000,100,0.02500,2.500,32,0.8000,2,0.303840,1.7000,5,2,42,1.000000,7.916042,0.037440,0.025000,0.012758
gain_x_k,4000,100,0.02500,2.500,32,0.8000,2,0.303840,1.7000,5,3,42,1.000000,5.933007,0.039758,0.025000,0.015136
gain_x_k,4000,100,0.02500,2.500,32,0.8000,2,0.303840,1.7000,5,4,42,1.000000,3.459732,0.044859,0.025000,0.020368
gain_x_k,4000,100,0.02500,2.500,32,0.8000,2,0.303840,1.7000,5,5,42,0.750000,1.472994,0.056714,0.025000,0.032527
gain_x_k,4000,100,0.02500,2.500,32,0.8000,2,0.303840,1.7000,5,1,43,1.000000,11.868901,0.028569,0.025000,0.003660
gain_x_k,4000,100,0.02500,2.500,32,0.8000,2,0.303840,1.7000,5,2,43,1.000000,9.023901,0.034597,0.025000,0.009843
gain_x_k,4000,100,0.02500,2.500,32,0.8000,2,0.303840,1.7000,5,3,43,1.000000,6.772447,0.036754,0.025000,0.012055
gain_x_k,4000,100,0.02500,2.500,32,0.8000,2,0.303840,1.7000,5,4,43,1.000000,5.085274,0.040000,0.025000,0.015385
gain_x_k,4000,100,0.02500,2.500,32,0.8000,2,0.303840,1.7000,5,5,43,1.000000,2.933555,0.049940,0.025000,0.025579
gain_x_k,4000,100,0.02500,2.500,32,0.8000,2,0.334166,1.7800,5,1,42,1.000000,10.789782,0.031956,0.025000,0.007134
gain_x_k,4000,100,0.02500,2.500,32,0.8000,2,0.334166,1.7800,5,2,42,1.000000,7.539283,0.040968,0.025000,0.016377
gain_x_k,4000,100,0.02500,2.500,32,0.8000,2,0.334166,1.7800,5,3,42,1.000000,3.940339,0.054153,0.025000,0.029901
gain_x_k,4000,100,0.02500,2.500,32,0.8000,2,0.334166,1.7800,5,4,42,0.406250,1.231483,0.080222,0.025000,0.056638
gain_x_k,4000,100,0.02500,2.500,32,0.8000,2,0.334166,1.7800,5,5,42,0.031250,1.044569,0.121976,0.025000,0.099462
gain_x_k,4000,100,0.02500,2.500,32,0.8000,2,0.334166,1.7800,5,1,43,1.000000,10.567369,0.031956,0.025000,0.007134
gain_x_k,4000,100,0.02500,2.500,32,0.8000,2,0.334166,1.7800,5,2,43,1.000000,7.380784,0.040423,0.025000,0.015819
gain_x_k,4000,100,0.02500,2.500,32,0.8000,2,0.334166,1.7800,5,3,43,1.000000,4.318161,0.045363,0.025000,0.020885
gain_x_k,4000,100,0.02500,2.500,32,0.8000,2,0.334166,1.7800,5,4,43,0.843750,1.531622,0.057702,0.025000,0.033540
gain_x_k,4000,100,0.02500,2.500,32,0.8000,2,0.334166,1.7800,5,5,43,0.093750,1.066538,0.082802,0.025000,0.059285
gain_x_k,4000,100,0.02500,2.500,32,0.8000,2,0.356466,1.8400,5,1,42,1.000000,10.111404,0.037520,0.025000,0.012841
gain_x_k,4000,100,0.02500,2.500,32,0.8000,2,0.356466,1.8400,5,2,42,1.000000,5.495618,0.051431,0.025000,0.027109
gain_x_k,4000,100,0.02500,2.500,32,0.8000,2,0.356466,1.8400,5,3,42,0.843750,1.575792,0.077298,0.025000,0.053639
gain_x_k,4000,100,0.02500,2.500,32,0.8000,2,0.356466,1.8400,5,4,42,0.093750,1.028232,0.136472,0.025000,0.114330
gain_x_k,4000,100,0.02500,2.500,32,0.8000,2,0.356466,1.8400,5,5,42,0.031250,1.000000,0.191250,0.025000,0.170513
gain_x_k,4000,100,0.02500,2.500,32,0.8000,2,0.356466,1.8400,5,1,43,1.000000,11.738150,0.031734,0.025000,0.006907
gain_x_k,4000,100,0.02500,2.500,32,0.8000,2,0.356466,1.8400,5,2,43,1.000000,7.585685,0.038185,0.025000,0.013524
gain_x_k,4000,100,0.02500,2.500,32,0.8000,2,0.356466,1.8400,5,3,43,1.000000,3.747859,0.049899,0.025000,0.025538
gain_x_k,4000,100,0.02500,2.500,32,0.8000,2,0.356466,1.8400,5,4,43,0.343750,1.247381,0.075161,0.025000,0.051447
gain_x_k,4000,100,0.02500,2.500,32,0.8000,2,0.356466,1.8400,5,5,43,0.031250,1.080376,0.112359,0.025000,0.089599
gain_x_k,4000,100,0.02500,2.500,32,0.8000,2,0.378405,1.9000,5,1,42,1.000000,10.211908,0.038548,0.025000,0.013896
gain_x_k,4000,100,0.02500,2.500,32,0.8000,2,0.378405,1.9000,5,2,42,1.000000,5.215128,0.055181,0.025000,0.030955
gain_x_k,4000,100,0.02500,2.500,32,0.8000,2,0.378405,1.9000,5,3,42,0.718750,1.257894,0.092742,0.025000,0.069479
gain_x_k,4000,100,0.02500,2.500,32,0.8000,2,0.378405,1.9000,5,4,42,0.062500,1.010730,0.157278,0.025000,0.135670
gain_x_k,4000,100,0.02500,2.500,32,0.8000,2,0.378405,1.9000,5,5,42,0.062500,1.003173,0.200181,0.025000,0.179673
gain_x_k,4000,100,0.02500,2.500,32,0.8000,2,0.378405,1.9000,5,1,43,1.000000,10.850083,0.034254,0.025000,0.009491
gain_x_k,4000,100,0.02500,2.500,32,0.8000,2,0.378405,1.9000,5,2,43,1.000000,6.088594,0.046472,0.025000,0.022022
gain_x_k,4000,100,0.02500,2.500,32,0.8000,2,0.378405,1.9000,5,3,43,0.875000,1.837143,0.076512,0.025000,0.052833
gain_x_k,4000,100,0.02500,2.500,32,0.8000,2,0.378405,1.9000,5,4,43,0.093750,1.021729,0.136815,0.025000,0.114682
gain_x_k,4000,100,0.02500,2.500,32,0.8000,2,0.378405,1.9000,5,5,43,0.031250,1.000957,0.209476,0.025000,0.189206
gain_x_k,4000,100,0.02500,2.500,32,0.8000,2,0.400000,1.9600,5,1,42,1.000000,10.133881,0.037157,0.025000,0.012469
gain_x_k,4000,100,0.02500,2.500,32,0.8000,2,0.400000,1.9600,5,2,42,1.000000,5.591465,0.052177,0.025000,0.027874
gain_x_k,4000,100,0.02500,2.500,32,0.8000,2,0.400000,1.9600,5,3,42,0.843750,1.638941,0.097440,0.025000,0.074297
gain_x_k,4000,100,0.02500,2.500,32,0.8000,2,0.400000,1.9600,5,4,42,0.093750,1.012655,0.201976,0.025000,0.181514
gain_x_k,4000,100,0.02500,2.500,32,0.8000,2,0.400000,1.9600,5,5,42,0.093750,1.005109,0.323327,0.025000,0.305976
gain_x_k,4000,100,0.02500,2.500,32,0.8000,2,0.400000,1.9600,5,1,43,1.000000,10.031973,0.037399,0.025000,0.012717
gain_x_k,4000,100,0.02500,2.500,32,0.8000,2,0.400000,1.9600,5,2,43,1.000000,4.885507,0.054617,0.025000,0.030376
gain_x_k,4000,100,0.02500,2.500,32,0.8000,2,0.400000,1.9600,5,3,43,0.437500,1.254204,0.092823,0.025000,0.069562
gain_x_k,4000,100,0.02500,2.500,32,0.8000,2,0.400000,1.9600,5,4,43,0.125000,1.017261,0.175968,0.025000,0.154839
gain_x_k,4000,100,0.02500,2.500,32,0.8000,2,0.400000,1.9600,5,5,43,0.031250,1.003160,0.246956,0.025000,0.227647
gain_x_k,4000,100,0.02500,2.500,32,0.8000,2,0.421267,2.0200,5,1,42,1.000000,10.008740,0.038569,0.025000,0.013916
gain_x_k,4000,100,0.02500,2.500,32,0.8000,2,0.421267,2.0200,5,2,42,1.000000,4.532551,0.069032,0.025000,0.045161
gain_x_k,4000,100,0.02500,2.500,32,0.8000,2,0.421267,2.0200,5,3,42,0.218750,1.101154,0.157177,0.025000,0.135567
gain_x_k,4000,100,0.02500,2.500,32,0.8000,2,0.421267,2.0200,5,4,42,0.093750,1.007546,0.292863,0.025000,0.274731
gain_x_k,4000,100,0.02500,2.500,32,0.8000,2,0.421267,2.0200,5,5,42,0.062500,1.006944,0.371573,0.025000,0.355459
gain_x_k,4000,100,0.02500,2.500,32,0.8000,2,0.421267,2.0200,5,1,43,1.000000,9.465897,0.039738,0.025000,0.015116
gain_x_k,4000,100,0.02500,2.500,32,0.8000,2,0.421267,2.0200,5,2,43,1.000000,3.643245,0.070645,0.025000,0.046816
gain_x_k,4000,100,0.02500,2.500,32,0.8000,2,0.421267,2.0200,5,3,43,0.187500,1.077270,0.133427,0.025000,0.111208
gain_x_k,4000,100,0.02500,2.500,32,0.8000,2,0.421267,2.0200,5,4,43,0.062500,1.009707,0.256915,0.025000,0.237862
gain_x_k,4000,100,0.02500,2.500,32,0.8000,2,0.421267,2.0200,5,5,43,0.062500,1.004754,0.358911,0.025000,0.342473
gain_x_k,4000,100,0.02500,2.500,32,0.8000,2,0.449138,2.1000,5,1,42,1.000000,8.965712,0.043387,0.025000,0.018859
gain_x_k,4000,100,0.02500,2.500,32,0.8000,2,0.449138,2.1000,5,2,42,1.000000,2.856492,0.079617,0.025000,0.056017
gain_x_k,4000,100,0.02500,2.500,32,0.8000,2,0.449138,2.1000,5,3,42,0.156250,1.041824,0.171169,0.025000,0.149917
gain_x_k,4000,100,0.02500,2.500,32,0.8000,2,0.449138,2.1000,5,4,42,0.062500,1.008482,0.296895,0.025000,0.278867
gain_x_k,4000,100,0.02500,2.500,32,0.8000,2,0.449138,2.1000,5,5,42,0.062500,1.000950,0.386431,0.025000,0.370699
gain_x_k,4000,100,0.02500,2.500,32,0.8000,2,0.449138,2.1000,5,1,43,1.000000,9.446126,0.042278,0.025000,0.017721
gain_x_k,4000,100,0.02500,2.500,32,0.8000,2,0.449138,2.1000,5,2,43,1.000000,3.444400,0.074758,0.025000,0.051034
gain_x_k,4000,100,0.02500,2.500,32,0.8000,2,0.449138,2.1000,5,3,43,0.187500,1.072378,0.168750,0.025000,0.147436
gain_x_k,4000,100,0.02500,2.500,32,0.8000,2,0.449138,2.1000,5,4,43,0.093750,1.004880,0.311512,0.025000,0.293859
gain_x_k,4000,100,0.02500,2.500,32,0.8000,2,0.449138,2.1000,5,5,43,0.031250,1.002844,0.409778,0.025000,0.394644
gain_x_k,4000,100,0.02500,2.500,32,0.8000,2,0.483240,2.2000,5,1,42,1.000000,7.700726,0.051250,0.025000,0.026923
gain_x_k,4000,100,0.02500,2.500,32,0.8000,2,0.483240,2.2000,5,2,42,0.937500,1.816842,0.110827,0.025000,0.088027
gain_x_k,4000,100,0.02500,2.500,32,0.8000,2,0.483240,2.2000,5,3,42,0.218750,1.027152,0.258185,0.025000,0.239165
gain_x_k,4000,100,0.02500,2.500,32,0.8000,2,0.483240,2.2000,5,4,42,0.031250,1.006566,0.402762,0.025000,0.387448
gain_x_k,4000,100,0.02500,2.500,32,0.8000,2,0.483240,2.2000,5,5,42,0.000000,1.000950,0.466109,0.025000,0.452419
gain_x_k,4000,100,0.02500,2.500,32,0.8000,2,0.483240,2.2000,5,1,43,1.000000,8.504986,0.046694,0.025000,0.022250
gain_x_k,4000,100,0.02500,2.500,32,0.8000,2,0.483240,2.2000,5,2,43,0.968750,1.866906,0.101573,0.025000,0.078536
gain_x_k,4000,100,0.02500,2.500,32,0.8000,2,0.483240,2.2000,5,3,43,0.218750,1.038798,0.246734,0.025000,0.227419
gain_x_k,4000,100,0.02500,2.500,32,0.8000,2,0.483240,2.2000,5,4,43,0.093750,1.004212,0.378327,0.025000,0.362386
gain_x_k,4000,100,0.02500,2.500,32,0.8000,2,0.483240,2.2000,5,5,43,0.062500,1.003482,0.464980,0.025000,0.451261
gain_x_k,4000,100,0.02500,2.500,32,0.8000,2,0.532971,2.3500,5,1,42,1.000000,6.925409,0.056351,0.025000,0.032155
gain_x_k,4000,100,0.02500,2.500,32,0.8000,2,0.532971,2.3500,5,2,42,0.781250,1.350103,0.138609,0.025000,0.116522
gain_x_k,4000,100,0.02500,2.500,32,0.8000,2,0.532971,2.3500,5,3,42,0.125000,1.030762,0.297621,0.025000,0.279611
gain_x_k,4000,100,0.02500,2.500,32,0.8000,2,0.532971,2.3500,5,4,42,0.187500,1.006148,0.470867,0.025000,0.457299
gain_x_k,4000,100,0.02500,2.500,32,0.8000,2,0.532971,2.3500,5,5,42,0.062500,1.000000,0.539052,0.025000,0.527233
gain_x_k,4000,100,0.02500,2.500,32,0.8000,2,0.532971,2.3500,5,1,43,1.000000,7.511065,0.053548,0.025000,0.029280
gain_x_k,4000,100,0.02500,2.500,32,0.8000,2,0.532971,2.3500,5,2,43,0.781250,1.346861,0.138569,0.025000,0.116481
gain_x_k,4000,100,0.02500,2.500,32,0.8000,2,0.532971,2.3500,5,3,43,0.156250,1.015296,0.317500,0.025000,0.300000
gain_x_k,4000,100,0.02500,2.500,32,0.8000,2,0.532971,2.3500,5,4,43,0.062500,1.004748,0.432480,0.025000,0.417928
gain_x_k,4000,100,0.02500,2.500,32,0.8000,2,0.532971,2.3500,5,5,43,0.031250,1.000000,0.501613,0.025000,0.488834
gain_x_alpha,4000,50,0.05000,2.500,96,1.2000,2,0.039230,1.0800,5,1,42,1.000000,10.797991,0.010978,0.012500,-0.001541
gain_x_alpha,4000,50,0.05000,2.500,96,1.2000,2,0.039230,1.0800,5,2,42,1.000000,5.092188,0.010461,0.012500,-0.002065
gain_x_alpha,4000,50,0.05000,2.500,96,1.2000,2,0.039230,1.0800,5,3,42,0.656250,2.165278,0.010693,0.012500,-0.001830
gain_x_alpha,4000,50,0.05000,2.500,96,1.2000,2,0.039230,1.0800,5,4,42,0.208333,1.233854,0.010461,0.012500,-0.002065
gain_x_alpha,4000,50,0.05000,2.500,96,1.2000,2,0.039230,1.0800,5,5,42,0.052083,1.207465,0.010697,0.012500,-0.001825
gain_x_alpha,4000,50,0.05000,2.500,96,1.2000,2,0.039230,1.0800,5,1,43,1.000000,10.175000,0.010820,0.012500,-0.001701
gain_x_alpha,4000,50,0.05000,2.500,96,1.2000,2,0.039230,1.0800,5,2,43,1.000000,5.163715,0.010632,0.012500,-0.001892
gain_x_alpha,4000,50,0.05000,2.500,96,1.2000,2,0.039230,1.0800,5,3,43,0.708333,2.045412,0.010404,0.012500,-0.002123
gain_x_alpha,4000,50,0.05000,2.500,96,1.2000,2,0.039230,1.0800,5,4,43,0.125000,1.256076,0.010974,0.012500,-0.001546
gain_x_alpha,4000,50,0.05000,2.500,96,1.2000,2,0.039230,1.0800,5,5,43,0.031250,1.209028,0.010627,0.012500,-0.001897
gain_x_alpha,4000,50,0.05000,2.500,96,1.2000,2,0.072381,1.1500,5,1,42,1.000000,9.939063,0.012342,0.012500,-0.000160
gain_x_alpha,4000,50,0.05000,2.500,96,1.2000,2,0.072381,1.1500,5,2,42,1.000000,5.499479,0.012298,0.012500,-0.000204
gain_x_alpha,4000,50,0.05000,2.500,96,1.2000,2,0.072381,1.1500,5,3,42,0.822917,2.647222,0.012956,0.012500,0.000462
gain_x_alpha,4000,50,0.05000,2.500,96,1.2000,2,0.072381,1.1500,5,4,42,0.354167,1.508507,0.012715,0.012500,0.000218
gain_x_alpha,4000,50,0.05000,2.500,96,1.2000,2,0.072381,1.1500,5,5,42,0.114583,1.242014,0.012329,0.012500,-0.000173
gain_x_alpha,4000,50,0.05000,2.500,96,1.2000,2,0.072381,1.1500,5,1,43,1.000000,10.636458,0.012583,0.012500,0.000084
gain_x_alpha,4000,50,0.05000,2.500,96,1.2000,2,0.072381,1.1500,5,2,43,1.000000,5.659028,0.012430,0.012500,-0.000071
gain_x_alpha,4000,50,0.05000,2.500,96,1.2000,2,0.072381,1.1500,5,3,43,0.833333,2.655035,0.011886,0.012500,-0.000622
gain_x_alpha,4000,50,0.05000,2.500,96,1.2000,2,0.072381,1.1500,5,4,43,0.385417,1.518403,0.012096,0.012500,-0.000409
gain_x_alpha,4000,50,0.05000,2.500,96,1.2000,2,0.072381,1.1500,5,5,43,0.062500,1.150174,0.012281,0.012500,-0.000222
gain_x_alpha,4000,50,0.05000,2.500,96,1.2000,2,0.104536,1.2200,5,1,42,1.000000,10.002257,0.014083,0.012500,0.001603
gain_x_alpha,4000,50,0.05000,2.500,96,1.2000,2,0.104536,1.2200,5,2,42,1.000000,5.950074,0.014096,0.012500,0.001617
gain_x_alpha,4000,50,0.05000,2.500,96,1.2000,2,0.104536,1.2200,5,3,42,0.885417,3.182465,0.014377,0.012500,0.001901
gain_x_alpha,4000,50,0.05000,2.500,96,1.2000,2,0.104536,1.2200,5,4,42,0.593750,1.671627,0.013763,0.012500,0.001279
gain_x_alpha,4000,50,0.05000,2.500,96,1.2000,2,0.104536,1.2200,5,5,42,0.156250,1.278125,0.013868,0.012500,0.001386
gain_x_alpha,4000,50,0.05000,2.500,96,1.2000,2,0.104536,1.2200,5,1,43,1.000000,10.666146,0.013605,0.012500,0.001119
gain_x_alpha,4000,50,0.05000,2.500,96,1.2000,2,0.104536,1.2200,5,2,43,1.000000,6.316667,0.013851,0.012500,0.001368
gain_x_alpha,4000,50,0.05000,2.500,96,1.2000,2,0.104536,1.2200,5,3,43,0.916667,3.393403,0.013978,0.012500,0.001497
gain_x_alpha,4000,50,0.05000,2.500,96,1.2000,2,0.104536,1.2200,5,4,43,0.645833,1.843113,0.013732,0.012500,0.001248
gain_x_alpha,4000,50,0.05000,2.500,96,1.2000,2,0.104536,1.2200,5,5,43,0.197917,1.234896,0.013706,0.012500,0.001221
gain_x_alpha,4000,50,0.05000,2.500,96,1.2000,2,0.140175,1.3000,5,1,42,1.000000,10.791493,0.014219,0.012500,0.001741
gain_x_alpha,4000,50,0.05000,2.500,96,1.2000,2,0.140175,1.3000,5,2,42,1.000000,6.867188,0.014439,0.012500,0.001963
gain_x_alpha,4000,50,0.05000,2.500,96,1.2000,2,0.140175,1.3000,5,3,42,0.958333,4.242014,0.014921,0.012500,0.002452
gain_x_alpha,4000,50,0.05000,2.500,96,1.2000,2,0.140175,1.3000,5,4,42,0.760417,2.311806,0.014618,0.012500,0.002145
gain_x_alpha,4000,50,0.05000,2.500,96,1.2000,2,0.140175,1.3000,5,5,42,0.416667,1.560069,0.014544,0.012500,0.002070
gain_x_alpha,4000,50,0.05000,2.500,96,1.2000,2,0.140175,1.3000,5,1,43,1.000000,10.850868,0.014158,0.012500,0.001679
gain_x_alpha,4000,50,0.05000,2.500,96,1.2000,2,0.140175,1.3000,5,2,43,1.000000,7.057118,0.014601,0.012500,0.002127
gain_x_alpha,4000,50,0.05000,2.500,96,1.2000,2,0.140175,1.3000,5,3,43,1.000000,4.242014,0.014491,0.012500,0.002016
gain_x_alpha,4000,50,0.05000,2.500,96,1.2000,2,0.140175,1.3000,5,4,43,0.770833,2.395437,0.014570,0.012500,0.002096
gain_x_alpha,4000,50,0.05000,2.500,96,1.2000,2,0.140175,1.3000,5,5,43,0.395833,1.522917,0.014680,0.012500,0.002207
gain_x_alpha,4000,50,0.05000,2.500,96,1.2000,2,0.183216,1.4000,5,1,42,1.000000,10.731647,0.015346,0.012500,0.002883
gain_x_alpha,4000,50,0.05000,2.500,96,1.2000,2,0.183216,1.4000,5,2,42,1.000000,7.470833,0.015825,0.012500,0.003367
gain_x_alpha,4000,50,0.05000,2.500,96,1.2000,2,0.183216,1.4000,5,3,42,1.000000,5.368403,0.016215,0.012500,0.003762
gain_x_alpha,4000,50,0.05000,2.500,96,1.2000,2,0.183216,1.4000,5,4,42,0.916667,3.292659,0.015763,0.012500,0.003304
gain_x_alpha,4000,50,0.05000,2.500,96,1.2000,2,0.183216,1.4000,5,5,42,0.687500,2.047917,0.015846,0.012500,0.003389
gain_x_alpha,4000,50,0.05000,2.500,96,1.2000,2,0.183216,1.4000,5,1,43,1.000000,10.399306,0.016333,0.012500,0.003882
gain_x_alpha,4000,50,0.05000,2.500,96,1.2000,2,0.183216,1.4000,5,2,43,1.000000,7.580903,0.016675,0.012500,0.004228
gain_x_alpha,4000,50,0.05000,2.500,96,1.2000,2,0.183216,1.4000,5,3,43,1.000000,5.210516,0.016175,0.012500,0.003722
gain_x_alpha,4000,50,0.05000,2.500,96,1.2000,2,0.183216,1.4000,5,4,43,0.916667,3.373363,0.016469,0.012500,0.004020
gain_x_alpha,4000,50,0.05000,2.500,96,1.2000,2,0.183216,1.4000,5,5,43,0.729167,1.976215,0.016013,0.012500,0.003558
gain_x_alpha,4000,50,0.05000,2.500,96,1.2000,2,0.224745,1.5000,5,1,42,1.000000,10.695486,0.016592,0.012500,0.004144
gain_x_alpha,4000,50,0.05000,2.500,96,1.2000,2,0.224745,1.5000,5,2,42,1.000000,8.280556,0.017605,0.012500,0.005170
gain_x_alpha,4000,50,0.05000,2.500,96,1.2000,2,0.224745,1.5000,5,3,42,1.000000,6.410565,0.017877,0.012500,0.005445
gain_x_alpha,4000,50,0.05000,2.500,96,1.2000,2,0.224745,1.5000,5,4,42,1.000000,4.583420,0.017430,0.012500,0.004992
gain_x_alpha,4000,50,0.05000,2.500,96,1.2000,2,0.224745,1.5000,5,5,42,0.895833,2.942138,0.018018,0.012500,0.005587
gain_x_alpha,4000,50,0.05000,2.500,96,1.2000,2,0.224745,1.5000,5,1,43,1.000000,11.127604,0.016728,0.012500,0.004282
gain_x_alpha,4000,50,0.05000,2.500,96,1.2000,2,0.224745,1.5000,5,2,43,1.000000,8.497049,0.017325,0.012500,0.004886
gain_x_alpha,4000,50,0.05000,2.500,96,1.2000,2,0.224745,1.5000,5,3,43,1.000000,6.510417,0.016715,0.012500,0.004268
gain_x_alpha,4000,50,0.05000,2.500,96,1.2000,2,0.224745,1.5000,5,4,43,1.000000,4.669097,0.017838,0.012500,0.005405
gain_x_alpha,4000,50,0.05000,2.500,96,1.2000,2,0.224745,1.5000,5,5,43,0.937500,3.100806,0.017303,0.012500,0.004863
gain_x_alpha,4000,50,0.05000,2.500,96,1.2000,2,0.264911,1.6000,5,1,42,1.000000,11.156523,0.016820,0.012500,0.004375
gain_x_alpha,4000,50,0.05000,2.500,96,1.2000,2,0.264911,1.6000,5,2,42,1.000000,8.832126,0.018259,0.012500,0.005832
gain_x_alpha,4000,50,0.05000,2.500,96,1.2000,2,0.264911,1.6000,5,3,42,1.000000,6.796131,0.018053,0.012500,0.005623
gain_x_alpha,4000,50,0.05000,2.500,96,1.2000,2,0.264911,1.6000,5,4,42,1.000000,4.904551,0.019329,0.012500,0.006915
gain_x_alpha,4000,50,0.05000,2.500,96,1.2000,2,0.264911,1.6000,5,5,42,0.968750,3.626513,0.018776,0.012500,0.006356
gain_x_alpha,4000,50,0.05000,2.500,96,1.2000,2,0.264911,1.6000,5,1,43,1.000000,10.539236,0.018250,0.012500,0.005823
gain_x_alpha,4000,50,0.05000,2.500,96,1.2000,2,0.264911,1.6000,5,2,43,1.000000,8.438690,0.018145,0.012500,0.005716
gain_x_alpha,4000,50,0.05000,2.500,96,1.2000,2,0.264911,1.6000,5,3,43,1.000000,6.762364,0.018851,0.012500,0.006431
gain_x_alpha,4000,50,0.05000,2.500,96,1.2000,2,0.264911,1.6000,5,4,43,0.979167,4.737638,0.019250,0.012500,0.006835
gain_x_alpha,4000,50,0.05000,2.500,96,1.2000,2,0.264911,1.6000,5,5,43,0.854167,3.196054,0.019382,0.012500,0.006969
gain_x_alpha,4000,50,0.05000,2.500,96,1.2000,2,0.303840,1.7000,5,1,42,1.000000,10.517684,0.017789,0.012500,0.005356
gain_x_alpha,4000,50,0.05000,2.500,96,1.2000,2,0.303840,1.7000,5,2,42,1.000000,8.812103,0.018706,0.012500,0.006285
gain_x_alpha,4000,50,0.05000,2.500,96,1.2000,2,0.303840,1.7000,5,3,42,1.000000,6.138538,0.021132,0.012500,0.008741
gain_x_alpha,4000,50,0.05000,2.500,96,1.2000,2,0.303840,1.7000,5,4,42,0.989583,3.373742,0.021947,0.012500,0.009567
gain_x_alpha,4000,50,0.05000,2.500,96,1.2000,2,0.303840,1.7000,5,5,42,0.604167,1.723609,0.023395,0.012500,0.011033
gain_x_alpha,4000,50,0.05000,2.500,96,1.2000,2,0.303840,1.7000,5,1,43,1.000000,10.771949,0.018298,0.012500,0.005872
gain_x_alpha,4000,50,0.05000,2.500,96,1.2000,2,0.303840,1.7000,5,2,43,1.000000,7.924917,0.019329,0.012500,0.006915
gain_x_alpha,4000,50,0.05000,2.500,96,1.2000,2,0.303840,1.7000,5,3,43,1.000000,5.817429,0.021465,0.012500,0.009078
gain_x_alpha,4000,50,0.05000,2.500,96,1.2000,2,0.303840,1.7000,5,4,43,0.822917,2.662636,0.025526,0.012500,0.013191
gain_x_alpha,4000,50,0.05000,2.500,96,1.2000,2,0.303840,1.7000,5,5,43,0.187500,1.277114,0.030246,0.012500,0.017970
gain_x_alpha,4000,50,0.05000,2.500,96,1.2000,2,0.334166,1.7800,5,1,42,1.000000,10.564596,0.018684,0.012500,0.006262
gain_x_alpha,4000,50,0.05000,2.500,96,1.2000,2,0.334166,1.7800,5,2,42,1.000000,7.483020,0.020412,0.012500,0.008012
gain_x_alpha,4000,50,0.05000,2.500,96,1.2000,2,0.334166,1.7800,5,3,42,1.000000,4.187218,0.024851,0.012500,0.012507
gain_x_alpha,4000,50,0.05000,2.500,96,1.2000,2,0.334166,1.7800,5,4,42,0.406250,1.603529,0.036241,0.012500,0.024042
gain_x_alpha,4000,50,0.05000,2.500,96,1.2000,2,0.334166,1.7800,5,5,42,0.062500,1.041272,0.058965,0.012500,0.047053
gain_x_alpha,4000,50,0.05000,2.500,96,1.2000,2,0.334166,1.7800,5,1,43,1.000000,10.220139,0.019763,0.012500,0.007355
gain_x_alpha,4000,50,0.05000,2.500,96,1.2000,2,0.334166,1.7800,5,2,43,1.000000,6.828398,0.022833,0.012500,0.010464
gain_x_alpha,4000,50,0.05000,2.500,96,1.2000,2,0.334166,1.7800,5,3,43,0.750000,2.739448,0.030395,0.012500,0.018121
gain_x_alpha,4000,50,0.05000,2.500,96,1.2000,2,0.334166,1.7800,5,4,43,0.187500,1.152537,0.049167,0.012500,0.037131
gain_x_alpha,4000,50,0.05000,2.500,96,1.2000,2,0.334166,1.7800,5,5,43,0.020833,1.009148,0.080890,0.012500,0.069256
gain_x_alpha,4000,50,0.05000,2.500,96,1.2000,2,0.356466,1.8400,5,1,42,1.000000,10.294792,0.019386,0.012500,0.006973
gain_x_alpha,4000,50,0.05000,2.500,96,1.2000,2,0.356466,1.8400,5,2,42,1.000000,6.208348,0.023846,0.012500,0.011490
gain_x_alpha,4000,50,0.05000,2.500,96,1.2000,2,0.356466,1.8400,5,3,42,0.677083,1.776208,0.037250,0.012500,0.025063
gain_x_alpha,4000,50,0.05000,2.500,96,1.2000,2,0.356466,1.8400,5,4,42,0.104167,1.045147,0.068496,0.012500,0.056704
gain_x_alpha,4000,50,0.05000,2.500,96,1.2000,2,0.356466,1.8400,5,5,42,0.041667,1.007906,0.108281,0.012500,0.096993
gain_x_alpha,4000,50,0.05000,2.500,96,1.2000,2,0.356466,1.8400,5,1,43,1.000000,10.092101,0.020487,0.012500,0.008088
gain_x_alpha,4000,50,0.05000,2.500,96,1.2000,2,0.356466,1.8400,5,2,43,1.000000,6.316514,0.023241,0.012500,0.010877
gain_x_alpha,4000,50,0.05000,2.500,96,1.2000,2,0.356466,1.8400,5,3,43,0.822917,2.100720,0.032776,0.012500,0.020533
gain_x_alpha,4000,50,0.05000,2.500,96,1.2000,2,0.356466,1.8400,5,4,43,0.072917,1.059321,0.057127,0.012500,0.045192
gain_x_alpha,4000,50,0.05000,2.500,96,1.2000,2,0.356466,1.8400,5,5,43,0.010417,1.015362,0.100991,0.012500,0.089611
gain_x_alpha,4000,50,0.05000,2.500,96,1.2000,2,0.378405,1.9000,5,1,42,1.000000,10.310169,0.019785,0.012500,0.007377
gain_x_alpha,4000,50,0.05000,2.500,96,1.2000,2,0.378405,1.9000,5,2,42,1.000000,5.341598,0.026390,0.012500,0.014066
gain_x_alpha,4000,50,0.05000,2.500,96,1.2000,2,0.378405,1.9000,5,3,42,0.458333,1.381467,0.046956,0.012500,0.034892
gain_x_alpha,4000,50,0.05000,2.500,96,1.2000,2,0.378405,1.9000,5,4,42,0.052083,1.024105,0.107561,0.012500,0.096265
gain_x_alpha,4000,50,0.05000,2.500,96,1.2000,2,0.378405,1.9000,5,5,42,0.000000,1.009374,0.187667,0.012500,0.177384
gain_x_alpha,4000,50,0.05000,2.500,96,1.2000,2,0.378405,1.9000,5,1,43,1.000000,10.292832,0.020180,0.012500,0.007777
gain_x_alpha,4000,50,0.05000,2.500,96,1.2000,2,0.378405,1.9000,5,2,43,1.000000,5.402332,0.025649,0.012500,0.013316
gain_x_alpha,4000,50,0.05000,2.500,96,1.2000,2,0.378405,1.9000,5,3,43,0.458333,1.456292,0.040421,0.012500,0.028274
gain_x_alpha,4000,50,0.05000,2.500,96,1.2000,2,0.378405,1.9000,5,4,43,0.062500,1.023477,0.075132,0.012500,0.063424
gain_x_alpha,4000,50,0.05000,2.500,96,1.2000,2,0.378405,1.9000,5,5,43,0.052083,1.008208,0.134189,0.012500,0.123229
gain_x_alpha,4000,50,0.05000,2.500,96,1.2000,2,0.400000,1.9600,5,1,42,1.000000,10.002232,0.021601,0.012500,0.009216
gain_x_alpha,4000,50,0.05000,2.500,96,1.2000,2,0.400000,1.9600,5,2,42,0.968750,3.628499,0.039412,0.012500,0.027253
gain_x_alpha,4000,50,0.05000,2.500,96,1.2000,2,0.400000,1.9600,5,3,42,0.187500,1.100196,0.110088,0.012500,0.098823
gain_x_alpha,4000,50,0.05000,2.500,96,1.2000,2,0.400000,1.9600,5,4,42,0.072917,1.014365,0.204149,0.012500,0.194075
gain_x_alpha,4000,50,0.05000,2.500,96,1.2000,2,0.400000,1.9600,5,5,42,0.062500,1.007444,0.278101,0.012500,0.268963
gain_x_alpha,4000,50,0.05000,2.500,96,1.2000,2,0.400000,1.9600,5,1,43,1.000000,9.886285,0.020882,0.012500,0.008488
gain_x_alpha,4000,50,0.05000,2.500,96,1.2000,2,0.400000,1.9600,5,2,43,1.000000,5.050991,0.029605,0.012500,0.017322
gain_x_alpha,4000,50,0.05000,2.500,96,1.2000,2,0.400000,1.9600,5,3,43,0.270833,1.208706,0.064404,0.012500,0.052561
gain_x_alpha,4000,50,0.05000,2.500,96,1.2000,2,0.400000,1.9600,5,4,43,0.052083,1.016578,0.124412,0.012500,0.113329
gain_x_alpha,4000,50,0.05000,2.500,96,1.2000,2,0.400000,1.9600,5,5,43,0.062500,1.016941,0.185890,0.012500,0.175585
gain_x_alpha,4000,50,0.05000,2.500,96,1.2000,2,0.421267,2.0200,5,1,42,1.000000,9.745399,0.021487,0.012500,0.009101
gain_x_alpha,4000,50,0.05000,2.500,96,1.2000,2,0.421267,2.0200,5,2,42,0.979167,3.312495,0.038785,0.012500,0.026618
gain_x_alpha,4000,50,0.05000,2.500,96,1.2000,2,0.421267,2.0200,5,3,42,0.166667,1.043761,0.103702,0.012500,0.092356
gain_x_alpha,4000,50,0.05000,2.500,96,1.2000,2,0.421267,2.0200,5,4,42,0.052083,1.010048,0.186189,0.012500,0.175887
gain_x_alpha,4000,50,0.05000,2.500,96,1.2000,2,0.421267,2.0200,5,5,42,0.031250,1.008544,0.277759,0.012500,0.268616
gain_x_alpha,4000,50,0.05000,2.500,96,1.2000,2,0.421267,2.0200,5,1,43,1.000000,10.076079,0.021649,0.012500,0.009265
gain_x_alpha,4000,50,0.05000,2.500,96,1.2000,2,0.421267,2.0200,5,2,43,1.000000,3.777574,0.032202,0.012500,0.019951
gain_x_alpha,4000,50,0.05000,2.500,96,1.2000,2,0.421267,2.0200,5,3,43,0.208333,1.098381,0.067776,0.012500,0.055976
gain_x_alpha,4000,50,0.05000,2.500,96,1.2000,2,0.421267,2.0200,5,4,43,0.093750,1.020694,0.150373,0.012500,0.139618
gain_x_alpha,4000,50,0.05000,2.500,96,1.2000,2,0.421267,2.0200,5,5,43,0.020833,1.012051,0.254618,0.012500,0.245183
gain_x_alpha,4000,50,0.05000,2.500,96,1.2000,2,0.449138,2.1000,5,1,42,1.000000,9.322082,0.022000,0.012500,0.009620
gain_x_alpha,4000,50,0.05000,2.500,96,1.2000,2,0.449138,2.1000,5,2,42,1.000000,3.129793,0.037825,0.012500,0.025645
gain_x_alpha,4000,50,0.05000,2.500,96,1.2000,2,0.449138,2.1000,5,3,42,0.197917,1.070378,0.113509,0.012500,0.102287
gain_x_alpha,4000,50,0.05000,2.500,96,1.2000,2,0.449138,2.1000,5,4,42,0.062500,1.016135,0.230623,0.012500,0.220884
gain_x_alpha,4000,50,0.05000,2.500,96,1.2000,2,0.449138,2.1000,5,5,42,0.031250,1.008307,0.331706,0.012500,0.323247
gain_x_alpha,4000,50,0.05000,2.500,96,1.2000,2,0.449138,2.1000,5,1,43,1.000000,9.279890,0.022535,0.012500,0.010162
gain_x_alpha,4000,50,0.05000,2.500,96,1.2000,2,0.449138,2.1000,5,2,43,0.989583,2.806342,0.039811,0.012500,0.027657
gain_x_alpha,4000,50,0.05000,2.500,96,1.2000,2,0.449138,2.1000,5,3,43,0.156250,1.053508,0.103610,0.012500,0.092263
gain_x_alpha,4000,50,0.05000,2.500,96,1.2000,2,0.449138,2.1000,5,4,43,0.052083,1.015778,0.197772,0.012500,0.187617
gain_x_alpha,4000,50,0.05000,2.500,96,1.2000,2,0.449138,2.1000,5,5,43,0.041667,1.010375,0.370763,0.012500,0.362798
gain_x_alpha,4000,50,0.05000,2.500,96,1.2000,2,0.483240,2.2000,5,1,42,1.000000,9.150868,0.023873,0.012500,0.011517
gain_x_alpha,4000,50,0.05000,2.500,96,1.2000,2,0.483240,2.2000,5,2,42,0.937500,2.169942,0.055333,0.012500,0.043376
gain_x_alpha,4000,50,0.05000,2.500,96,1.2000,2,0.483240,2.2000,5,3,42,0.218750,1.052817,0.193447,0.012500,0.183238
gain_x_alpha,4000,50,0.05000,2.500,96,1.2000,2,0.483240,2.2000,5,4,42,0.114583,1.021887,0.362070,0.012500,0.353995
gain_x_alpha,4000,50,0.05000,2.500,96,1.2000,2,0.483240,2.2000,5,5,42,0.052083,1.008433,0.560886,0.012500,0.555328
gain_x_alpha,4000,50,0.05000,2.500,96,1.2000,2,0.483240,2.2000,5,1,43,1.000000,9.180518,0.024412,0.012500,0.012063
gain_x_alpha,4000,50,0.05000,2.500,96,1.2000,2,0.483240,2.2000,5,2,43,0.864583,1.889412,0.058456,0.012500,0.046538
gain_x_alpha,4000,50,0.05000,2.500,96,1.2000,2,0.483240,2.2000,5,3,43,0.229167,1.056862,0.196096,0.012500,0.185920
gain_x_alpha,4000,50,0.05000,2.500,96,1.2000,2,0.483240,2.2000,5,4,43,0.093750,1.016611,0.366465,0.012500,0.358445
gain_x_alpha,4000,50,0.05000,2.500,96,1.2000,2,0.483240,2.2000,5,5,43,0.041667,1.009536,0.497224,0.012500,0.490859
gain_x_alpha,4000,50,0.05000,2.500,96,1.2000,2,0.532971,2.3500,5,1,42,1.000000,8.482230,0.028066,0.012500,0.015763
gain_x_alpha,4000,50,0.05000,2.500,96,1.2000,2,0.532971,2.3500,5,2,42,0.656250,1.359873,0.110820,0.012500,0.099565
gain_x_alpha,4000,50,0.05000,2.500,96,1.2000,2,0.532971,2.3500,5,3,42,0.156250,1.030326,0.342338,0.012500,0.334013
gain_x_alpha,4000,50,0.05000,2.500,96,1.2000,2,0.532971,2.3500,5,4,42,0.041667,1.008136,0.606461,0.012500,0.601479
gain_x_alpha,4000,50,0.05000,2.500,96,1.2000,2,0.532971,2.3500,5,5,42,0.041667,1.001493,0.710732,0.012500,0.707071
gain_x_alpha,4000,50,0.05000,2.500,96,1.2000,2,0.532971,2.3500,5,1,43,1.000000,7.887748,0.029219,0.012500,0.016931
gain_x_alpha,4000,50,0.05000,2.500,96,1.2000,2,0.532971,2.3500,5,2,43,0.510417,1.238469,0.098452,0.012500,0.087040
gain_x_alpha,4000,50,0.05000,2.500,96,1.2000,2,0.532971,2.3500,5,3,43,0.197917,1.039602,0.271425,0.012500,0.262203
gain_x_alpha,4000,50,0.05000,2.500,96,1.2000,2,0.532971,2.3500,5,4,43,0.114583,1.012739,0.434351,0.012500,0.427191
gain_x_alpha,4000,50,0.05000,2.500,96,1.2000,2,0.532971,2.3500,5,5,43,0.062500,1.006738,0.578092,0.012500,0.572751
gain_x_alpha,4000,50,0.05000,2.500,160,2.0000,2,0.039230,1.0800,5,1,42,1.000000,8.245833,0.012063,0.012500,-0.000443
gain_x_alpha,4000,50,0.05000,2.500,160,2.0000,2,0.039230,1.0800,5,2,42,0.956250,3.221563,0.011926,0.012500,-0.000581
gain_x_alpha,4000,50,0.05000,2.500,160,2.0000,2,0.039230,1.0800,5,3,42,0.318750,1.417292,0.012033,0.012500,-0.000473
gain_x_alpha,4000,50,0.05000,2.500,160,2.0000,2,0.039230,1.0800,5,4,42,0.050000,1.175000,0.011858,0.012500,-0.000650
gain_x_alpha,4000,50,0.05000,2.500,160,2.0000,2,0.039230,1.0800,5,5,42,0.006250,1.164062,0.012398,0.012500,-0.000103
gain_x_alpha,4000,50,0.05000,2.500,160,2.0000,2,0.039230,1.0800,5,1,43,1.000000,8.214896,0.012322,0.012500,-0.000180
gain_x_alpha,4000,50,0.05000,2.500,160,2.0000,2,0.039230,1.0800,5,2,43,0.981250,3.415729,0.012162,0.012500,-0.000342
gain_x_alpha,4000,50,0.05000,2.500,160,2.0000,2,0.039230,1.0800,5,3,43,0.412500,1.496667,0.012178,0.012500,-0.000326
gain_x_alpha,4000,50,0.05000,2.500,160,2.0000,2,0.039230,1.0800,5,4,43,0.075000,1.175521,0.012153,0.012500,-0.000352
gain_x_alpha,4000,50,0.05000,2.500,160,2.0000,2,0.039230,1.0800,5,5,43,0.006250,1.154167,0.012052,0.012500,-0.000454
gain_x_alpha,4000,50,0.05000,2.500,160,2.0000,2,0.072381,1.1500,5,1,42,1.000000,8.330938,0.013557,0.012500,0.001070
gain_x_alpha,4000,50,0.05000,2.500,160,2.0000,2,0.072381,1.1500,5,2,42,0.981250,4.019687,0.013568,0.012500,0.001081
gain_x_alpha,4000,50,0.05000,2.500,160,2.0000,2,0.072381,1.1500,5,3,42,0.518750,1.770268,0.013131,0.012500,0.000638
gain_x_alpha,4000,50,0.05000,2.500,160,2.0000,2,0.072381,1.1500,5,4,42,0.125000,1.203646,0.013324,0.012500,0.000834
gain_x_alpha,4000,50,0.05000,2.500,160,2.0000,2,0.072381,1.1500,5,5,42,0.012500,1.192708,0.013214,0.012500,0.000723
gain_x_alpha,4000,50,0.05000,2.500,160,2.0000,2,0.072381,1.1500,5,1,43,1.000000,8.361741,0.013280,0.012500,0.000790
gain_x_alpha,4000,50,0.05000,2.500,160,2.0000,2,0.072381,1.1500,5,2,43,1.000000,4.086979,0.013302,0.012500,0.000812
gain_x_alpha,4000,50,0.05000,2.500,160,2.0000,2,0.072381,1.1500,5,3,43,0.543750,1.731146,0.013498,0.012500,0.001011
gain_x_alpha,4000,50,0.05000,2.500,160,2.0000,2,0.072381,1.1500,5,4,43,0.162500,1.248750,0.013267,0.012500,0.000777
gain_x_alpha,4000,50,0.05000,2.500,160,2.0000,2,0.072381,1.1500,5,5,43,0.031250,1.209063,0.013197,0.012500,0.000705
gain_x_alpha,4000,50,0.05000,2.500,160,2.0000,2,0.104536,1.2200,5,1,42,1.000000,9.031146,0.013970,0.012500,0.001489
gain_x_alpha,4000,50,0.05000,2.500,160,2.0000,2,0.104536,1.2200,5,2,42,1.000000,4.727545,0.014168,0.012500,0.001689
gain_x_alpha,4000,50,0.05000,2.500,160,2.0000,2,0.104536,1.2200,5,3,42,0.750000,2.272039,0.014643,0.012500,0.002170
gain_x_alpha,4000,50,0.05000,2.500,160,2.0000,2,0.104536,1.2200,5,4,42,0.268750,1.402604,0.014201,0.012500,0.001723
gain_x_alpha,4000,50,0.05000,2.500,160,2.0000,2,0.104536,1.2200,5,5,42,0.031250,1.189063,0.014244,0.012500,0.001766
gain_x_alpha,4000,50,0.05000,2.500,160,2.0000,2,0.104536,1.2200,5,1,43,1.000000,9.164568,0.014085,0.012500,0.001605
gain_x_alpha,4000,50,0.05000,2.500,160,2.0000,2,0.104536,1.2200,5,2,43,1.000000,4.876458,0.014258,0.012500,0.001780
gain_x_alpha,4000,50,0.05000,2.500,160,2.0000,2,0.104536,1.2200,5,3,43,0.762500,2.215521,0.013827,0.012500,0.001344
gain_x_alpha,4000,50,0.05000,2.500,160,2.0000,2,0.104536,1.2200,5,4,43,0.225000,1.296458,0.013956,0.012500,0.001474
gain_x_alpha,4000,50,0.05000,2.500,160,2.0000,2,0.104536,1.2200,5,5,43,0.018750,1.176562,0.013925,0.012500,0.001443
gain_x_alpha,4000,50,0.05000,2.500,160,2.0000,2,0.140175,1.3000,5,1,42,1.000000,9.352054,0.014571,0.012500,0.002097
gain_x_alpha,4000,50,0.05000,2.500,160,2.0000,2,0.140175,1.3000,5,2,42,1.000000,5.484405,0.014697,0.012500,0.002224
gain_x_alpha,4000,50,0.05000,2.500,160,2.0000,2,0.140175,1.3000,5,3,42,0.931250,2.822708,0.015099,0.012500,0.002632
gain_x_alpha,4000,50,0.05000,2.500,160,2.0000,2,0.140175,1.3000,5,4,42,0.462500,1.609583,0.014803,0.012500,0.002333
gain_x_alpha,4000,50,0.05000,2.500,160,2.0000,2,0.140175,1.3000,5,5,42,0.125000,1.267500,0.014978,0.012500,0.002509
gain_x_alpha,4000,50,0.05000,2.500,160,2.0000,2,0.140175,1.3000,5,1,43,1.000000,9.529479,0.014569,0.012500,0.002095
gain_x_alpha,4000,50,0.05000,2.500,160,2.0000,2,0.140175,1.3000,5,2,43,1.000000,5.938229,0.014811,0.012500,0.002341
gain_x_alpha,4000,50,0.05000,2.500,160,2.0000,2,0.140175,1.3000,5,3,43,0.937500,2.901354,0.015399,0.012500,0.002936
gain_x_alpha,4000,50,0.05000,2.500,160,2.0000,2,0.140175,1.3000,5,4,43,0.487500,1.584583,0.014956,0.012500,0.002487
gain_x_alpha,4000,50,0.05000,2.500,160,2.0000,2,0.140175,1.3000,5,5,43,0.156250,1.168542,0.015157,0.012500,0.002691
gain_x_alpha,4000,50,0.05000,2.500,160,2.0000,2,0.183216,1.4000,5,1,42,1.000000,9.600134,0.016049,0.012500,0.003594
gain_x_alpha,4000,50,0.05000,2.500,160,2.0000,2,0.183216,1.4000,5,2,42,1.000000,6.464792,0.016057,0.012500,0.003602
gain_x_alpha,4000,50,0.05000,2.500,160,2.0000,2,0.183216,1.4000,5,3,42,0.987500,3.847708,0.016678,0.012500,0.004231
gain_x_alpha,4000,50,0.05000,2.500,160,2.0000,2,0.183216,1.4000,5,4,42,0.762500,2.058765,0.016157,0.012500,0.003704
gain_x_alpha,4000,50,0.05000,2.500,160,2.0000,2,0.183216,1.4000,5,5,42,0.368750,1.399167,0.016470,0.012500,0.004020
gain_x_alpha,4000,50,0.05000,2.500,160,2.0000,2,0.183216,1.4000,5,1,43,1.000000,9.550283,0.016096,0.012500,0.003641
gain_x_alpha,4000,50,0.05000,2.500,160,2.0000,2,0.183216,1.4000,5,2,43,1.000000,6.280570,0.015989,0.012500,0.003533
gain_x_alpha,4000,50,0.05000,2.500,160,2.0000,2,0.183216,1.4000,5,3,43,0.981250,3.788162,0.016874,0.012500,0.004430
gain_x_alpha,4000,50,0.05000,2.500,160,2.0000,2,0.183216,1.4000,5,4,43,0.812500,2.264702,0.016555,0.012500,0.004106
gain_x_alpha,4000,50,0.05000,2.500,160,2.0000,2,0.183216,1.4000,5,5,43,0.393750,1.508854,0.015814,0.012500,0.003356
gain_x_alpha,4000,50,0.05000,2.500,160,2.0000,2,0.224745,1.5000,5,1,42,1.000000,9.691815,0.017126,0.012500,0.004684
gain_x_alpha,4000,50,0.05000,2.500,160,2.0000,2,0.224745,1.5000,5,2,42,1.000000,6.691153,0.018124,0.012500,0.005695
gain_x_alpha,4000,50,0.05000,2.500,160,2.0000,2,0.224745,1.5000,5,3,42,1.000000,3.941461,0.019252,0.012500,0.006837
gain_x_alpha,4000,50,0.05000,2.500,160,2.0000,2,0.224745,1.5000,5,4,42,0.693750,1.843965,0.021553,0.012500,0.009168
gain_x_alpha,4000,50,0.05000,2.500,160,2.0000,2,0.224745,1.5000,5,5,42,0.050000,1.061451,0.030910,0.012500,0.018643
gain_x_alpha,4000,50,0.05000,2.500,160,2.0000,2,0.224745,1.5000,5,1,43,1.000000,9.700625,0.016904,0.012500,0.004460
gain_x_alpha,4000,50,0.05000,2.500,160,2.0000,2,0.224745,1.5000,5,2,43,1.000000,6.671667,0.017948,0.012500,0.005517
gain_x_alpha,4000,50,0.05000,2.500,160,2.0000,2,0.224745,1.5000,5,3,43,1.000000,4.284820,0.018445,0.012500,0.006020
gain_x_alpha,4000,50,0.05000,2.500,160,2.0000,2,0.224745,1.5000,5,4,43,0.912500,2.566436,0.018783,0.012500,0.006363
gain_x_alpha,4000,50,0.05000,2.500,160,2.0000,2,0.224745,1.5000,5,5,43,0.500000,1.529409,0.019135,0.012500,0.006719
