{
  "experiment_name": "agreement_attraction",
  "timestamp": "2026-02-22T02:33:38.673706",
  "parameters": {
    "n": 5000,
    "k": 50,
    "p": 0.05,
    "beta": 0.1,
    "pp_prob": 0.5,
    "recursive_pp_prob": 0.4,
    "n_train_sentences": 50,
    "training_reps": 2,
    "n_seeds": 5
  },
  "metrics": {
    "p600_distance": {
      "no_pp": {
        "mean": 0.11864285014118525,
        "std": 0.10339782189225004,
        "sem": 0.046240911695297406,
        "ci95_lo": 0.028010663218402343,
        "ci95_hi": 0.20927503706396816,
        "min": 0.0,
        "max": 0.2680086387078616,
        "n": 5
      },
      "short_pp": {
        "mean": 0.12986115458923442,
        "std": 0.10056218472450773,
        "sem": 0.044972776201978044,
        "ci95_lo": 0.04171451323335745,
        "ci95_hi": 0.21800779594511138,
        "min": 0.0,
        "max": 0.25642733145507823,
        "n": 5
      },
      "long_pp": {
        "mean": 0.1296198272890836,
        "std": 0.09380651535972058,
        "sem": 0.04195154901534267,
        "ci95_lo": 0.04739479121901198,
        "ci95_hi": 0.21184486335915526,
        "min": 0.01568627450980391,
        "max": 0.24650673041350052,
        "n": 5
      },
      "short_vs_none": {
        "t": 1.498406577450481,
        "p": 0.20839197411740487,
        "d": 0.6701077930224157,
        "significant": "False"
      },
      "long_vs_short": {
        "t": -0.05353192033960415,
        "p": 0.9598750112019132,
        "d": -0.0239402025690917,
        "significant": "False"
      },
      "long_vs_none": {
        "t": 1.2315335013441884,
        "p": 0.28557619272585866,
        "d": 0.5507585251147867,
        "significant": "False"
      }
    },
    "n400_prediction": {
      "no_pp": {
        "mean": 0.16720000000000002,
        "std": 0.030119760955226726,
        "sem": 0.013469966592386192,
        "ci95_lo": 0.1407988654789231,
        "ci95_hi": 0.19360113452107694,
        "min": 0.136,
        "max": 0.21600000000000003,
        "n": 5
      },
      "short_pp": {
        "mean": 0.164,
        "std": 0.0323728281124773,
        "sem": 0.014477568856683089,
        "ci95_lo": 0.13562396504090116,
        "ci95_hi": 0.19237603495909886,
        "min": 0.132,
        "max": 0.21600000000000003,
        "n": 5
      },
      "long_pp": {
        "mean": 0.16640000000000002,
        "std": 0.030013330371686527,
        "sem": 0.01342236938845002,
        "ci95_lo": 0.14009215599863797,
        "ci95_hi": 0.19270784400136207,
        "min": 0.13599999999999998,
        "max": 0.21600000000000003,
        "n": 5
      },
      "short_vs_none": {
        "t": -2.138089935299395,
        "p": 0.09930068321372677,
        "d": -0.956182887467515,
        "significant": "False"
      },
      "long_vs_none": {
        "t": -1.0000000000000084,
        "p": 0.37390096630005526,
        "d": -0.44721359549996176,
        "significant": "False"
      }
    },
    "leakage": {
      "no_pp": {
        "mean": 0.9879999999999999,
        "std": 0.014696938456699157,
        "sem": 0.006572670690062033,
        "ci95_lo": 0.9751175654474783,
        "ci95_hi": 1.0008824345525216,
        "min": 0.9719999999999999,
        "max": 1.0,
        "n": 5
      },
      "short_pp": {
        "mean": 0.9904,
        "std": 0.011523888232710345,
        "sem": 0.005153639490690049,
        "ci95_lo": 0.9802988665982475,
        "ci95_hi": 1.0005011334017524,
        "min": 0.976,
        "max": 1.0,
        "n": 5
      },
      "long_pp": {
        "mean": 0.9896,
        "std": 0.010430723848324252,
        "sem": 0.004664761515876246,
        "ci95_lo": 0.9804570674288826,
        "ci95_hi": 0.9987429325711175,
        "min": 0.976,
        "max": 1.0,
        "n": 5
      }
    },
    "hypotheses": {
      "H1_short_pp_higher_p600": "True",
      "H2_long_pp_higher_p600": "False",
      "H3_long_pp_higher_n400": "False",
      "H4_pp_leakage": "True"
    }
  },
  "raw_data": {},
  "success": true,
  "error_message": null,
  "duration_seconds": 48.41021050000563
}