{
  "experiment_name": "area_self_organization",
  "timestamp": "2026-02-21T21:44:56.068208",
  "parameters": {
    "n": 5000,
    "k": 50,
    "p": 0.05,
    "beta": 0.1,
    "w_max": 20.0,
    "n_core_areas": 8,
    "rounds_per_word": 10,
    "training_reps": 5,
    "n_seeds": 5
  },
  "metrics": {
    "condition_A_features_only": {
      "purity": {
        "mean": 0.4487804878048781,
        "std": 0.05343634707367475,
        "sem": 0.02389746090520174,
        "ci95_lo": 0.4019414644306827,
        "ci95_hi": 0.49561951117907355,
        "min": 0.36585365853658536,
        "max": 0.5121951219512195,
        "n": 5
      },
      "purity_vs_chance": {
        "t": 2.415809258819909,
        "p": 0.07309366857830953,
        "d": 1.08038274467894,
        "significant": "False"
      },
      "completeness": {
        "mean": 0.48292682926829267,
        "std": 0.0631325810026575,
        "sem": 0.0282337485433908,
        "ci95_lo": 0.4275886821232467,
        "ci95_hi": 0.5382649764133386,
        "min": 0.3902439024390244,
        "max": 0.5609756097560976,
        "n": 5
      },
      "n_active_areas": {
        "mean": 7.2,
        "std": 1.3038404810405297,
        "sem": 0.58309518948453,
        "ci95_lo": 6.057133428610321,
        "ci95_hi": 8.34286657138968,
        "min": 5.0,
        "max": 8.0,
        "n": 5
      },
      "within_category_overlap": {
        "mean": 0.8599692053957823,
        "std": 0.03989503583814854,
        "sem": 0.017841602419778085,
        "ci95_lo": 0.8249996646530172,
        "ci95_hi": 0.8949387461385473,
        "min": 0.8124137931034485,
        "max": 0.9099999999999999,
        "n": 5
      },
      "across_category_overlap": {
        "mean": 0.26009707340215193,
        "std": 0.050463119988026814,
        "sem": 0.022567793329991266,
        "ci95_lo": 0.21586419847536906,
        "ci95_hi": 0.3043299483289348,
        "min": 0.2112079701120797,
        "max": 0.33715736040609146,
        "n": 5
      },
      "example_contingency": {
        "categories": [
          "motor",
          "none",
          "properties",
          "social",
          "spatial",
          "temporal",
          "visual"
        ],
        "rows": [
          {
            "area": "CORE_0",
            "motor": 3,
            "none": 2,
            "properties": 3,
            "social": 2,
            "spatial": 0,
            "temporal": 2,
            "visual": 5,
            "total": 17
          },
          {
            "area": "CORE_1",
            "motor": 0,
            "none": 0,
            "properties": 0,
            "social": 0,
            "spatial": 0,
            "temporal": 0,
            "visual": 0,
            "total": 0
          },
          {
            "area": "CORE_2",
            "motor": 1,
            "none": 1,
            "properties": 0,
            "social": 0,
            "spatial": 1,
            "temporal": 0,
            "visual": 0,
            "total": 3
          },
          {
            "area": "CORE_3",
            "motor": 0,
            "none": 0,
            "properties": 0,
            "social": 0,
            "spatial": 0,
            "temporal": 0,
            "visual": 0,
            "total": 0
          },
          {
            "area": "CORE_4",
            "motor": 0,
            "none": 0,
            "properties": 0,
            "social": 0,
            "spatial": 0,
            "temporal": 0,
            "visual": 0,
            "total": 0
          },
          {
            "area": "CORE_5",
            "motor": 0,
            "none": 1,
            "properties": 0,
            "social": 2,
            "spatial": 4,
            "temporal": 0,
            "visual": 2,
            "total": 9
          },
          {
            "area": "CORE_6",
            "motor": 2,
            "none": 1,
            "properties": 1,
            "social": 0,
            "spatial": 0,
            "temporal": 0,
            "visual": 3,
            "total": 7
          },
          {
            "area": "CORE_7",
            "motor": 2,
            "none": 1,
            "properties": 1,
            "social": 0,
            "spatial": 0,
            "temporal": 1,
            "visual": 0,
            "total": 5
          }
        ]
      }
    },
    "condition_B_with_modality": {
      "purity": {
        "mean": 0.7707317073170733,
        "std": 0.06360197468490389,
        "sem": 0.028443667779733173,
        "ci95_lo": 0.7149821184687963,
        "ci95_hi": 0.8264812961653503,
        "min": 0.6585365853658537,
        "max": 0.8048780487804879,
        "n": 5
      },
      "purity_vs_chance": {
        "t": 13.348592374567176,
        "p": 0.00018210958004903247,
        "d": 5.9696719906935085,
        "significant": "True"
      },
      "completeness": {
        "mean": 0.9658536585365853,
        "std": 0.013359086768418698,
        "sem": 0.005974365226300439,
        "ci95_lo": 0.9541439026930365,
        "ci95_hi": 0.9775634143801342,
        "min": 0.9512195121951219,
        "max": 0.975609756097561,
        "n": 5
      },
      "n_active_areas": {
        "mean": 5.8,
        "std": 1.0954451150103321,
        "sem": 0.48989794855663554,
        "ci95_lo": 4.839800020828994,
        "ci95_hi": 6.760199979171006,
        "min": 4.0,
        "max": 7.0,
        "n": 5
      },
      "within_category_overlap": {
        "mean": 0.9716535671744644,
        "std": 0.021647132166284583,
        "sem": 0.009680891808346921,
        "ci95_lo": 0.9526790192301045,
        "ci95_hi": 0.9906281151188243,
        "min": 0.9394690265486727,
        "max": 0.9954455445544557,
        "n": 5
      },
      "across_category_overlap": {
        "mean": 0.19376755783173183,
        "std": 0.048251729383886006,
        "sem": 0.02157882938685863,
        "ci95_lo": 0.15147305223348892,
        "ci95_hi": 0.23606206342997474,
        "min": 0.15411598302687413,
        "max": 0.27301272984441305,
        "n": 5
      },
      "example_contingency": {
        "categories": [
          "motor",
          "none",
          "properties",
          "social",
          "spatial",
          "temporal",
          "visual"
        ],
        "rows": [
          {
            "area": "CORE_0",
            "motor": 0,
            "none": 0,
            "properties": 0,
            "social": 0,
            "spatial": 5,
            "temporal": 0,
            "visual": 0,
            "total": 5
          },
          {
            "area": "CORE_1",
            "motor": 0,
            "none": 0,
            "properties": 0,
            "social": 4,
            "spatial": 0,
            "temporal": 0,
            "visual": 2,
            "total": 6
          },
          {
            "area": "CORE_2",
            "motor": 8,
            "none": 0,
            "properties": 0,
            "social": 0,
            "spatial": 0,
            "temporal": 0,
            "visual": 0,
            "total": 8
          },
          {
            "area": "CORE_3",
            "motor": 0,
            "none": 0,
            "properties": 0,
            "social": 0,
            "spatial": 0,
            "temporal": 0,
            "visual": 0,
            "total": 0
          },
          {
            "area": "CORE_4",
            "motor": 0,
            "none": 0,
            "properties": 0,
            "social": 0,
            "spatial": 0,
            "temporal": 3,
            "visual": 0,
            "total": 3
          },
          {
            "area": "CORE_5",
            "motor": 0,
            "none": 0,
            "properties": 0,
            "social": 0,
            "spatial": 0,
            "temporal": 0,
            "visual": 0,
            "total": 0
          },
          {
            "area": "CORE_6",
            "motor": 0,
            "none": 0,
            "properties": 5,
            "social": 0,
            "spatial": 0,
            "temporal": 0,
            "visual": 0,