{
  "experiment_name": "association",
  "timestamp": "2026-02-06T14:22:12.036525",
  "parameters": {
    "n_seeds": 2,
    "base_n": 1000,
    "base_k": 100,
    "base_p": 0.05,
    "base_beta": 0.1,
    "base_wmax": 20.0,
    "establish_rounds": 30,
    "test_rounds": 20
  },
  "metrics": {
    "basic_association": {
      "recovery": {
        "mean": 1.0,
        "std": 0.0,
        "sem": 0.0,
        "ci95_lo": 1.0,
        "ci95_hi": 1.0,
        "min": 1.0,
        "max": 1.0,
        "n": 2
      },
      "test_vs_null": {
        "t": Infinity,
        "p": 0.0,
        "d": Infinity,
        "significant": true
      }
    },
    "recovery_vs_training": [
      {
        "assoc_rounds": 1,
        "recovery": {
          "mean": 0.14500000000000002,
          "std": 0.007071067811865462,
          "sem": 0.0049999999999999906,
          "ci95_lo": 0.13520000000000004,
          "ci95_hi": 0.1548,
          "min": 0.14,
          "max": 0.15,
          "n": 2
        },
        "test_vs_null": {
          "t": 9.00000000000002,
          "p": 0.07044657495455438,
          "d": 6.363961030678941,
          "significant": "False"
        }
      },
      {
        "assoc_rounds": 5,
        "recovery": {
          "mean": 0.39,
          "std": 0.05656854249492382,
          "sem": 0.04000000000000001,
          "ci95_lo": 0.3116,
          "ci95_hi": 0.46840000000000004,
          "min": 0.35,
          "max": 0.43,
          "n": 2
        },
        "test_vs_null": {
          "t": 7.249999999999999,
          "p": 0.08725903668864686,
          "d": 5.126524163602469,
          "significant": "False"
        }
      },
      {
        "assoc_rounds": 10,
        "recovery": {
          "mean": 0.765,
          "std": 0.021213203435596444,
          "sem": 0.015000000000000012,
          "ci95_lo": 0.7356,
          "ci95_hi": 0.7944,
          "min": 0.75,
          "max": 0.78,
          "n": 2
        },
        "test_vs_null": {
          "t": 44.33333333333329,
          "p": 0.014357409847221477,
          "d": 31.348400632603582,
          "significant": "True"
        }
      },
      {
        "assoc_rounds": 20,
        "recovery": {
          "mean": 0.955,
          "std": 0.007071067811865481,
          "sem": 0.0050000000000000044,
          "ci95_lo": 0.9451999999999999,
          "ci95_hi": 0.9648,
          "min": 0.95,
          "max": 0.96,
          "n": 2
        },
        "test_vs_null": {
          "t": 170.99999999999986,
          "p": 0.003722880206768046,
          "d": 120.91525958289952,
          "significant": "True"
        }
      },
      {
        "assoc_rounds": 30,
        "recovery": {
          "mean": 0.99,
          "std": 0.014142135623730963,
          "sem": 0.010000000000000009,
          "ci95_lo": 0.9703999999999999,
          "ci95_hi": 1.0096,
          "min": 0.98,
          "max": 1.0,
          "n": 2
        },
        "test_vs_null": {
          "t": 88.99999999999993,
          "p": 0.007152730157504237,
          "d": 62.93250352560268,
          "significant": "True"
        }
      },
      {
        "assoc_rounds": 50,
        "recovery": {
          "mean": 0.995,
          "std": 0.007071067811865481,
          "sem": 0.0050000000000000044,
          "ci95_lo": 0.9852,
          "ci95_hi": 1.0048,
          "min": 0.99,
          "max": 1.0,
          "n": 2
        },
        "test_vs_null": {
          "t": 178.99999999999986,
          "p": 0.0035564980420185435,
          "d": 126.57211383239189,
          "significant": "True"
        }
      }
    ],
    "directionality": {
      "bidirectional": {
        "recovery": {
          "mean": 1.0,
          "std": 0.0,
          "sem": 0.0,
          "ci95_lo": 1.0,
          "ci95_hi": 1.0,
          "min": 1.0,
          "max": 1.0,
          "n": 2
        },
        "test_vs_null": {
          "t": Infinity,
          "p": 0.0,
          "d": Infinity,
          "significant": true
        }
      },
      "unidirectional": {
        "recovery": {
          "mean": 0.995,
          "std": 0.007071067811865481,
          "sem": 0.0050000000000000044,
          "ci95_lo": 0.9852,
          "ci95_hi": 1.0048,
          "min": 0.99,
          "max": 1.0,
          "n": 2
        },
        "test_vs_null": {
          "t": 178.99999999999986,
          "p": 0.0035564980420185435,
          "d": 126.57211383239189,
          "significant": "True"
        }
      },
      "paired_test": {
        "t": 1.0,
        "p": 0.49999999999999956,
        "d": 0.7071067811865476,
        "significant": "False"
      }
    },
    "identity_preservation": {
      "stimulus_recovery_A": {
        "stats": {
          "mean": 1.0,
          "std": 0.0,
          "sem": 0.0,
          "ci95_lo": 1.0,
          "ci95_hi": 1.0,
          "min": 1.0,
          "max": 1.0,
          "n": 2
        },
        "test_vs_null": {
          "t": Infinity,
          "p": 0.0,
          "d": Infinity,
          "significant": true
        }
      },
      "stimulus_recovery_B": {
        "stats": {
          "mean": 0.995,
          "std": 0.007071067811865481,
          "sem": 0.0050000000000000044,
          "ci95_lo": 0.9852,
          "ci95_hi": 1.0048,
          "min": 0.99,
          "max": 1.0,
          "n": 2
        },
        "test_vs_null": {
          "t": 178.99999999999986,
          "p": 0.0035564980420185435,
          "d": 126.57211383239189,
          "significant": "True"
        }
      }
    },
    "recovery_vs_size": [
      {
        "n": 200,
        "k": 14,
        "recovery": {
          "mean": 0.42857142857142855,
          "std": 0.0,
          "sem": 0.0,
          "ci95_lo": 0.42857142857142855,
          "ci95_hi": 0.42857142857142855,
          "min": 0.42857142857142855,
          "max": 0.42857142857142855,
          "n": 2
        },
        "test_vs_null": {
          "t": Infinity,
          "p": 0.0,
          "d": Infinity,
          "significant": true
        }
      },
      {
        "n": 500,
        "k": 22,
        "recovery": {
          "mean": 0.4318181818181818,
          "std": 0.03214121732666122,
          "sem": 0.022727272727272704,
          "ci95_lo": 0.3872727272727273,
          "ci95_hi": 0.4763636363636363,
          "min": 0.4090909090909091,
          "max": 0.45454545454545453,
          "n": 2
        },
        "test_vs_null": {
          "t": 17.064000000000018,
          "p": 0.037265148216602796,
          "d": 12.06607011416726,
          "significant": "True"
        }
      },
      {
        "n": 1000,
        "k": 31,
        "recovery": {
          "mean": 0.8548387096774193,
          "std": 0.06842968850192398,
          "sem": 0.04838709677419356,
          "ci95_lo": 0.7599999999999999,
          "ci95_hi": 0.9496774193548386,
          "min": 0.8064516129032258,
          "max": 0.9032258064516129,
          "n": 2
        },
        "test_vs_null": {
          "t": 17.025999999999993,
          "p": 0.03734812908695168,
          "d": 12.039200056482152,
          "significant": "True"
        }
      },
      {
        "n": 2000,
        "k": 44,
        "recovery": {
          "mean": 0.9431818181818181,
          "std": 0.048211825989991915,
          "sem": 0.034090909090909116,
          "ci95_lo": 0.8763636363636362,
          "ci95_hi": 1.01,
          "min": 0.9090909090909091,
          "max": 0.9772727272727273,
          "n": 2
        },
        "test_vs_null": {
          "t": 27.02133333333331,
          "p": 0.023549147995322126,
          "d": 19.106968036702078,
          "significant": "True"
        }
      }
    ]
  },
  "raw_data": {},
  "success": true,
  "error_message": null,
  "duration_seconds": 48.96841000003042
}