{
  "experiment_name": "association",
  "timestamp": "2026-02-06T14:28:33.526818",
  "parameters": {
    "n_seeds": 2,
    "base_n": 1000,
    "base_k": 100,
    "base_p": 0.05,
    "base_beta": 0.1,
    "base_wmax": 20.0,
    "establish_rounds": 30,
    "test_rounds": 20
  },
  "metrics": {
    "basic_association": {
      "recovery": {
        "mean": 1.0,
        "std": 0.0,
        "sem": 0.0,
        "ci95_lo": 1.0,
        "ci95_hi": 1.0,
        "min": 1.0,
        "max": 1.0,
        "n": 2
      },
      "test_vs_null": {
        "t": Infinity,
        "p": 0.0,
        "d": Infinity,
        "significant": true
      }
    },
    "recovery_vs_training": [
      {
        "assoc_rounds": 1,
        "recovery": {
          "mean": 0.135,
          "std": 0.007071067811865481,
          "sem": 0.0050000000000000044,
          "ci95_lo": 0.1252,
          "ci95_hi": 0.1448,
          "min": 0.13,
          "max": 0.14,
          "n": 2
        },
        "test_vs_null": {
          "t": 6.999999999999995,
          "p": 0.09033447060173316,
          "d": 4.949747468305829,
          "significant": "False"
        }
      },
      {
        "assoc_rounds": 5,
        "recovery": {
          "mean": 0.48,
          "std": 0.014142135623730963,
          "sem": 0.010000000000000009,
          "ci95_lo": 0.4604,
          "ci95_hi": 0.4996,
          "min": 0.47,
          "max": 0.49,
          "n": 2
        },
        "test_vs_null": {
          "t": 37.999999999999964,
          "p": 0.016749286208610766,
          "d": 26.87005768508878,
          "significant": "True"
        }
      },
      {
        "assoc_rounds": 10,
        "recovery": {
          "mean": 0.77,
          "std": 0.05656854249492385,
          "sem": 0.040000000000000036,
          "ci95_lo": 0.6916,
          "ci95_hi": 0.8484,
          "min": 0.73,
          "max": 0.81,
          "n": 2
        },
        "test_vs_null": {
          "t": 16.749999999999986,
          "p": 0.03796209101968162,
          "d": 11.844038584874662,
          "significant": "True"
        }
      },
      {
        "assoc_rounds": 20,
        "recovery": {
          "mean": 0.97,
          "std": 0.014142135623730963,
          "sem": 0.010000000000000009,
          "ci95_lo": 0.9503999999999999,
          "ci95_hi": 0.9896,
          "min": 0.96,
          "max": 0.98,
          "n": 2
        },
        "test_vs_null": {
          "t": 86.99999999999993,
          "p": 0.007317146417373372,
          "d": 61.51828996322958,
          "significant": "True"
        }
      },
      {
        "assoc_rounds": 30,
        "recovery": {
          "mean": 0.995,
          "std": 0.007071067811865481,
          "sem": 0.0050000000000000044,
          "ci95_lo": 0.9852,
          "ci95_hi": 1.0048,
          "min": 0.99,
          "max": 1.0,
          "n": 2
        },
        "test_vs_null": {
          "t": 178.99999999999986,
          "p": 0.0035564980420185435,
          "d": 126.57211383239189,
          "significant": "True"
        }
      },
      {
        "assoc_rounds": 50,
        "recovery": {
          "mean": 0.995,
          "std": 0.007071067811865481,
          "sem": 0.0050000000000000044,
          "ci95_lo": 0.9852,
          "ci95_hi": 1.0048,
          "min": 0.99,
          "max": 1.0,
          "n": 2
        },
        "test_vs_null": {
          "t": 178.99999999999986,
          "p": 0.0035564980420185435,
          "d": 126.57211383239189,
          "significant": "True"
        }
      }
    ],
    "directionality": {
      "bidirectional": {
        "recovery": {
          "mean": 0.995,
          "std": 0.007071067811865481,
          "sem": 0.0050000000000000044,
          "ci95_lo": 0.9852,
          "ci95_hi": 1.0048,
          "min": 0.99,
          "max": 1.0,
          "n": 2
        },
        "test_vs_null": {
          "t": 178.99999999999986,
          "p": 0.0035564980420185435,
          "d": 126.57211383239189,
          "significant": "True"
        }
      },
      "unidirectional": {
        "recovery": {
          "mean": 0.99,
          "std": 0.0,
          "sem": 0.0,
          "ci95_lo": 0.99,
          "ci95_hi": 0.99,
          "min": 0.99,
          "max": 0.99,
          "n": 2
        },
        "test_vs_null": {
          "t": Infinity,
          "p": 0.0,
          "d": Infinity,
          "significant": true
        }
      },
      "paired_test": {
        "t": 1.0,
        "p": 0.49999999999999956,
        "d": 0.7071067811865476,
        "significant": "False"
      }
    },
    "identity_preservation": {
      "stimulus_recovery_A": {
        "stats": {
          "mean": 1.0,
          "std": 0.0,
          "sem": 0.0,
          "ci95_lo": 1.0,
          "ci95_hi": 1.0,
          "min": 1.0,
          "max": 1.0,
          "n": 2
        },
        "test_vs_null": {
          "t": Infinity,
          "p": 0.0,
          "d": Infinity,
          "significant": true
        }
      },
      "stimulus_recovery_B": {
        "stats": {
          "mean": 1.0,
          "std": 0.0,
          "sem": 0.0,
          "ci95_lo": 1.0,
          "ci95_hi": 1.0,
          "min": 1.0,
          "max": 1.0,
          "n": 2
        },
        "test_vs_null": {
          "t": Infinity,
          "p": 0.0,
          "d": Infinity,
          "significant": true
        }
      }
    },
    "recovery_vs_size": [
      {
        "n": 200,
        "k": 14,
        "recovery": {
          "mean": 0.5714285714285714,
          "std": 0.10101525445522111,
          "sem": 0.07142857142857145,
          "ci95_lo": 0.4314285714285714,
          "ci95_hi": 0.7114285714285714,
          "min": 0.5,
          "max": 0.6428571428571429,
          "n": 2
        },
        "test_vs_null": {
          "t": 7.019999999999996,
          "p": 0.09008053372953374,
          "d": 4.963889603929561,
          "significant": "False"
        }
      },
      {
        "n": 500,
        "k": 22,
        "recovery": {
          "mean": 0.6363636363636364,
          "std": 0.12856486930664504,
          "sem": 0.09090909090909093,
          "ci95_lo": 0.45818181818181813,
          "ci95_hi": 0.8145454545454546,
          "min": 0.5454545454545454,
          "max": 0.7272727272727273,
          "n": 2
        },
        "test_vs_null": {
          "t": 6.515999999999997,
          "p": 0.09694463314937733,
          "d": 4.607507786211542,
          "significant": "False"
        }
      },
      {
        "n": 1000,
        "k": 31,
        "recovery": {
          "mean": 0.8387096774193548,
          "std": 0.04561979233461601,
          "sem": 0.03225806451612906,
          "ci95_lo": 0.7754838709677419,
          "ci95_hi": 0.9019354838709677,
          "min": 0.8064516129032258,
          "max": 0.8709677419354839,
          "n": 2
        },
        "test_vs_null": {
          "t": 25.038999999999977,
          "p": 0.025411622758043075,
          "d": 17.705246694129947,
          "significant": "True"
        }
      },
      {
        "n": 2000,
        "k": 44,
        "recovery": {
          "mean": 0.8636363636363636,
          "std": 0.03214121732666122,
          "sem": 0.022727272727272704,
          "ci95_lo": 0.8190909090909091,
          "ci95_hi": 0.9081818181818182,
          "min": 0.8409090909090909,
          "max": 0.8863636363636364,
          "n": 2
        },
        "test_vs_null": {
          "t": 37.03200000000003,
          "p": 0.017186895099995637,
          "d": 26.185578320900255,
          "significant": "True"
        }
      }
    ]
  },
  "raw_data": {},
  "success": true,
  "error_message": null,
  "duration_seconds": 24.5688983
}