{
  "experiment_name": "association",
  "timestamp": "2026-02-06T13:03:37.101102",
  "parameters": {
    "n_seeds": 10,
    "base_n": 1000,
    "base_k": 100,
    "base_p": 0.05,
    "base_beta": 0.1,
    "base_wmax": 20.0,
    "establish_rounds": 30,
    "test_rounds": 20
  },
  "metrics": {
    "basic_association": {
      "recovery": {
        "mean": 0.8559999999999999,
        "std": 0.03687817782917156,
        "sem": 0.011661903789690604,
        "ci95_lo": 0.8331426685722063,
        "ci95_hi": 0.8788573314277934,
        "min": 0.79,
        "max": 0.91,
        "n": 10
      },
      "test_vs_null": {
        "t": 64.82646518386831,
        "p": 2.496312102521643e-13,
        "d": 20.499928263862998,
        "significant": "True"
      }
    },
    "recovery_vs_training": [
      {
        "assoc_rounds": 1,
        "recovery": {
          "mean": 0.875,
          "std": 0.03027650354097494,
          "sem": 0.009574271077563389,
          "ci95_lo": 0.8562344286879757,
          "ci95_hi": 0.8937655713120243,
          "min": 0.83,
          "max": 0.93,
          "n": 10
        },
        "test_vs_null": {
          "t": 80.94611001939941,
          "p": 3.393659545308299e-14,
          "d": 25.597407539187863,
          "significant": "True"
        }
      },
      {
        "assoc_rounds": 5,
        "recovery": {
          "mean": 0.8619999999999999,
          "std": 0.03155242550986465,
          "sem": 0.009977753031397188,
          "ci95_lo": 0.8424436040584614,
          "ci95_hi": 0.8815563959415383,
          "min": 0.82,
          "max": 0.9,
          "n": 10
        },
        "test_vs_null": {
          "t": 76.36989987647519,
          "p": 5.725736209025424e-14,
          "d": 24.150282828867333,
          "significant": "True"
        }
      },
      {
        "assoc_rounds": 10,
        "recovery": {
          "mean": 0.8779999999999999,
          "std": 0.03521363372331802,
          "sem": 0.011135528725660043,
          "ci95_lo": 0.8561743636977062,
          "ci95_hi": 0.8998256363022936,
          "min": 0.79,
          "max": 0.92,
          "n": 10
        },
        "test_vs_null": {
          "t": 69.86646248841542,
          "p": 1.274028894454283e-13,
          "d": 22.09371535221082,
          "significant": "True"
        }
      },
      {
        "assoc_rounds": 20,
        "recovery": {
          "mean": 0.8850000000000001,
          "std": 0.03308238873546534,
          "sem": 0.010461569884316808,
          "ci95_lo": 0.8644953230267391,
          "ci95_hi": 0.9055046769732611,
          "min": 0.8,
          "max": 0.92,
          "n": 10
        },
        "test_vs_null": {
          "t": 75.03653932253633,
          "p": 6.707767700481984e-14,
          "d": 23.728637199600282,
          "significant": "True"
        }
      },
      {
        "assoc_rounds": 30,
        "recovery": {
          "mean": 0.8779999999999999,
          "std": 0.02043961295567454,
          "sem": 0.006463573143221777,
          "ci95_lo": 0.8653313966392852,
          "ci95_hi": 0.8906686033607146,
          "min": 0.85,
          "max": 0.92,
          "n": 10
        },
        "test_vs_null": {
          "t": 120.36685943840106,
          "p": 9.57646338126641e-16,
          "d": 38.06334306266832,
          "significant": "True"
        }
      },
      {
        "assoc_rounds": 50,
        "recovery": {
          "mean": 0.868,
          "std": 0.028596814119369648,
          "sem": 0.009043106644167031,
          "ci95_lo": 0.8502755109774326,
          "ci95_hi": 0.8857244890225674,
          "min": 0.82,
          "max": 0.9,
          "n": 10
        },
        "test_vs_null": {
          "t": 84.92656674522067,
          "p": 2.2042615105272067e-14,
          "d": 26.856138477321014,
          "significant": "True"
        }
      }
    ],
    "directionality": {
      "bidirectional": {
        "recovery": {
          "mean": 0.8640000000000001,
          "std": 0.027968235951204037,
          "sem": 0.008844332774281064,
          "ci95_lo": 0.8466651077624092,
          "ci95_hi": 0.881334892237591,
          "min": 0.8,
          "max": 0.9,
          "n": 10
        },
        "test_vs_null": {
          "t": 86.38300022152929,
          "p": 1.8917977703534615e-14,
          "d": 27.31670318188623,
          "significant": "True"
        }
      },
      "unidirectional": {
        "recovery": {
          "mean": 0.8790000000000001,
          "std": 0.027668674625929538,
          "sem": 0.008749603165604466,
          "ci95_lo": 0.8618507777954154,
          "ci95_hi": 0.8961492222045848,
          "min": 0.84,
          "max": 0.92,
          "n": 10
        },
        "test_vs_null": {
          "t": 89.03260928019276,
          "p": 1.4418259876210903e-14,
          "d": 28.154583135325346,
          "significant": "True"
        }
      },
      "paired_test": {
        "t": -2.0024737177049317,
        "p": 0.07624809009763267,
        "d": -0.6332377902572627,
        "significant": "False"
      }
    },
    "identity_preservation": {
      "stimulus_recovery_A": {
        "stats": {
          "mean": 0.999,
          "std": 0.003162277660168382,
          "sem": 0.0010000000000000009,
          "ci95_lo": 0.99704,
          "ci95_hi": 1.00096,
          "min": 0.99,
          "max": 1.0,
          "n": 10
        },
        "test_vs_null": {
          "t": 898.9999999999992,
          "p": 1.327436702098288e-23,
          "d": 284.2887616491371,
          "significant": "True"
        }
      },
      "stimulus_recovery_B": {
        "stats": {
          "mean": 0.998,
          "std": 0.004216370213557844,
          "sem": 0.0013333333333333348,
          "ci95_lo": 0.9953866666666666,
          "ci95_hi": 1.0006133333333334,
          "min": 0.99,
          "max": 1.0,
          "n": 10
        },
        "test_vs_null": {
          "t": 673.4999999999994,
          "p": 1.7856534620095305e-22,
          "d": 212.9794004123401,
          "significant": "True"
        }
      }
    },
    "recovery_vs_size": [
      {
        "n": 200,
        "k": 14,
        "recovery": {
          "mean": 0.85,
          "std": 0.08551564283841892,
          "sem": 0.027042420694287018,
          "ci95_lo": 0.7969968554391974,
          "ci95_hi": 0.9030031445608026,
          "min": 0.7142857142857143,
          "max": 0.9285714285714286,
          "n": 10
        },
        "test_vs_null": {
          "t": 28.84357169122743,
          "p": 3.5262368357893834e-10,
          "d": 9.12113823986336,
          "significant": "True"
        }
      },
      {
        "n": 500,
        "k": 22,
        "recovery": {
          "mean": 0.8999999999999998,
          "std": 0.051604201108867875,
          "sem": 0.016318681233740917,
          "ci95_lo": 0.8680153847818676,
          "ci95_hi": 0.931984615218132,
          "min": 0.8181818181818182,
          "max": 1.0,
          "n": 10
        },
        "test_vs_null": {
          "t": 52.455219128253596,
          "p": 1.670977437688512e-12,
          "d": 16.58779676085134,
          "significant": "True"
        }
      },
      {
        "n": 1000,
        "k": 31,
        "recovery": {
          "mean": 0.9225806451612903,
          "std": 0.037864122283137645,
          "sem": 0.01197368680178499,
          "ci95_lo": 0.8991122190297918,
          "ci95_hi": 0.9460490712927889,
          "min": 0.8387096774193549,
          "max": 0.967741935483871,
          "n": 10
        },
        "test_vs_null": {
          "t": 74.46166414077048,
          "p": 7.187776889327773e-14,
          "d": 23.546845705131943,
          "significant": "True"
        }
      },
      {
        "n": 2000,
        "k": 44,
        "recovery": {
          "mean": 0.95,
          "std": 0.036802902428760983,
          "sem": 0.011638099617982744,
          "ci95_lo": 0.9271893247487538,
          "ci95_hi": 0.9728106752512461,
          "min": 0.8863636363636364,