{
  "experiment_name": "association",
  "timestamp": "2026-02-06T13:57:11.111499",
  "parameters": {
    "n_seeds": 10,
    "base_n": 1000,
    "base_k": 100,
    "base_p": 0.05,
    "base_beta": 0.1,
    "base_wmax": 20.0,
    "establish_rounds": 30,
    "test_rounds": 20
  },
  "metrics": {
    "basic_association": {
      "recovery": {
        "mean": 0.1,
        "std": 0.024944382578492946,
        "sem": 0.007888106377466154,
        "ci95_lo": 0.08453931150016634,
        "ci95_hi": 0.11546068849983367,
        "min": 0.06,
        "max": 0.14,
        "n": 10
      },
      "test_vs_null": {
        "t": 0.0,
        "p": 1.0,
        "d": 0.0,
        "significant": "False"
      }
    },
    "recovery_vs_training": [
      {
        "assoc_rounds": 1,
        "recovery": {
          "mean": 0.094,
          "std": 0.029514591494904874,
          "sem": 0.009333333333333332,
          "ci95_lo": 0.07570666666666667,
          "ci95_hi": 0.11229333333333333,
          "min": 0.05,
          "max": 0.14,
          "n": 10
        },
        "test_vs_null": {
          "t": -0.6428571428571433,
          "p": 0.5363488120108192,
          "d": -0.2032892781536817,
          "significant": "False"
        }
      },
      {
        "assoc_rounds": 5,
        "recovery": {
          "mean": 0.094,
          "std": 0.027162065049951153,
          "sem": 0.008589399151150085,
          "ci95_lo": 0.07716477766374583,
          "ci95_hi": 0.11083522233625417,
          "min": 0.05,
          "max": 0.14,
          "n": 10
        },
        "test_vs_null": {
          "t": -0.6985354731357001,
          "p": 0.5024914360312469,
          "d": -0.22089631215321737,
          "significant": "False"
        }
      },
      {
        "assoc_rounds": 10,
        "recovery": {
          "mean": 0.096,
          "std": 0.026331223544175338,
          "sem": 0.008326663997864532,
          "ci95_lo": 0.07967973856418552,
          "ci95_hi": 0.11232026143581449,
          "min": 0.07,
          "max": 0.14,
          "n": 10
        },
        "test_vs_null": {
          "t": -0.48038446141526175,
          "p": 0.642415137720789,
          "d": -0.1519109050625501,
          "significant": "False"
        }
      },
      {
        "assoc_rounds": 20,
        "recovery": {
          "mean": 0.096,
          "std": 0.023664319132398467,
          "sem": 0.007483314773547883,
          "ci95_lo": 0.08133270304384616,
          "ci95_hi": 0.11066729695615385,
          "min": 0.06,
          "max": 0.13,
          "n": 10
        },
        "test_vs_null": {
          "t": -0.5345224838248492,
          "p": 0.6059307686316773,
          "d": -0.16903085094570344,
          "significant": "False"
        }
      },
      {
        "assoc_rounds": 30,
        "recovery": {
          "mean": 0.097,
          "std": 0.04001388647846034,
          "sem": 0.01265350193073487,
          "ci95_lo": 0.07219913621575966,
          "ci95_hi": 0.12180086378424035,
          "min": 0.03,
          "max": 0.14,
          "n": 10
        },
        "test_vs_null": {
          "t": -0.2370885163982247,
          "p": 0.8178967558698775,
          "d": -0.07497397188885704,
          "significant": "False"
        }
      },
      {
        "assoc_rounds": 50,
        "recovery": {
          "mean": 0.097,
          "std": 0.026267851073127395,
          "sem": 0.008306623862918075,
          "ci95_lo": 0.08071901722868058,
          "ci95_hi": 0.11328098277131943,
          "min": 0.05,
          "max": 0.13,
          "n": 10
        },
        "test_vs_null": {
          "t": -0.3611575592573079,
          "p": 0.7263142108887257,
          "d": -0.11420804814403225,
          "significant": "False"
        }
      }
    ],
    "directionality": {
      "bidirectional": {
        "recovery": {
          "mean": 0.09,
          "std": 0.024494897427831785,
          "sem": 0.007745966692414835,
          "ci95_lo": 0.07481790528286691,
          "ci95_hi": 0.10518209471713308,
          "min": 0.06,
          "max": 0.14,
          "n": 10
        },
        "test_vs_null": {
          "t": -1.2909944487358065,
          "p": 0.22887880253826495,
          "d": -0.4082482904638633,
          "significant": "False"
        }
      },
      "unidirectional": {
        "recovery": {
          "mean": 0.087,
          "std": 0.02213594362117866,
          "sem": 0.007000000000000001,
          "ci95_lo": 0.07328,
          "ci95_hi": 0.10071999999999999,
          "min": 0.04,
          "max": 0.11,
          "n": 10
        },
        "test_vs_null": {
          "t": -1.8571428571428585,
          "p": 0.09625036251160302,
          "d": -0.5872801368884137,
          "significant": "False"
        }
      },
      "paired_test": {
        "t": 0.28446279355845644,
        "p": 0.7824924012588335,
        "d": 0.08995503372189963,
        "significant": "False"
      }
    },
    "identity_preservation": {
      "stimulus_recovery_A": {
        "stats": {
          "mean": 1.0,
          "std": 0.0,
          "sem": 0.0,
          "ci95_lo": 1.0,
          "ci95_hi": 1.0,
          "min": 1.0,
          "max": 1.0,
          "n": 10
        },
        "test_vs_null": {
          "t": Infinity,
          "p": 0.0,
          "d": Infinity,
          "significant": true
        }
      },
      "stimulus_recovery_B": {
        "stats": {
          "mean": 1.0,
          "std": 0.0,
          "sem": 0.0,
          "ci95_lo": 1.0,
          "ci95_hi": 1.0,
          "min": 1.0,
          "max": 1.0,
          "n": 10
        },
        "test_vs_null": {
          "t": Infinity,
          "p": 0.0,
          "d": Infinity,
          "significant": true
        }
      }
    },
    "recovery_vs_size": [
      {
        "n": 200,
        "k": 14,
        "recovery": {
          "mean": 0.09285714285714285,
          "std": 0.0828215577663147,
          "sem": 0.026190476190476188,
          "ci95_lo": 0.04152380952380952,
          "ci95_hi": 0.14419047619047617,
          "min": 0.0,
          "max": 0.21428571428571427,
          "n": 10
        },
        "test_vs_null": {
          "t": 0.872727272727272,
          "p": 0.40549352107884873,
          "d": 0.2759805957965129,
          "significant": "False"
        }
      },
      {
        "n": 500,
        "k": 22,
        "recovery": {
          "mean": 0.022727272727272728,
          "std": 0.02395664894066954,
          "sem": 0.007575757575757575,
          "ci95_lo": 0.007878787878787881,
          "ci95_hi": 0.037575757575757575,
          "min": 0.0,
          "max": 0.045454545454545456,
          "n": 10
        },
        "test_vs_null": {
          "t": -2.8079999999999994,
          "p": 0.020443724622887464,
          "d": -0.8879675669752808,
          "significant": "True"
        }
      },
      {
        "n": 1000,
        "k": 31,
        "recovery": {
          "mean": 0.029032258064516127,
          "std": 0.028245001153900422,
          "sem": 0.00893185361604094,
          "ci95_lo": 0.011525824977075882,
          "ci95_hi": 0.04653869115195637,
          "min": 0.0,
          "max": 0.06451612903225806,
          "n": 10
        },
        "test_vs_null": {
          "t": -0.22030611114695786,
          "p": 0.8305489842523857,
          "d": -0.06966690936785969,
          "significant": "False"
        }
      },
      {
        "n": 2000,
        "k": 44,
        "recovery": {
          "mean": 0.031818181818181815,
          "std": 0.02195663143362036,
          "sem": 0.006943296507508847,
          "ci95_lo": 0.018209320663464472,
          "ci95_hi": 0.04542704297289916,
          "min": 0.0,
          "max": 0.06818181818181818,
          "n": 10
        },
        "test_vs_null": {
          "t": 1.4140519287292301,
          "p": 0.19099311388326304,
          "d": 0.4471624824538455,
          "significant": "False"
        }
      }
    ]
  },
  "raw_data": {},
  "success": true,