{
  "experiment_name": "association",
  "timestamp": "2026-02-06T14:44:09.950986",
  "parameters": {
    "n_seeds": 10,
    "base_n": 1000,
    "base_k": 100,
    "base_p": 0.05,
    "base_beta": 0.1,
    "base_wmax": 20.0,
    "establish_rounds": 30,
    "test_rounds": 20
  },
  "metrics": {
    "basic_association": {
      "recovery": {
        "mean": 0.9940000000000001,
        "std": 0.006992058987801017,
        "sem": 0.0022110831935702687,
        "ci95_lo": 0.9896662769406024,
        "ci95_hi": 0.9983337230593978,
        "min": 0.98,
        "max": 1.0,
        "n": 10
      },
      "test_vs_null": {
        "t": 404.3267130787807,
        "p": 1.7627109681603146e-20,
        "d": 127.85933321783382,
        "significant": "True"
      }
    },
    "recovery_vs_training": [
      {
        "assoc_rounds": 1,
        "recovery": {
          "mean": 0.12000000000000002,
          "std": 0.02054804667656326,
          "sem": 0.006497862896539311,
          "ci95_lo": 0.10726418872278297,
          "ci95_hi": 0.13273581127721706,
          "min": 0.08,
          "max": 0.14,
          "n": 10
        },
        "test_vs_null": {
          "t": 3.0779350562554644,
          "p": 0.013183869818504229,
          "d": 0.9733285267845758,
          "significant": "True"
        }
      },
      {
        "assoc_rounds": 5,
        "recovery": {
          "mean": 0.437,
          "std": 0.05558776843874919,
          "sem": 0.017578395831246946,
          "ci95_lo": 0.40254634417075597,
          "ci95_hi": 0.47145365582924403,
          "min": 0.31,
          "max": 0.51,
          "n": 10
        },
        "test_vs_null": {
          "t": 19.17126017841495,
          "p": 1.3183359628558752e-08,
          "d": 6.062484777947725,
          "significant": "True"
        }
      },
      {
        "assoc_rounds": 10,
        "recovery": {
          "mean": 0.722,
          "std": 0.02740640638812596,
          "sem": 0.008666666666666668,
          "ci95_lo": 0.7050133333333333,
          "ci95_hi": 0.7389866666666667,
          "min": 0.68,
          "max": 0.78,
          "n": 10
        },
        "test_vs_null": {
          "t": 71.76923076923076,
          "p": 1.0007475459767476e-13,
          "d": 22.69542351490075,
          "significant": "True"
        }
      },
      {
        "assoc_rounds": 20,
        "recovery": {
          "mean": 0.9649999999999999,
          "std": 0.02273030282830978,
          "sem": 0.007187952884282614,
          "ci95_lo": 0.950911612346806,
          "ci95_hi": 0.9790883876531937,
          "min": 0.94,
          "max": 1.0,
          "n": 10
        },
        "test_vs_null": {
          "t": 120.34024344976353,
          "p": 9.595531952328873e-16,
          "d": 38.05492634804114,
          "significant": "True"
        }
      },
      {
        "assoc_rounds": 30,
        "recovery": {
          "mean": 0.9890000000000001,
          "std": 0.008755950357709139,
          "sem": 0.0027688746209726936,
          "ci95_lo": 0.9835730057428936,
          "ci95_hi": 0.9944269942571066,
          "min": 0.97,
          "max": 1.0,
          "n": 10
        },
        "test_vs_null": {
          "t": 321.0690701797462,
          "p": 1.403878398365483e-19,
          "d": 101.53095480004451,
          "significant": "True"
        }
      },
      {
        "assoc_rounds": 50,
        "recovery": {
          "mean": 0.993,
          "std": 0.008232726023485654,
          "sem": 0.0026034165586355535,
          "ci95_lo": 0.9878973035450743,
          "ci95_hi": 0.9981026964549257,
          "min": 0.98,
          "max": 1.0,
          "n": 10
        },
        "test_vs_null": {
          "t": 343.010801340228,
          "p": 7.743989721631969e-20,
          "d": 108.4695394274657,
          "significant": "True"
        }
      }
    ],
    "directionality": {
      "bidirectional": {
        "recovery": {
          "mean": 0.9940000000000001,
          "std": 0.009660917830792967,
          "sem": 0.003055050463303896,
          "ci95_lo": 0.9880121010919245,
          "ci95_hi": 0.9999878989080757,
          "min": 0.97,
          "max": 1.0,
          "n": 10
        },
        "test_vs_null": {
          "t": 292.6301908064656,
          "p": 3.234535627039292e-19,
          "d": 92.53779150780963,
          "significant": "True"
        }
      },
      "unidirectional": {
        "recovery": {
          "mean": 0.99,
          "std": 0.008164965809277266,
          "sem": 0.002581988897471613,
          "ci95_lo": 0.9849393017609557,
          "ci95_hi": 0.9950606982390443,
          "min": 0.98,
          "max": 1.0,
          "n": 10
        },
        "test_vs_null": {
          "t": 344.6955178124598,
          "p": 7.409954348490445e-20,
          "d": 109.00229355385135,
          "significant": "True"
        }
      },
      "paired_test": {
        "t": 0.9370425713316365,
        "p": 0.37319877266032775,
        "d": 0.29631887899487686,
        "significant": "False"
      }
    },
    "identity_preservation": {
      "stimulus_recovery_A": {
        "stats": {
          "mean": 1.0,
          "std": 0.0,
          "sem": 0.0,
          "ci95_lo": 1.0,
          "ci95_hi": 1.0,
          "min": 1.0,
          "max": 1.0,
          "n": 10
        },
        "test_vs_null": {
          "t": Infinity,
          "p": 0.0,
          "d": Infinity,
          "significant": true
        }
      },
      "stimulus_recovery_B": {
        "stats": {
          "mean": 1.0,
          "std": 0.0,
          "sem": 0.0,
          "ci95_lo": 1.0,
          "ci95_hi": 1.0,
          "min": 1.0,
          "max": 1.0,
          "n": 10
        },
        "test_vs_null": {
          "t": Infinity,
          "p": 0.0,
          "d": Infinity,
          "significant": true
        }
      }
    },
    "recovery_vs_size": [
      {
        "n": 200,
        "k": 14,
        "recovery": {
          "mean": 0.4714285714285714,
          "std": 0.12233554836823933,
          "sem": 0.03868589716493315,
          "ci95_lo": 0.39560421298530246,
          "ci95_hi": 0.5472529298718404,
          "min": 0.2857142857142857,
          "max": 0.6428571428571429,
          "n": 10
        },
        "test_vs_null": {
          "t": 10.376612689557746,
          "p": 2.6282535605841812e-06,
          "d": 3.281373049640819,
          "significant": "True"
        }
      },
      {
        "n": 500,
        "k": 22,
        "recovery": {
          "mean": 0.7,
          "std": 0.10756508696544757,
          "sem": 0.03401506715249038,
          "ci95_lo": 0.6333304683811188,
          "ci95_hi": 0.7666695316188811,
          "min": 0.5454545454545454,
          "max": 0.8636363636363636,
          "n": 10
        },
        "test_vs_null": {
          "t": 19.28557121640054,
          "p": 1.251098925506723e-08,
          "d": 6.098633102120974,
          "significant": "True"
        }
      },
      {
        "n": 1000,
        "k": 31,
        "recovery": {
          "mean": 0.8,
          "std": 0.060445029344323414,
          "sem": 0.019114396596377606,
          "ci95_lo": 0.7625357826710999,
          "ci95_hi": 0.8374642173289002,
          "min": 0.7096774193548387,
          "max": 0.9032258064516129,
          "n": 10
        },
        "test_vs_null": {
          "t": 40.23145570526323,
          "p": 1.802714869178661e-11,
          "d": 12.722303361280762,
          "significant": "True"
        }
      },
      {
        "n": 2000,
        "k": 44,
        "recovery": {
          "mean": 0.9113636363636364,
          "std": 0.040726303199138225,
          "sem": 0.01287878787878788,
          "ci95_lo": 0.8861212121212121,
          "ci95_hi": 0.9366060606060607,
          "min": 0.8409090909090909,
          "max": 0.9545454545454546,
          "n": 10
        },
        "test_vs_null": {
          "t": 69.05647058823529,
          "p": 1.4147558875123921e-13,
          "d": 21.837573423125118,