{
  "experiment_name": "bidirectional_association",
  "timestamp": "2026-02-06T17:37:48.677055",
  "parameters": {
    "n": 1000,
    "k": 100,
    "p": 0.05,
    "beta": 0.1,
    "w_max": 20.0,
    "establish_rounds": 30,
    "assoc_rounds": 30,
    "test_rounds": 15,
    "n_seeds": 10
  },
  "metrics": {
    "h1_forward_unidirectional": {
      "stats": {
        "mean": 0.992,
        "std": 0.006324555320336764,
        "sem": 0.0020000000000000018,
        "ci95_lo": 0.98808,
        "ci95_hi": 0.99592,
        "min": 0.98,
        "max": 1.0,
        "n": 10
      },
      "test_vs_chance": {
        "t": 445.9999999999996,
        "p": 7.290825759555045e-21,
        "d": 141.0375836435096,
        "sig": "True"
      }
    },
    "h2_reverse_unidirectional": {
      "stats": {
        "mean": 0.097,
        "std": 0.028303906287138372,
        "sem": 0.008950481054731702,
        "ci95_lo": 0.07945705713272587,
        "ci95_hi": 0.11454294286727414,
        "min": 0.06,
        "max": 0.16,
        "n": 10
      },
      "test_vs_chance": {
        "t": -0.3351775152257367,
        "p": 0.7451714089855719,
        "d": -0.1059924368589094,
        "sig": "False"
      }
    },
    "h3_bidirectional_simultaneous": {
      "forward": {
        "stats": {
          "mean": 0.991,
          "std": 0.008755950357709139,
          "sem": 0.0027688746209726936,
          "ci95_lo": 0.9855730057428935,
          "ci95_hi": 0.9964269942571065,
          "min": 0.97,
          "max": 1.0,
          "n": 10
        },
        "test_vs_chance": {
          "t": 321.79138529826076,
          "p": 1.3757727384687856e-19,
          "d": 101.75937089633257,
          "sig": "True"
        }
      },
      "reverse": {
        "stats": {
          "mean": 0.992,
          "std": 0.007888106377466163,
          "sem": 0.002494438257849297,
          "ci95_lo": 0.9871109010146154,
          "ci95_hi": 0.9968890989853846,
          "min": 0.98,
          "max": 1.0,
          "n": 10
        },
        "test_vs_chance": {
          "t": 357.5955416788235,
          "p": 5.323741153653835e-20,
          "d": 113.0816392826754,
          "sig": "True"
        }
      }
    },
    "h3_bidirectional_sequential": {
      "forward": {
        "stats": {
          "mean": 0.998,
          "std": 0.004216370213557844,
          "sem": 0.0013333333333333348,
          "ci95_lo": 0.9953866666666666,
          "ci95_hi": 1.0006133333333334,
          "min": 0.99,
          "max": 1.0,
          "n": 10
        },
        "test_vs_chance": {
          "t": 673.4999999999994,
          "p": 1.7856534620095305e-22,
          "d": 212.9794004123401,
          "sig": "True"
        }
      },
      "reverse": {
        "stats": {
          "mean": 0.9950000000000001,
          "std": 0.0052704627669473035,
          "sem": 0.001666666666666668,
          "ci95_lo": 0.9917333333333335,
          "ci95_hi": 0.9982666666666667,
          "min": 0.99,
          "max": 1.0,
          "n": 10
        },
        "test_vs_chance": {
          "t": 536.9999999999995,
          "p": 1.3710295373814153e-21,
          "d": 169.81431035104185,
          "sig": "True"
        }
      }
    },
    "h4_bidir_vs_unidir": {
      "unidirectional_forward": {
        "mean": 0.992,
        "std": 0.006324555320336764,
        "sem": 0.0020000000000000018,
        "ci95_lo": 0.98808,
        "ci95_hi": 0.99592,
        "min": 0.98,
        "max": 1.0,
        "n": 10
      },
      "bidirectional_forward": {
        "mean": 0.991,
        "std": 0.008755950357709139,
        "sem": 0.0027688746209726936,
        "ci95_lo": 0.9855730057428935,
        "ci95_hi": 0.9964269942571065,
        "min": 0.97,
        "max": 1.0,
        "n": 10
      },
      "paired_test": {
        "t": 0.317999364001908,
        "p": 0.7577400727729552,
        "d": 0.10056022847309863,
        "sig": "False"
      }
    },
    "h5_size_scaling": [
      {
        "n": 500,
        "k": 22,
        "forward": {
          "stats": {
            "mean": 0.7272727272727273,
            "std": 0.11736313170325506,
            "sem": 0.037113480951260276,
            "ci95_lo": 0.6545303046082571,
            "ci95_hi": 0.8000151499371975,
            "min": 0.5454545454545454,
            "max": 0.9090909090909091,
            "n": 10
          },
          "test_vs_chance": {
            "t": 18.410364906758364,
            "p": 1.8825221189251757e-08,
            "d": 5.821868566018988,
            "sig": "True"
          }
        },
        "reverse": {
          "stats": {
            "mean": 0.709090909090909,
            "std": 0.10095958332701627,
            "sem": 0.03192622349349315,
            "ci95_lo": 0.6465155110436624,
            "ci95_hi": 0.7716663071381555,
            "min": 0.5454545454545454,
            "max": 0.8636363636363636,
            "n": 10
          },
          "test_vs_chance": {
            "t": 20.83211969077584,
            "p": 6.335722951995952e-09,
            "d": 6.587694671209425,
            "sig": "True"
          }
        }
      },
      {
        "n": 1000,
        "k": 31,
        "forward": {
          "stats": {
            "mean": 0.7516129032258065,
            "std": 0.07140626974573759,
            "sem": 0.022580645161290318,
            "ci95_lo": 0.7073548387096775,
            "ci95_hi": 0.7958709677419356,
            "min": 0.6451612903225806,
            "max": 0.9032258064516129,
            "n": 10
          },
          "test_vs_chance": {
            "t": 31.91285714285715,
            "p": 1.4306950635820683e-10,
            "d": 10.091731521500206,
            "sig": "True"
          }
        },
        "reverse": {
          "stats": {
            "mean": 0.8,
            "std": 0.07261050759627583,
            "sem": 0.022961458606518943,
            "ci95_lo": 0.7549955411312229,
            "ci95_hi": 0.8450044588687772,
            "min": 0.6774193548387096,
            "max": 0.9354838709677419,
            "n": 10
          },
          "test_vs_chance": {
            "t": 33.490903743444,
            "p": 9.296709926063639e-11,
            "d": 10.590753672674253,
            "sig": "True"
          }
        }
      },
      {
        "n": 2000,
        "k": 44,
        "forward": {
          "stats": {
            "mean": 0.9,
            "std": 0.06446074965509892,
            "sem": 0.020384278859202586,
            "ci95_lo": 0.8600468134359629,
            "ci95_hi": 0.9399531865640371,
            "min": 0.8181818181818182,
            "max": 1.0,
            "n": 10
          },
          "test_vs_chance": {
            "t": 43.0724091867308,
            "p": 9.783180630215752e-12,
            "d": 13.620691734083008,
            "sig": "True"
          }
        },
        "reverse": {
          "stats": {
            "mean": 0.890909090909091,
            "std": 0.04258627067440967,
            "sem": 0.013466961238356947,
            "ci95_lo": 0.8645138468819114,
            "ci95_hi": 0.9173043349362706,
            "min": 0.8409090909090909,
            "max": 0.9772727272727273,
            "n": 10
          },
          "test_vs_chance": {
            "t": 64.52154094230565,
            "p": 2.6043023562354176e-13,
            "d": 20.403502752149258,
            "sig": "True"
          }
        }
      },
      {
        "n": 5000,
        "k": 70,
        "forward": {
          "stats": {
            "mean": 0.9700000000000001,
            "std": 0.012508500511013047,
            "sem": 0.003955535172818131,
            "ci95_lo": 0.9622471510612766,
            "ci95_hi": 0.9777528489387236,
            "min": 0.9571428571428572,
            "max": 0.9857142857142858,
            "n": 10
          },
          "test_vs_chance": {
            "t": 241.68663865499022,
            "p": 1.8085200811316527e-18,
            "d": 76.42802581798631,
            "sig": "True"
          }
        },