{
  "experiment_name": "binding_retrieval",
  "timestamp": "2026-02-21T23:49:19.154828",
  "parameters": {
    "n": 5000,
    "k": 50,
    "p": 0.05,
    "beta": 0.1,
    "w_max": 20.0,
    "binding_rounds": 10,
    "lexicon_rounds": 20,
    "n_seeds": 5
  },
  "metrics": {
    "capacity_sweep": [
      {
        "n_words": 2,
        "correct_overlap": {
          "mean": 0.6839999999999999,
          "std": 0.04393176527297759,
          "sem": 0.019646882704388496,
          "ci95_lo": 0.6454921098993985,
          "ci95_hi": 0.7225078901006013,
          "min": 0.62,
          "max": 0.74,
          "n": 5
        },
        "incorrect_overlap": {
          "mean": 0.6839999999999999,
          "std": 0.04393176527297759,
          "sem": 0.019646882704388496,
          "ci95_lo": 0.6454921098993985,
          "ci95_hi": 0.7225078901006013,
          "min": 0.62,
          "max": 0.74,
          "n": 5
        },
        "selectivity": {
          "mean": 0.0,
          "std": 0.0,
          "sem": 0.0,
          "ci95_lo": 0.0,
          "ci95_hi": 0.0,
          "min": 0.0,
          "max": 0.0,
          "n": 5
        },
        "selectivity_test": {
          "t": Infinity,
          "p": 0.0,
          "d": Infinity,
          "significant": true
        },
        "correct_vs_chance": {
          "t": 34.30569674289598,
          "p": 4.307548014856061e-06,
          "d": 15.341973986521708,
          "significant": "True"
        },
        "top1_accuracy": {
          "mean": 0.5,
          "std": 0.0,
          "sem": 0.0,
          "ci95_lo": 0.5,
          "ci95_hi": 0.5,
          "min": 0.5,
          "max": 0.5,
          "n": 5
        }
      },
      {
        "n_words": 3,
        "correct_overlap": {
          "mean": 0.932,
          "std": 0.018499249234015427,
          "sem": 0.008273115763993881,
          "ci95_lo": 0.915784693102572,
          "ci95_hi": 0.9482153068974281,
          "min": 0.9133333333333334,
          "max": 0.96,
          "n": 5
        },
        "incorrect_overlap": {
          "mean": 0.932,
          "std": 0.018499249234015417,
          "sem": 0.008273115763993878,
          "ci95_lo": 0.915784693102572,
          "ci95_hi": 0.9482153068974281,
          "min": 0.9133333333333334,
          "max": 0.96,
          "n": 5
        },
        "selectivity": {
          "mean": -2.2204460492503132e-17,
          "std": 4.965068306494547e-17,
          "sem": 2.2204460492503135e-17,
          "ci95_lo": -6.572520305780928e-17,
          "ci95_hi": 2.1316282072803012e-17,
          "min": -1.1102230246251565e-16,
          "max": 0.0,
          "n": 5
        },
        "selectivity_test": {
          "t": -0.9999999999999999,
          "p": 0.373900966300059,
          "d": -0.44721359549995787,
          "significant": "False"
        },
        "correct_vs_chance": {
          "t": 111.44531592471041,
          "p": 3.887504394948501e-08,
          "d": 49.83986043631846,
          "significant": "True"
        },
        "top1_accuracy": {
          "mean": 0.3333333333333333,
          "std": 0.0,
          "sem": 0.0,
          "ci95_lo": 0.3333333333333333,
          "ci95_hi": 0.3333333333333333,
          "min": 0.3333333333333333,
          "max": 0.3333333333333333,
          "n": 5
        }
      },
      {
        "n_words": 5,
        "correct_overlap": {
          "mean": 0.9000000000000001,
          "std": 0.04507771067833857,
          "sem": 0.02015936506936664,
          "ci95_lo": 0.8604876444640415,
          "ci95_hi": 0.9395123555359588,
          "min": 0.8720000000000001,
          "max": 0.9800000000000001,
          "n": 5
        },
        "incorrect_overlap": {
          "mean": 0.9,
          "std": 0.0450777106783386,
          "sem": 0.020159365069366653,
          "ci95_lo": 0.8604876444640414,
          "ci95_hi": 0.9395123555359587,
          "min": 0.8719999999999999,
          "max": 0.9800000000000001,
          "n": 5
        },
        "selectivity": {
          "mean": 4.4408920985006264e-17,
          "std": 9.930136612989094e-17,
          "sem": 4.440892098500627e-17,
          "ci95_lo": -4.2632564145606024e-17,
          "ci95_hi": 1.3145040611561855e-16,
          "min": 0.0,
          "max": 2.220446049250313e-16,
          "n": 5
        },
        "selectivity_test": {
          "t": 0.9999999999999999,
          "p": 0.373900966300059,
          "d": 0.44721359549995787,
          "significant": "False"
        },
        "correct_vs_chance": {
          "t": 44.148215826122836,
          "p": 1.574035784278547e-06,
          "d": 19.743682334508538,
          "significant": "True"
        },
        "top1_accuracy": {
          "mean": 0.2,
          "std": 0.0,
          "sem": 0.0,
          "ci95_lo": 0.2,
          "ci95_hi": 0.2,
          "min": 0.2,
          "max": 0.2,
          "n": 5
        }
      },
      {
        "n_words": 8,
        "correct_overlap": {
          "mean": 0.9184999999999999,
          "std": 0.03748332962798261,
          "sem": 0.016763054614240203,
          "ci95_lo": 0.8856444129560891,
          "ci95_hi": 0.9513555870439107,
          "min": 0.86,
          "max": 0.96,
          "n": 5
        },
        "incorrect_overlap": {
          "mean": 0.9185000000000001,
          "std": 0.03748332962798254,
          "sem": 0.01676305461424017,
          "ci95_lo": 0.8856444129560894,
          "ci95_hi": 0.9513555870439108,
          "min": 0.8600000000000001,
          "max": 0.96,
          "n": 5
        },
        "selectivity": {
          "mean": 2.2204460492503132e-17,
          "std": 1.2161883888976234e-16,
          "sem": 5.4389598220420725e-17,
          "ci95_lo": -8.439915201952149e-17,
          "ci95_hi": 1.2880807300452774e-16,
          "min": -1.1102230246251565e-16,
          "max": 2.220446049250313e-16,
          "n": 5
        },
        "selectivity_test": {
          "t": 0.4082482904638631,
          "p": 0.704,
          "d": 0.18257418583505539,
          "significant": "False"
        },
        "correct_vs_chance": {
          "t": 54.19656625280154,
          "p": 6.938715731343558e-07,
          "d": 24.237441257667058,
          "significant": "True"
        },
        "top1_accuracy": {
          "mean": 0.125,
          "std": 0.0,
          "sem": 0.0,
          "ci95_lo": 0.125,
          "ci95_hi": 0.125,
          "min": 0.125,
          "max": 0.125,
          "n": 5
        }
      }
    ],
    "two_role": {
      "agent_accuracy": {
        "mean": 0.15999999999999998,
        "std": 0.11401754250991379,
        "sem": 0.05099019513592784,
        "ci95_lo": 0.06005921753358141,
        "ci95_hi": 0.25994078246641855,
        "min": 0.0,
        "max": 0.3,
        "n": 5
      },
      "patient_accuracy": {
        "mean": 0.18,
        "std": 0.10954451150103323,
        "sem": 0.048989794855663564,
        "ci95_lo": 0.08398000208289941,
        "ci95_hi": 0.2760199979171006,
        "min": 0.0,
        "max": 0.3,
        "n": 5
      },
      "agent_selectivity": {
        "mean": -2.220446049250313e-18,
        "std": 4.965068306494546e-18,
        "sem": 2.220446049250313e-18,
        "ci95_lo": -6.572520305780927e-18,
        "ci95_hi": 2.1316282072803004e-18,
        "min": -1.1102230246251566e-17,
        "max": 0.0,
        "n": 5
      },
      "agent_selectivity_test": {
        "t": -1.0,
        "p": 0.373900966300059,
        "d": -0.4472135954999579,
        "significant": "False"
      },
      "patient_selectivity": {
        "mean": 0.0,
        "std": 0.0,
        "sem": 0.0,
        "ci95_lo": 0.0,
        "ci95_hi": 0.0,
        "min": 0.0,
        "max": 0.0,
        "n": 5
      },
      "patient_selectivity_test": {
        "t": Infinity,
        "p": 0.0,
        "d": Infinity,
        "significant": true
      }
    }
  },
  "raw_data": {},
  "success": true,
  "error_message": null,
  "duration_seconds": 7.491971700103022
}