{
  "experiment_name": "binding_retrieval",
  "timestamp": "2026-02-21T23:52:14.391264",
  "parameters": {
    "n": 5000,
    "k": 50,
    "p": 0.05,
    "beta": 0.1,
    "w_max": 20.0,
    "binding_rounds": 10,
    "lexicon_rounds": 20,
    "n_seeds": 5
  },
  "metrics": {
    "capacity_sweep": [
      {
        "n_words": 2,
        "correct_overlap": {
          "mean": 0.514,
          "std": 0.026076809620810618,
          "sem": 0.011661903789690611,
          "ci95_lo": 0.4911426685722064,
          "ci95_hi": 0.5368573314277936,
          "min": 0.48,
          "max": 0.55,
          "n": 5
        },
        "incorrect_overlap": {
          "mean": 0.49800000000000005,
          "std": 0.021679483388678818,
          "sem": 0.009695359714832666,
          "ci95_lo": 0.478997094958928,
          "ci95_hi": 0.517002905041072,
          "min": 0.47,
          "max": 0.52,
          "n": 5
        },
        "selectivity": {
          "mean": 0.016000000000000014,
          "std": 0.01341640786499875,
          "sem": 0.0060000000000000045,
          "ci95_lo": 0.004240000000000006,
          "ci95_hi": 0.02776000000000002,
          "min": 0.0,
          "max": 0.030000000000000027,
          "n": 5
        },
        "selectivity_test": {
          "t": 2.6666666666666665,
          "p": 0.05599999999999996,
          "d": 1.1925695879998879,
          "significant": "False"
        },
        "correct_vs_chance": {
          "t": 43.21764345591219,
          "p": 1.7137930211096194e-06,
          "d": 19.327517718953718,
          "significant": "True"
        },
        "top1_accuracy": {
          "mean": 0.5,
          "std": 0.0,
          "sem": 0.0,
          "ci95_lo": 0.5,
          "ci95_hi": 0.5,
          "min": 0.5,
          "max": 0.5,
          "n": 5
        }
      },
      {
        "n_words": 3,
        "correct_overlap": {
          "mean": 0.476,
          "std": 0.015347819244295133,
          "sem": 0.006863753427324673,
          "ci95_lo": 0.4625470432824436,
          "ci95_hi": 0.48945295671755634,
          "min": 0.45999999999999996,
          "max": 0.5,
          "n": 5
        },
        "incorrect_overlap": {
          "mean": 0.45466666666666666,
          "std": 0.01591644851508446,
          "sem": 0.007118052168020888,
          "ci95_lo": 0.4407152844173457,
          "ci95_hi": 0.46861804891598763,
          "min": 0.44,
          "max": 0.48000000000000004,
          "n": 5
        },
        "selectivity": {
          "mean": 0.021333333333333326,
          "std": 0.007302967433402244,
          "sem": 0.0032659863237109172,
          "ci95_lo": 0.014932000138859928,
          "ci95_hi": 0.027734666527806724,
          "min": 0.013333333333333308,
          "max": 0.03333333333333338,
          "n": 5
        },
        "selectivity_test": {
          "t": 6.53197264742178,
          "p": 0.002837845926734495,
          "d": 2.9211869733608733,
          "significant": "True"
        },
        "correct_vs_chance": {
          "t": 67.89288177877269,
          "p": 2.819852657029088e-07,
          "d": 30.362619769138515,
          "significant": "True"
        },
        "top1_accuracy": {
          "mean": 0.4666666666666666,
          "std": 0.18257418583505536,
          "sem": 0.0816496580927726,
          "ci95_lo": 0.30663333680483235,
          "ci95_hi": 0.626699996528501,
          "min": 0.3333333333333333,
          "max": 0.6666666666666666,
          "n": 5
        }
      },
      {
        "n_words": 5,
        "correct_overlap": {
          "mean": 0.4104,
          "std": 0.03317830616532433,
          "sem": 0.014837789592793114,
          "ci95_lo": 0.3813179323981255,
          "ci95_hi": 0.43948206760187447,
          "min": 0.36000000000000004,
          "max": 0.44799999999999995,
          "n": 5
        },
        "incorrect_overlap": {
          "mean": 0.39720000000000005,
          "std": 0.035981939914351474,
          "sem": 0.01609161272216057,
          "ci95_lo": 0.36566043906456536,
          "ci95_hi": 0.42873956093543475,
          "min": 0.338,
          "max": 0.43,
          "n": 5
        },
        "selectivity": {
          "mean": 0.013200000000000022,
          "std": 0.006534523701081795,
          "sem": 0.0029223278392404815,
          "ci95_lo": 0.007472237435088679,
          "ci95_hi": 0.018927762564911365,
          "min": 0.007000000000000062,
          "max": 0.02200000000000002,
          "n": 5
        },
        "selectivity_test": {
          "t": 4.516947011472445,
          "p": 0.010683196953107866,
          "d": 2.020040113683382,
          "significant": "True"
        },
        "correct_vs_chance": {
          "t": 26.98515149416048,
          "p": 1.12120819582717e-05,
          "d": 12.068126624814571,
          "significant": "True"
        },
        "top1_accuracy": {
          "mean": 0.2,
          "std": 0.0,
          "sem": 0.0,
          "ci95_lo": 0.2,
          "ci95_hi": 0.2,
          "min": 0.2,
          "max": 0.2,
          "n": 5
        }
      },
      {
        "n_words": 8,
        "correct_overlap": {
          "mean": 0.35350000000000004,
          "std": 0.022262636860893154,
          "sem": 0.009956153875869924,
          "ci95_lo": 0.333985938403295,
          "ci95_hi": 0.3730140615967051,
          "min": 0.32000000000000006,
          "max": 0.375,
          "n": 5
        },
        "incorrect_overlap": {
          "mean": 0.34985714285714287,
          "std": 0.019133993150347663,
          "sem": 0.008556981873038546,
          "ci95_lo": 0.3330854583859873,
          "ci95_hi": 0.36662882732829843,
          "min": 0.3196428571428571,
          "max": 0.3692857142857143,
          "n": 5
        },
        "selectivity": {
          "mean": 0.0036428571428571478,
          "std": 0.004555496791833781,
          "sem": 0.0020372800995645084,
          "ci95_lo": -0.00035021185228928864,
          "ci95_hi": 0.007635926138003584,
          "min": -0.0025000000000000022,
          "max": 0.008571428571428508,
          "n": 5
        },
        "selectivity_test": {
          "t": 1.7880983295501927,
          "p": 0.14827865577301338,
          "d": 0.7996618830656103,
          "significant": "False"
        },
        "correct_vs_chance": {
          "t": 34.50127471739045,
          "p": 4.210971109560709e-06,
          "d": 15.429439115695981,
          "significant": "True"
        },
        "top1_accuracy": {
          "mean": 0.125,
          "std": 0.0,
          "sem": 0.0,
          "ci95_lo": 0.125,
          "ci95_hi": 0.125,
          "min": 0.125,
          "max": 0.125,
          "n": 5
        }
      }
    ],
    "two_role": {
      "agent_accuracy": {
        "mean": 0.4800000000000001,
        "std": 0.13038404810405294,
        "sem": 0.05830951894845299,
        "ci95_lo": 0.36571334286103224,
        "ci95_hi": 0.594286657138968,
        "min": 0.4,
        "max": 0.7,
        "n": 5
      },
      "patient_accuracy": {
        "mean": 0.43999999999999995,
        "std": 0.08944271909999157,
        "sem": 0.039999999999999994,
        "ci95_lo": 0.3616,
        "ci95_hi": 0.5184,
        "min": 0.4,
        "max": 0.6,
        "n": 5
      },
      "agent_selectivity": {
        "mean": 0.12119999999999997,
        "std": 0.028761084819596078,
        "sem": 0.01286234815265082,
        "ci95_lo": 0.09598979762080437,
        "ci95_hi": 0.14641020237919558,
        "min": 0.07399999999999998,
        "max": 0.148,
        "n": 5
      },
      "agent_selectivity_test": {
        "t": 9.422851765602509,
        "p": 0.0007071268479875144,
        "d": 4.214027417958225,
        "significant": "True"
      },
      "patient_selectivity": {
        "mean": 0.14120000000000002,
        "std": 0.06098524411691733,
        "sem": 0.027273430293969256,
        "ci95_lo": 0.08774407662382028,
        "ci95_hi": 0.19465592337617976,
        "min": 0.04800000000000002,