{
  "experiment_name": "binding_retrieval",
  "timestamp": "2026-02-21T23:53:50.918343",
  "parameters": {
    "n": 10000,
    "k": 100,
    "p": 0.05,
    "beta": 0.1,
    "w_max": 20.0,
    "binding_rounds": 10,
    "lexicon_rounds": 20,
    "n_seeds": 10
  },
  "metrics": {
    "capacity_sweep": [
      {
        "n_words": 2,
        "correct_overlap": {
          "mean": 0.567,
          "std": 0.03101970699768492,
          "sem": 0.009809292646374776,
          "ci95_lo": 0.5477737864131054,
          "ci95_hi": 0.5862262135868945,
          "min": 0.515,
          "max": 0.635,
          "n": 10
        },
        "incorrect_overlap": {
          "mean": 0.5464999999999999,
          "std": 0.021479964825131554,
          "sem": 0.00679256129077161,
          "ci95_lo": 0.5331865798700876,
          "ci95_hi": 0.5598134201299122,
          "min": 0.5249999999999999,
          "max": 0.595,
          "n": 10
        },
        "selectivity": {
          "mean": 0.020500000000000008,
          "std": 0.014230249470757685,
          "sem": 0.004499999999999993,
          "ci95_lo": 0.011680000000000022,
          "ci95_hi": 0.029319999999999992,
          "min": -0.009999999999999898,
          "max": 0.040000000000000036,
          "n": 10
        },
        "selectivity_test": {
          "t": 4.555555555555563,
          "p": 0.001374973550758738,
          "d": 1.4405931562989311,
          "significant": "True"
        },
        "correct_vs_chance": {
          "t": 56.782891496855335,
          "p": 8.202777057041292e-13,
          "d": 17.956326926027067,
          "significant": "True"
        },
        "top1_accuracy": {
          "mean": 0.65,
          "std": 0.24152294576982397,
          "sem": 0.07637626158259733,
          "ci95_lo": 0.5003025272981092,
          "ci95_hi": 0.7996974727018908,
          "min": 0.5,
          "max": 1.0,
          "n": 10
        }
      },
      {
        "n_words": 3,
        "correct_overlap": {
          "mean": 0.54,
          "std": 0.013146843962443594,
          "sem": 0.004157397096415491,
          "ci95_lo": 0.5318515016910257,
          "ci95_hi": 0.5481484983089744,
          "min": 0.5133333333333333,
          "max": 0.5566666666666666,
          "n": 10
        },
        "incorrect_overlap": {
          "mean": 0.5325,
          "std": 0.016615662698598002,
          "sem": 0.005254333896066951,
          "ci95_lo": 0.5222015055637087,
          "ci95_hi": 0.5427984944362912,
          "min": 0.5016666666666666,
          "max": 0.5516666666666666,
          "n": 10
        },
        "selectivity": {
          "mean": 0.007499999999999995,
          "std": 0.016048729806282556,
          "sem": 0.005075053974048572,
          "ci95_lo": -0.0024471057891352057,
          "ci95_hi": 0.017447105789135196,
          "min": -0.015000000000000013,
          "max": 0.03500000000000003,
          "n": 10
        },
        "selectivity_test": {
          "t": 1.477816795319114,
          "p": 0.17357590400718967,
          "d": 0.46732670376592605,
          "significant": "False"
        },
        "correct_vs_chance": {
          "t": 127.48361239222642,
          "p": 5.712128628541121e-16,
          "d": 40.313857950550236,
          "significant": "True"
        },
        "top1_accuracy": {
          "mean": 0.4,
          "std": 0.21081851067789195,
          "sem": 0.06666666666666667,
          "ci95_lo": 0.26933333333333337,
          "ci95_hi": 0.5306666666666666,
          "min": 0.0,
          "max": 0.6666666666666666,
          "n": 10
        }
      },
      {
        "n_words": 5,
        "correct_overlap": {
          "mean": 0.4798,
          "std": 0.01227282454132795,
          "sem": 0.0038810078874207607,
          "ci95_lo": 0.4721932245406553,
          "ci95_hi": 0.4874067754593447,
          "min": 0.45600000000000007,
          "max": 0.49800000000000005,
          "n": 10
        },
        "incorrect_overlap": {
          "mean": 0.4784,
          "std": 0.011117553687749852,
          "sem": 0.003515679166249394,
          "ci95_lo": 0.4715092688341512,
          "ci95_hi": 0.4852907311658488,
          "min": 0.45249999999999996,
          "max": 0.491,
          "n": 10
        },
        "selectivity": {
          "mean": 0.0014000000000000234,
          "std": 0.0051897334549409644,
          "sem": 0.0016411378166788272,
          "ci95_lo": -0.0018166301206904779,
          "ci95_hi": 0.0046166301206905245,
          "min": -0.0050000000000000044,
          "max": 0.013500000000000068,
          "n": 10
        },
        "selectivity_test": {
          "t": 0.8530666868875187,
          "p": 0.4157474682787293,
          "d": 0.26976337265782546,
          "significant": "False"
        },
        "correct_vs_chance": {
          "t": 121.05102943045537,
          "p": 9.10046459763211e-16,
          "d": 38.27969661083141,
          "significant": "True"
        },
        "top1_accuracy": {
          "mean": 0.2,
          "std": 0.0,
          "sem": 0.0,
          "ci95_lo": 0.2,
          "ci95_hi": 0.2,
          "min": 0.2,
          "max": 0.2,
          "n": 10
        }
      },
      {
        "n_words": 8,
        "correct_overlap": {
          "mean": 0.41525,
          "std": 0.010668619612885465,
          "sem": 0.003373713746666193,
          "ci95_lo": 0.4086375210565343,
          "ci95_hi": 0.42186247894346574,
          "min": 0.40125,
          "max": 0.43624999999999997,
          "n": 10
        },
        "incorrect_overlap": {
          "mean": 0.4148928571428572,
          "std": 0.010808514217589599,
          "sem": 0.0034179523049895897,
          "ci95_lo": 0.40819367062507755,
          "ci95_hi": 0.4215920436606368,
          "min": 0.40285714285714286,
          "max": 0.43624999999999997,
          "n": 10
        },
        "selectivity": {
          "mean": 0.0003571428571428614,
          "std": 0.001383208337931205,
          "sem": 0.0004374088826398484,
          "ci95_lo": -0.0005001785528312414,
          "ci95_hi": 0.0012144642671169641,
          "min": -0.0016071428571428625,
          "max": 0.002857142857142836,
          "n": 10
        },
        "selectivity_test": {
          "t": 0.8164965809277449,
          "p": 0.43529448174461716,
          "d": 0.2581988897471671,
          "significant": "False"
        },
        "correct_vs_chance": {
          "t": 120.1198532034487,
          "p": 9.755057635483154e-16,
          "d": 37.985232832797095,
          "significant": "True"
        },
        "top1_accuracy": {
          "mean": 0.125,
          "std": 0.0,
          "sem": 0.0,
          "ci95_lo": 0.125,
          "ci95_hi": 0.125,
          "min": 0.125,
          "max": 0.125,
          "n": 10
        }
      }
    ],
    "two_role": {
      "agent_accuracy": {
        "mean": 0.42000000000000004,
        "std": 0.12292725943057181,
        "sem": 0.038873012632301994,
        "ci95_lo": 0.34380889524068814,
        "ci95_hi": 0.49619110475931194,
        "min": 0.2,
        "max": 0.6,
        "n": 10
      },
      "patient_accuracy": {
        "mean": 0.38,
        "std": 0.09189365834726815,
        "sem": 0.029059326290271158,
        "ci95_lo": 0.32304372047106855,
        "ci95_hi": 0.43695627952893146,
        "min": 0.2,
        "max": 0.5,
        "n": 10
      },
      "agent_selectivity": {
        "mean": 0.11580000000000001,
        "std": 0.043817297446962146,
        "sem": 0.013856246084548135,
        "ci95_lo": 0.08864175767428567,
        "ci95_hi": 0.14295824232571436,
        "min": 0.05299999999999999,
        "max": 0.202,
        "n": 10
      },
      "agent_selectivity_test": {
        "t": 8.357241874416115,
        "p": 1.5587400436151013e-05,
        "d": 2.6427919280089793,
        "significant": "True"
      },
      "patient_selectivity": {
        "mean": 0.0917,
        "std": 0.08174356923398385,
        "sem": 0.025849586285105433,