{
  "experiment_name": "cloze_probability",
  "timestamp": "2026-02-22T03:02:23.858725",
  "parameters": {
    "n": 5000,
    "k": 50,
    "p": 0.05,
    "beta": 0.1,
    "high_freq": 10,
    "med_freq": 3,
    "low_freq": 1,
    "n_seeds": 5
  },
  "metrics": {
    "n400_by_frequency": {
      "high": {
        "mean": 0.07466666666666669,
        "std": 0.013662601021279449,
        "sem": 0.0061101009266077795,
        "ci95_lo": 0.06269086885051545,
        "ci95_hi": 0.08664246448281793,
        "min": 0.06000000000000002,
        "max": 0.08666666666666671,
        "n": 5
      },
      "med": {
        "mean": 0.17733333333333332,
        "std": 0.019206480387850576,
        "sem": 0.008589399151150083,
        "ci95_lo": 0.16049811099707914,
        "ci95_hi": 0.1941685556695875,
        "min": 0.15333333333333332,
        "max": 0.20666666666666667,
        "n": 5
      },
      "low": {
        "mean": 0.4546666666666666,
        "std": 0.015916448515084454,
        "sem": 0.007118052168020885,
        "ci95_lo": 0.4407152844173457,
        "ci95_hi": 0.4686180489159875,
        "min": 0.4266666666666666,
        "max": 0.4666666666666666,
        "n": 5
      },
      "zero": {
        "mean": 0.4586666666666666,
        "std": 0.0196638416050035,
        "sem": 0.008793937305515278,
        "ci95_lo": 0.44143054954785665,
        "ci95_hi": 0.47590278378547657,
        "min": 0.4333333333333333,
        "max": 0.48666666666666664,
        "n": 5
      }
    },
    "pairwise_tests": {
      "med_vs_high": {
        "t": 7.642891671576165,
        "p": 0.0015743893417678018,
        "d": 3.4180050644622604,
        "significant": "True"
      },
      "low_vs_high": {
        "t": 32.37382455208265,
        "p": 5.427723770701547e-06,
        "d": 14.478014478021697,
        "significant": "True"
      },
      "zero_vs_high": {
        "t": 32.40253154666947,
        "p": 5.408575278999971e-06,
        "d": 14.490852636286869,
        "significant": "True"
      }
    },
    "correlation": {
      "spearman_rho": {
        "mean": -0.649282685354188,
        "std": 0.08493255729292337,
        "sem": 0.03798299432197443,
        "ci95_lo": -0.7237293542252579,
        "ci95_hi": -0.5748360164831181,
        "min": -0.7541997111515459,
        "max": -0.5441071875825088,
        "n": 5
      },
      "spearman_p": {
        "mean": 0.029470770722512186,
        "std": 0.025894531944687483,
        "sem": 0.011580386734772206,
        "ci95_lo": 0.006773212722358663,
        "ci95_hi": 0.052168328722665705,
        "min": 0.004596683306677731,
        "max": 0.06742271949187498,
        "n": 5
      }
    },
    "hypotheses": {
      "H1_monotonic": true,
      "H2_spearman_strong": "False",
      "H3_zero_high_large": true
    }
  },
  "raw_data": {},
  "success": true,
  "error_message": null,
  "duration_seconds": 7.127840299974196
}