{
  "experiment_name": "composed_erp",
  "timestamp": "2026-02-22T02:08:56.388485",
  "parameters": {
    "n": 5000,
    "k": 50,
    "p": 0.05,
    "beta": 0.1,
    "w_max": 20.0,
    "lexicon_rounds": 20,
    "train_rounds_per_pair": 5,
    "binding_rounds": 10,
    "training_reps": 3,
    "n_train_sentences": 15,
    "lexicon_readout_rounds": 5,
    "n_settling_rounds": 10,
    "n_seeds": 5,
    "n_nouns": 5,
    "n_verbs": 5,
    "n_novel": 2
  },
  "metrics": {
    "n400": {
      "gram": {
        "mean": 0.09280000000000002,
        "std": 0.02179908254950193,
        "sem": 0.009748846085563147,
        "ci95_lo": 0.07369226167229626,
        "ci95_hi": 0.11190773832770379,
        "min": 0.06800000000000002,
        "max": 0.124,
        "n": 5
      },
      "catviol": {
        "mean": 0.37439999999999996,
        "std": 0.04153071152773575,
        "sem": 0.018573098825990255,
        "ci95_lo": 0.33799672630105904,
        "ci95_hi": 0.4108032736989409,
        "min": 0.31599999999999995,
        "max": 0.42800000000000005,
        "n": 5
      },
      "novel": {
        "mean": 0.9936,
        "std": 0.009208691546577054,
        "sem": 0.004118252056394793,
        "ci95_lo": 0.9855282259694662,
        "ci95_hi": 1.0016717740305339,
        "min": 0.9800000000000001,
        "max": 1.0,
        "n": 5
      }
    },
    "n400_cat": {
      "gram": {
        "mean": 0.048800000000000045,
        "std": 0.011099549540409296,
        "sem": 0.004963869458396346,
        "ci95_lo": 0.03907081586154321,
        "ci95_hi": 0.05852918413845688,
        "min": 0.03200000000000003,
        "max": 0.06000000000000005,
        "n": 5
      },
      "catviol": {
        "mean": 0.33359999999999995,
        "std": 0.04992794808521576,
        "sem": 0.02232845717912458,
        "ci95_lo": 0.2898362239289158,
        "ci95_hi": 0.3773637760710841,
        "min": 0.256,
        "max": 0.384,
        "n": 5
      },
      "novel": {
        "mean": 0.048800000000000045,
        "std": 0.011099549540409296,
        "sem": 0.004963869458396346,
        "ci95_lo": 0.03907081586154321,
        "ci95_hi": 0.05852918413845688,
        "min": 0.03200000000000003,
        "max": 0.06000000000000005,
        "n": 5
      }
    },
    "p600": {
      "gram": {
        "mean": 0.09892359952293353,
        "std": 0.10129224220262385,
        "sem": 0.045299267831687993,
        "ci95_lo": 0.010137034572825068,
        "ci95_hi": 0.187710164473042,
        "min": 0.01568627450980391,
        "max": 0.24514590108374779,
        "n": 5
      },
      "catviol": {
        "mean": 4.835465995493232,
        "std": 0.28974687453068443,
        "sem": 0.12957874154374258,
        "ci95_lo": 4.581491662067497,
        "ci95_hi": 5.089440328918967,
        "min": 4.519259766680429,
        "max": 5.218496001234727,
        "n": 5
      },
      "novel": {
        "mean": 0.2808031507868083,
        "std": 0.0739038175067984,
        "sem": 0.03305079194838805,
        "ci95_lo": 0.2160235985679677,
        "ci95_hi": 0.34558270300564886,
        "min": 0.1536388140161725,
        "max": 0.3317211404007618,
        "n": 5
      }
    },
    "n400_tests": {
      "catviol_vs_gram": {
        "t": 17.84710845503144,
        "p": 5.7922085290230186e-05,
        "d": 7.98146954145231,
        "significant": "True"
      },
      "novel_vs_gram": {
        "t": 100.31205279779672,
        "p": 5.921764092415677e-08,
        "d": 44.86091380368429,
        "significant": "True"
      },
      "catviol_vs_novel": {
        "t": -38.29525187003563,
        "p": 2.7771532784996114e-06,
        "d": -17.126157279375118,
        "significant": "True"
      }
    },
    "n400_cat_tests": {
      "catviol_vs_gram": {
        "t": 10.9681335029783,
        "p": 0.00039258015003720386,
        "d": 4.905098419790475,
        "significant": "True"
      },
      "novel_vs_gram": {
        "t": 0.0,
        "p": 1.0,
        "d": 0.0,
        "significant": false
      }
    },
    "p600_tests": {
      "catviol_vs_gram": {
        "t": 36.06317185928545,
        "p": 3.5291704428050334e-06,
        "d": 16.127940752323948,
        "significant": "True"
      },
      "novel_vs_gram": {
        "t": 5.028147370292757,
        "p": 0.00734306602653088,
        "d": 2.248655864172282,
        "significant": "True"
      }
    },
    "double_dissociation": {
      "novel_n400_effect": 0.9008,
      "novel_p600_effect": 0.18187955126387476,
      "catviol_n400_effect": 0.28159999999999996,
      "catviol_p600_effect": 4.736542395970298
    }
  },
  "raw_data": {},
  "success": true,
  "error_message": null,
  "duration_seconds": 8.740890299901366
}