{
  "experiment_name": "composed_erp",
  "timestamp": "2026-02-22T01:49:37.605757",
  "parameters": {
    "n": 5000,
    "k": 50,
    "p": 0.05,
    "beta": 0.1,
    "w_max": 20.0,
    "lexicon_rounds": 20,
    "train_rounds_per_pair": 5,
    "binding_rounds": 10,
    "training_reps": 3,
    "n_train_sentences": 15,
    "lexicon_readout_rounds": 5,
    "n_settling_rounds": 10,
    "n_seeds": 5,
    "n_nouns": 5,
    "n_verbs": 5,
    "n_novel": 2
  },
  "metrics": {
    "n400": {
      "gram": {
        "mean": 0.096,
        "std": 0.014966629547095777,
        "sem": 0.0066932802122726094,
        "ci95_lo": 0.08288117078394569,
        "ci95_hi": 0.10911882921605431,
        "min": 0.08399999999999999,
        "max": 0.12000000000000002,
        "n": 5
      },
      "catviol": {
        "mean": 0.364,
        "std": 0.046647615158762416,
        "sem": 0.02086144769664848,
        "ci95_lo": 0.32311156251456896,
        "ci95_hi": 0.404888437485431,
        "min": 0.3,
        "max": 0.41200000000000003,
        "n": 5
      },
      "novel": {
        "mean": 0.9864,
        "std": 0.019919839356782033,
        "sem": 0.008908422980528062,
        "ci95_lo": 0.968939490958165,
        "ci95_hi": 1.003860509041835,
        "min": 0.9559999999999998,
        "max": 1.0,
        "n": 5
      }
    },
    "n400_cat": {
      "gram": {
        "mean": 0.03840000000000003,
        "std": 0.024099792530227322,
        "sem": 0.01077775486824599,
        "ci95_lo": 0.01727560045823789,
        "ci95_hi": 0.05952439954176217,
        "min": 0.0,
        "max": 0.06400000000000003,
        "n": 5
      },
      "catviol": {
        "mean": 0.3176,
        "std": 0.047715825467029266,
        "sem": 0.021339165869358617,
        "ci95_lo": 0.2757752348960571,
        "ci95_hi": 0.3594247651039429,
        "min": 0.244,
        "max": 0.368,
        "n": 5
      },
      "novel": {
        "mean": 0.03840000000000003,
        "std": 0.024099792530227322,
        "sem": 0.01077775486824599,
        "ci95_lo": 0.01727560045823789,
        "ci95_hi": 0.05952439954176217,
        "min": 0.0,
        "max": 0.06400000000000003,
        "n": 5
      }
    },
    "p600": {
      "gram": {
        "mean": 0.0673036290794337,
        "std": 0.08305312205813085,
        "sem": 0.03714248533311357,
        "ci95_lo": -0.005495642173468887,
        "ci95_hi": 0.1401029003323363,
        "min": 0.0,
        "max": 0.1893084923051626,
        "n": 5
      },
      "catviol": {
        "mean": 5.145162325240015,
        "std": 0.38024544394794224,
        "sem": 0.17005093216043696,
        "ci95_lo": 4.811862498205559,
        "ci95_hi": 5.478462152274472,
        "min": 4.758612622439556,
        "max": 5.637723957232786,
        "n": 5
      },
      "novel": {
        "mean": 0.5216011620272102,
        "std": 0.1958616076133455,
        "sem": 0.08759197376116618,
        "ci95_lo": 0.3499208934553245,
        "ci95_hi": 0.6932814305990959,
        "min": 0.2683438155136268,
        "max": 0.7824816349406513,
        "n": 5
      }
    },
    "n400_tests": {
      "catviol_vs_gram": {
        "t": 15.29058806368588,
        "p": 0.00010670170447382198,
        "d": 6.8381588652697,
        "significant": "True"
      },
      "novel_vs_gram": {
        "t": 83.77661515279121,
        "p": 1.2168795782351857e-07,
        "d": 37.466041281296015,
        "significant": "True"
      },
      "catviol_vs_novel": {
        "t": -29.967440293505327,
        "p": 7.38474538087183e-06,
        "d": -13.401846721588832,
        "significant": "True"
      }
    },
    "n400_cat_tests": {
      "catviol_vs_gram": {
        "t": 11.74146127390593,
        "p": 0.0003009870286866177,
        "d": 5.250941112726987,
        "significant": "True"
      },
      "novel_vs_gram": {
        "t": 0.0,
        "p": 1.0,
        "d": 0.0,
        "significant": false
      }
    },
    "p600_tests": {
      "catviol_vs_gram": {
        "t": 31.06861566384246,
        "p": 6.395434817931376e-06,
        "d": 13.894307318233302,
        "significant": "True"
      },
      "novel_vs_gram": {
        "t": 4.682525438114985,
        "p": 0.009429983691009062,
        "d": 2.0940890371994185,
        "significant": "True"
      }
    },
    "double_dissociation": {
      "novel_n400_effect": 0.8904000000000001,
      "novel_p600_effect": 0.4542975329477765,
      "catviol_n400_effect": 0.268,
      "catviol_p600_effect": 5.077858696160582
    }
  },
  "raw_data": {},
  "success": true,
  "error_message": null,
  "duration_seconds": 5.128475800040178
}