{
  "experiment_name": "composed_erp",
  "timestamp": "2026-02-22T01:25:11.232163",
  "parameters": {
    "n": 5000,
    "k": 50,
    "p": 0.05,
    "beta": 0.1,
    "w_max": 20.0,
    "lexicon_rounds": 20,
    "train_rounds_per_pair": 5,
    "binding_rounds": 10,
    "training_reps": 3,
    "n_train_sentences": 15,
    "lexicon_readout_rounds": 5,
    "n_settling_rounds": 10,
    "n_seeds": 3,
    "n_nouns": 5,
    "n_verbs": 5,
    "n_novel": 2
  },
  "metrics": {
    "n400": {
      "gram": {
        "mean": 0.08800000000000002,
        "std": 0.014422205101855955,
        "sem": 0.00832666399786453,
        "ci95_lo": 0.07167973856418554,
        "ci95_hi": 0.10432026143581451,
        "min": 0.07200000000000002,
        "max": 0.10000000000000002,
        "n": 3
      },
      "catviol": {
        "mean": 0.3506666666666667,
        "std": 0.02540341184434354,
        "sem": 0.014666666666666672,
        "ci95_lo": 0.32192,
        "ci95_hi": 0.3794133333333334,
        "min": 0.33599999999999997,
        "max": 0.38,
        "n": 3
      },
      "novel": {
        "mean": 0.9786666666666667,
        "std": 0.022030282189144487,
        "sem": 0.012719189352225988,
        "ci95_lo": 0.9537370555363037,
        "ci95_hi": 1.0035962777970295,
        "min": 0.9559999999999998,
        "max": 1.0,
        "n": 3
      }
    },
    "n400_cat": {
      "gram": {
        "mean": 0.040000000000000036,
        "std": 0.0,
        "sem": 0.0,
        "ci95_lo": 0.040000000000000036,
        "ci95_hi": 0.040000000000000036,
        "min": 0.040000000000000036,
        "max": 0.040000000000000036,
        "n": 3
      },
      "catviol": {
        "mean": 0.3066666666666667,
        "std": 0.030550504633038898,
        "sem": 0.017638342073763916,
        "ci95_lo": 0.27209551620208944,
        "ci95_hi": 0.34123781713124396,
        "min": 0.28,
        "max": 0.33999999999999997,
        "n": 3
      },
      "novel": {
        "mean": 0.040000000000000036,
        "std": 0.0,
        "sem": 0.0,
        "ci95_lo": 0.040000000000000036,
        "ci95_hi": 0.040000000000000036,
        "min": 0.040000000000000036,
        "max": 0.040000000000000036,
        "n": 3
      }
    },
    "p600": {
      "gram": {
        "mean": 0.02332830568124684,
        "std": 0.023228405572169767,
        "sem": 0.013410926209938018,
        "ci95_lo": -0.0029571096902316733,
        "ci95_hi": 0.04961372105272535,
        "min": 0.0,
        "max": 0.04645550527903466,
        "n": 3
      },
      "catviol": {
        "mean": 4.954190641511917,
        "std": 0.19826719935394205,
        "sem": 0.11446962091847164,
        "ci95_lo": 4.729830184511712,
        "ci95_hi": 5.178551098512122,
        "min": 4.758612622439556,
        "max": 5.155041822485799,
        "n": 3
      },
      "novel": {
        "mean": 0.5378388055983684,
        "std": 0.2431074965245731,
        "sem": 0.1403581785604783,
        "ci95_lo": 0.26273677561983094,
        "ci95_hi": 0.8129408355769059,
        "min": 0.2962962962962963,
        "max": 0.7824816349406513,
        "n": 3
      }
    },
    "n400_tests": {
      "catviol_vs_gram": {
        "t": 25.223265346780526,
        "p": 0.0015681042024761555,
        "d": 14.562659037805096,
        "significant": "True"
      },
      "novel_vs_gram": {
        "t": 51.38461538461523,
        "p": 0.00037851852793157454,
        "d": 29.666921524512986,
        "significant": "True"
      },
      "catviol_vs_novel": {
        "t": -23.5794928105548,
        "p": 0.0017937476088409484,
        "d": -13.61362652152866,
        "significant": "True"
      }
    },
    "n400_cat_tests": {
      "catviol_vs_gram": {
        "t": 15.118578920369107,
        "p": 0.004346496822767446,
        "d": 8.728715609439705,
        "significant": "True"
      },
      "novel_vs_gram": {
        "t": 0.0,
        "p": 1.0,
        "d": 0.0,
        "significant": false
      }
    },
    "p600_tests": {
      "catviol_vs_gram": {
        "t": 48.78864629545851,
        "p": 0.000419844909713875,
        "d": 28.168138072080414,
        "significant": "True"
      },
      "novel_vs_gram": {
        "t": 3.3459956620646447,
        "p": 0.07889450900692303,
        "d": 1.9318114962003428,
        "significant": "False"
      }
    },
    "double_dissociation": {
      "novel_n400_effect": 0.8906666666666667,
      "novel_p600_effect": 0.5145104999171215,
      "catviol_n400_effect": 0.26266666666666666,
      "catviol_p600_effect": 4.93086233583067
    }
  },
  "raw_data": {},
  "success": true,
  "error_message": null,
  "duration_seconds": 2.837634399998933
}