{
  "experiment_name": "composed_erp",
  "timestamp": "2026-02-22T02:00:14.779825",
  "parameters": {
    "n": 5000,
    "k": 50,
    "p": 0.05,
    "beta": 0.1,
    "w_max": 20.0,
    "lexicon_rounds": 20,
    "train_rounds_per_pair": 5,
    "binding_rounds": 10,
    "training_reps": 3,
    "n_train_sentences": 15,
    "lexicon_readout_rounds": 5,
    "n_settling_rounds": 10,
    "n_seeds": 5,
    "n_nouns": 5,
    "n_verbs": 5,
    "n_novel": 2
  },
  "metrics": {
    "n400": {
      "gram": {
        "mean": 0.09600000000000002,
        "std": 0.028284271247461905,
        "sem": 0.01264911064067352,
        "ci95_lo": 0.07120774314427991,
        "ci95_hi": 0.12079225685572012,
        "min": 0.072,
        "max": 0.14400000000000002,
        "n": 5
      },
      "catviol": {
        "mean": 0.3752,
        "std": 0.05975951807034589,
        "sem": 0.026725268941584095,
        "ci95_lo": 0.32281847287449517,
        "ci95_hi": 0.4275815271255048,
        "min": 0.29600000000000004,
        "max": 0.45599999999999996,
        "n": 5
      },
      "novel": {
        "mean": 0.9911999999999999,
        "std": 0.008671793355471512,
        "sem": 0.0038781438859330597,
        "ci95_lo": 0.9835988379835711,
        "ci95_hi": 0.9988011620164287,
        "min": 0.9800000000000001,
        "max": 1.0,
        "n": 5
      }
    },
    "n400_cat": {
      "gram": {
        "mean": 0.03680000000000002,
        "std": 0.015594870951694347,
        "sem": 0.00697423830966508,
        "ci95_lo": 0.023130492913056466,
        "ci95_hi": 0.050469507086943574,
        "min": 0.020000000000000018,
        "max": 0.052000000000000025,
        "n": 5
      },
      "catviol": {
        "mean": 0.34240000000000004,
        "std": 0.05745258914966322,
        "sem": 0.025693578964402757,
        "ci95_lo": 0.2920405852297706,
        "ci95_hi": 0.39275941477022946,
        "min": 0.28,
        "max": 0.42000000000000004,
        "n": 5
      },
      "novel": {
        "mean": 0.03680000000000002,
        "std": 0.015594870951694347,
        "sem": 0.00697423830966508,
        "ci95_lo": 0.023130492913056466,
        "ci95_hi": 0.050469507086943574,
        "min": 0.020000000000000018,
        "max": 0.052000000000000025,
        "n": 5
      }
    },
    "p600": {
      "gram": {
        "mean": 0.1338228179515637,
        "std": 0.11121539452483427,
        "sem": 0.04973703646039747,
        "ci95_lo": 0.036338226489184666,
        "ci95_hi": 0.23130740941394273,
        "min": 0.007843137254901955,
        "max": 0.2555223540795126,
        "n": 5
      },
      "catviol": {
        "mean": 4.809163830181144,
        "std": 0.05987203504984119,
        "sem": 0.02677558806453898,
        "ci95_lo": 4.756683677574648,
        "ci95_hi": 4.8616439827876405,
        "min": 4.730847426468928,
        "max": 4.8984843347726965,
        "n": 5
      },
      "novel": {
        "mean": 0.3853118771069992,
        "std": 0.20965799267128762,
        "sem": 0.09376190472783036,
        "ci95_lo": 0.20153854384045172,
        "ci95_hi": 0.5690852103735466,
        "min": 0.22212885154061626,
        "max": 0.7371710566019448,
        "n": 5
      }
    },
    "n400_tests": {
      "catviol_vs_gram": {
        "t": 12.293000691652258,
        "p": 0.0002515355112924376,
        "d": 5.4975970387972755,
        "significant": "True"
      },
      "novel_vs_gram": {
        "t": 65.31697056624941,
        "p": 3.291309912432058e-07,
        "d": 29.21063725409732,
        "significant": "True"
      },
      "catviol_vs_novel": {
        "t": -22.135943621178644,
        "p": 2.4653200724979904e-05,
        "d": -9.89949493661166,
        "significant": "True"
      }
    },
    "n400_cat_tests": {
      "catviol_vs_gram": {
        "t": 13.535380621262961,
        "p": 0.00017243638534946475,
        "d": 6.053206234095463,
        "significant": "True"
      },
      "novel_vs_gram": {
        "t": 0.0,
        "p": 1.0,
        "d": 0.0,
        "significant": false
      }
    },
    "p600_tests": {
      "catviol_vs_gram": {
        "t": 88.80298101133643,
        "p": 9.639932994086567e-08,
        "d": 39.713900429194254,
        "significant": "True"
      },
      "novel_vs_gram": {
        "t": 3.81064379140733,
        "p": 0.018929671195195487,
        "d": 1.704171711124864,
        "significant": "True"
      }
    },
    "double_dissociation": {
      "novel_n400_effect": 0.8951999999999999,
      "novel_p600_effect": 0.2514890591554355,
      "catviol_n400_effect": 0.27919999999999995,
      "catviol_p600_effect": 4.67534101222958
    }
  },
  "raw_data": {},
  "success": true,
  "error_message": null,
  "duration_seconds": 4.579850800102577
}