{
  "experiment_name": "composed_erp",
  "timestamp": "2026-02-22T00:39:23.842133",
  "parameters": {
    "n": 5000,
    "k": 50,
    "p": 0.05,
    "beta": 0.1,
    "w_max": 20.0,
    "lexicon_rounds": 20,
    "train_rounds_per_pair": 5,
    "binding_rounds": 10,
    "training_reps": 3,
    "n_train_sentences": 15,
    "lexicon_readout_rounds": 5,
    "n_settling_rounds": 10,
    "n_seeds": 5,
    "n_nouns": 5,
    "n_verbs": 5,
    "n_novel": 2
  },
  "metrics": {
    "n400": {
      "gram": {
        "mean": 0.09759999999999999,
        "std": 0.014028542333400158,
        "sem": 0.006273754856543254,
        "ci95_lo": 0.08530344048117522,
        "ci95_hi": 0.10989655951882477,
        "min": 0.08399999999999999,
        "max": 0.12000000000000002,
        "n": 5
      },
      "catviol": {
        "mean": 0.36319999999999997,
        "std": 0.04529017553509814,
        "sem": 0.02025438224187547,
        "ci95_lo": 0.32350141080592404,
        "ci95_hi": 0.4028985891940759,
        "min": 0.308,
        "max": 0.41200000000000003,
        "n": 5
      },
      "novel": {
        "mean": 0.9872,
        "std": 0.019473058311420988,
        "sem": 0.008708616422830918,
        "ci95_lo": 0.9701311118112513,
        "ci95_hi": 1.0042688881887485,
        "min": 0.9559999999999998,
        "max": 1.0,
        "n": 5
      }
    },
    "n400_cat": {
      "gram": {
        "mean": 0.05040000000000002,
        "std": 0.016395121225535342,
        "sem": 0.007332121111929337,
        "ci95_lo": 0.03602904262061852,
        "ci95_hi": 0.06477095737938152,
        "min": 0.03600000000000003,
        "max": 0.072,
        "n": 5
      },
      "catviol": {
        "mean": 0.32,
        "std": 0.04127953488110057,
        "sem": 0.018460769214742913,
        "ci95_lo": 0.2838168923391039,
        "ci95_hi": 0.3561831076608961,
        "min": 0.26,
        "max": 0.368,
        "n": 5
      },
      "novel": {
        "mean": 0.05040000000000002,
        "std": 0.016395121225535342,
        "sem": 0.007332121111929337,
        "ci95_lo": 0.03602904262061852,
        "ci95_hi": 0.06477095737938152,
        "min": 0.03600000000000003,
        "max": 0.072,
        "n": 5
      }
    },
    "p600": {
      "gram": {
        "mean": 0.5816,
        "std": 0.053635808933957516,
        "sem": 0.023986662960903904,
        "ci95_lo": 0.5345861405966283,
        "ci95_hi": 0.6286138594033717,
        "min": 0.504,
        "max": 0.6479999999999999,
        "n": 5
      },
      "catviol": {
        "mean": 1.0,
        "std": 0.0,
        "sem": 0.0,
        "ci95_lo": 1.0,
        "ci95_hi": 1.0,
        "min": 1.0,
        "max": 1.0,
        "n": 5
      },
      "novel": {
        "mean": 0.5936,
        "std": 0.06850401448090467,
        "sem": 0.03063592662218656,
        "ci95_lo": 0.5335535838205143,
        "ci95_hi": 0.6536464161794857,
        "min": 0.516,
        "max": 0.6679999999999999,
        "n": 5
      }
    },
    "n400_tests": {
      "catviol_vs_gram": {
        "t": 14.788455385820804,
        "p": 0.00012171269524419523,
        "d": 6.61359830498364,
        "significant": "True"
      },
      "novel_vs_gram": {
        "t": 86.17824952208446,
        "p": 1.086853047607511e-07,
        "d": 38.54008482266392,
        "significant": "True"
      },
      "catviol_vs_novel": {
        "t": -30.022213997860476,
        "p": 7.331198168018423e-06,
        "d": -13.42634226685235,
        "significant": "True"
      }
    },
    "n400_cat_tests": {
      "catviol_vs_gram": {
        "t": 11.318543151118602,
        "p": 0.000347312422820182,
        "d": 5.061806378433174,
        "significant": "True"
      },
      "novel_vs_gram": {
        "t": 0.0,
        "p": 1.0,
        "d": 0.0,
        "significant": false
      }
    },
    "p600_tests": {
      "catviol_vs_gram": {
        "t": 17.443026596986588,
        "p": 6.341725266841586e-05,
        "d": 7.800758640839768,
        "significant": "True"
      },
      "novel_vs_gram": {
        "t": 0.804662671178732,
        "p": 0.46611902005750117,
        "d": 0.3598560863424411,
        "significant": "False"
      }
    },
    "double_dissociation": {
      "novel_n400_effect": 0.8896,
      "novel_p600_effect": 0.01200000000000001,
      "catviol_n400_effect": 0.26559999999999995,
      "catviol_p600_effect": 0.4184
    }
  },
  "raw_data": {},
  "success": true,
  "error_message": null,
  "duration_seconds": 4.381692699971609
}