{
  "experiment_name": "curriculum_ablation",
  "timestamp": "2026-02-22T03:55:03.437125",
  "parameters": {
    "n": 5000,
    "k": 50,
    "p": 0.05,
    "beta": 0.1,
    "sentences_per_stage": 30,
    "training_reps": 2,
    "n_test_items": 4,
    "n_seeds": 3,
    "conditions": {
      "standard": [
        "SVO",
        "SVO_PP",
        "SRC",
        "ORC"
      ],
      "reversed": [
        "ORC",
        "SRC",
        "SVO_PP",
        "SVO"
      ],
      "all_at_once": [
        "FULL",
        "FULL",
        "FULL",
        "FULL"
      ],
      "skipped_pp": [
        "SVO",
        "SVO",
        "SRC",
        "ORC"
      ]
    }
  },
  "metrics": {
    "condition_effects": {
      "standard": {
        "prediction_n400_d": {
          "mean": -2.941332137250736,
          "std": 1.8730522018674551,
          "sem": 1.0814071929543965,
          "ci95_lo": -5.060890235441353,
          "ci95_hi": -0.8217740390601191,
          "min": -5.102520385624565,
          "max": -1.7881186820378094,
          "n": 3
        },
        "binding_p600_d": {
          "mean": -6.51626021007208,
          "std": 1.7620807456689296,
          "sem": 1.017337792845813,
          "ci95_lo": -8.510242284049873,
          "ci95_hi": -4.522278136094286,
          "min": -8.462140044484242,
          "max": -5.028449137354017,
          "n": 3
        },
        "pp_p600_d": {
          "mean": -5.682768835652449,
          "std": 1.1901877891660086,
          "sem": 0.6871552404612007,
          "ci95_lo": -7.029593106956402,
          "ci95_hi": -4.3359445643484955,
          "min": -7.056177795070582,
          "max": -4.952961616791775,
          "n": 3
        },
        "src_dual_binding_mean": {
          "mean": 0.03267973856209148,
          "std": 0.005660296756761033,
          "sem": 0.0032679738562091483,
          "ci95_lo": 0.02627450980392155,
          "ci95_hi": 0.039084967320261406,
          "min": 0.02941176470588233,
          "max": 0.039215686274509776,
          "n": 3
        },
        "garden_path_d": {
          "mean": 0.0,
          "std": 0.0,
          "sem": 0.0,
          "ci95_lo": 0.0,
          "ci95_hi": 0.0,
          "min": 0.0,
          "max": 0.0,
          "n": 3
        },
        "src_orc_d": {
          "mean": 1.0,
          "std": 0.8660254037844386,
          "sem": 0.5,
          "ci95_lo": 0.020000000000000018,
          "ci95_hi": 1.98,
          "min": 0.0,
          "max": 1.5,
          "n": 3
        }
      },
      "reversed": {
        "prediction_n400_d": {
          "mean": -3.887871259340414,
          "std": 1.4333176119647046,
          "sem": 0.8275263091020538,
          "ci95_lo": -5.509822825180439,
          "ci95_hi": -2.265919693500389,
          "min": -5.524598305820799,
          "max": -2.8568041671177054,
          "n": 3
        },
        "binding_p600_d": {
          "mean": -11.896850645794565,
          "std": 10.358198707529223,
          "sem": 5.98030881211163,
          "ci95_lo": -23.61825591753336,
          "ci95_hi": -0.17544537405576932,
          "min": -23.82069441845979,
          "max": -5.123299085001605,
          "n": 3
        },
        "pp_p600_d": {
          "mean": -6.048407664434506,
          "std": 1.1717947687078196,
          "sem": 0.676536025148455,
          "ci95_lo": -7.374418273725477,
          "ci95_hi": -4.722397055143534,
          "min": -7.1576165125461815,
          "max": -4.82272591366878,
          "n": 3
        },
        "src_dual_binding_mean": {
          "mean": 0.022750125691302147,
          "std": 0.024473035808450016,
          "sem": 0.014129513811895969,
          "ci95_lo": -0.0049437213800139525,
          "ci95_hi": 0.05044397276261825,
          "min": 0.0,
          "max": 0.04864253393665155,
          "n": 3
        },
        "garden_path_d": {
          "mean": 0.1666666666666661,
          "std": 0.2886751345948134,
          "sem": 0.166666666666667,
          "ci95_lo": -0.16000000000000117,
          "ci95_hi": 0.4933333333333334,
          "min": -1.6996749443881514e-15,
          "max": 0.5,
          "n": 3
        },
        "src_orc_d": {
          "mean": 0.3599999999999997,
          "std": 2.0636860226303804,
          "sem": 1.1914696806885183,
          "ci95_lo": -1.9752805741494963,
          "ci95_hi": 2.695280574149496,
          "min": -1.5,
          "max": 2.579999999999999,
          "n": 3
        }
      },
      "all_at_once": {
        "prediction_n400_d": {
          "mean": -3.0314118889304873,
          "std": 0.4927286012993347,
          "sem": 0.2844769905975987,
          "ci95_lo": -3.5889867905017807,
          "ci95_hi": -2.473836987359194,
          "min": -3.599310485526781,
          "max": -2.7174648819470293,
          "n": 3
        },
        "binding_p600_d": {
          "mean": -8.067727539482815,
          "std": 7.881451415168499,
          "sem": 4.55035809615249,
          "ci95_lo": -16.986429407941696,
          "ci95_hi": 0.850974328976065,
          "min": -17.020097553700204,
          "max": -2.17429881442454,
          "n": 3
        },
        "pp_p600_d": {
          "mean": -7.415943736241981,
          "std": 3.3833662316505793,
          "sem": 1.9533874046105517,
          "ci95_lo": -11.244583049278662,
          "ci95_hi": -3.5873044232052993,
          "min": -11.186346046274704,
          "max": -4.644617943915286,
          "n": 3
        },
        "src_dual_binding_mean": {
          "mean": 0.06362825730195316,
          "std": 0.04237360457697138,
          "sem": 0.024464412009049186,
          "ci95_lo": 0.01567800976421676,
          "ci95_hi": 0.11157850483968956,
          "min": 0.019607843137254888,
          "max": 0.10413642960812769,
          "n": 3
        },
        "garden_path_d": {
          "mean": -0.4203721613111822,
          "std": 0.13791946230593108,
          "sem": 0.07962783868881776,
          "ci95_lo": -0.576442725141265,
          "ci95_hi": -0.2643015974810994,
          "min": -0.5,
          "max": -0.26111648393354675,
          "n": 3
        },
        "src_orc_d": {
          "mean": 0.3307182391554641,
          "std": 2.5760703587705716,
          "sem": 1.4872949150876054,
          "ci95_lo": -2.5843797944162423,
          "ci95_hi": 3.24581627272717,
          "min": -2.470948597457234,
          "max": 2.5970779111391873,
          "n": 3
        }
      },
      "skipped_pp": {
        "prediction_n400_d": {
          "mean": -2.5355405930024704,
          "std": 0.5991836354911119,
          "sem": 0.34593883324481206,
          "ci95_lo": -3.213580706162302,
          "ci95_hi": -1.8575004798426389,
          "min": -3.171759112215459,
          "max": -1.98197321419392,
          "n": 3
        },
        "binding_p600_d": {
          "mean": -6.717650505883995,
          "std": 3.1682596582642217,
          "sem": 1.8291955665614803,
          "ci95_lo": -10.302873816344496,
          "ci95_hi": -3.1324271954234937,
          "min": -10.366413182976537,
          "max": -4.663557485273287,
          "n": 3
        },
        "pp_p600_d": {
          "mean": -6.947739602699156,
          "std": 1.3296047619085847,
          "sem": 0.7676476672037297,
          "ci95_lo": -8.452329030418467,
          "ci95_hi": -5.443150174979846,
          "min": -8.202763766173875,
          "max": -5.554372061549957,
          "n": 3
        },
        "src_dual_binding_mean": {
          "mean": 0.019482151835092998,
          "std": 0.01960905167022391,
          "sem": 0.011321291260357056,
          "ci95_lo": -0.002707579035206832,
          "ci95_hi": 0.04167188270539283,
          "min": 0.0,
          "max": 0.039215686274509776,
          "n": 3
        },
        "garden_path_d": {
          "mean": 0.3333333333333333,
          "std": 0.2886751345948129,
          "sem": 0.16666666666666669,
          "ci95_lo": 0.006666666666666599,
          "ci95_hi": 0.66,
          "min": 0.0,