{
  "experiment_name": "depth_generalization",
  "timestamp": "2026-02-22T03:54:02.311229",
  "parameters": {
    "n": 5000,
    "k": 50,
    "p": 0.05,
    "beta": 0.1,
    "n_train_sentences": 50,
    "training_reps": 2,
    "n_test_items": 4,
    "n_seeds": 3
  },
  "metrics": {
    "A_pp_depth": {
      "svo_n400": {
        "t": -15.341021438467202,
        "p": 0.004222154912561862,
        "d": -8.857142857142858,
        "significant": "True"
      },
      "svo_p600": {
        "t": -57.62543107745264,
        "p": 0.00030100624295634746,
        "d": -33.27005814473551,
        "significant": "True"
      },
      "pp0_within_n400": {
        "t": -4.432968494972568,
        "p": 0.04730571093455378,
        "d": -2.559375553881542,
        "significant": "True"
      },
      "pp0_within_p600": {
        "t": -16.53411095206011,
        "p": 0.0036380051861079573,
        "d": -9.545973408983043,
        "significant": "True"
      },
      "pp1_cross_n400": {
        "t": -4.86154917917588,
        "p": 0.039801774530691544,
        "d": -2.806816727275798,
        "significant": "True"
      },
      "pp1_cross_p600": {
        "t": -1.8951605069471666,
        "p": 0.19854959173851566,
        "d": -1.0941714288434943,
        "significant": "False"
      }
    },
    "B_rc_depth": {
      "svo_n400": {
        "t": -7.370434740955017,
        "p": 0.01791511456495102,
        "d": -4.255322481734948,
        "significant": "True"
      },
      "rc_main_verb_n400": {
        "mean": 0.05833333333333334,
        "std": 0.033291640592396955,
        "sem": 0.019220937657784657,
        "ci95_lo": 0.020660295524075417,
        "ci95_hi": 0.09600637114259127,
        "min": 0.030000000000000027,
        "max": 0.095,
        "n": 3
      },
      "rc_p600_agent": {
        "mean": 0.16819630609863676,
        "std": 0.20967693077233662,
        "sem": 0.12105703242426308,
        "ci95_lo": -0.06907547745291887,
        "ci95_hi": 0.4054680896501924,
        "min": 0.019607843137254888,
        "max": 0.40803665442955095,
        "n": 3
      },
      "rc_p600_rel_agent": {
        "mean": 3.337969027393838,
        "std": 0.424634162613732,
        "sem": 0.2451626480921495,
        "ci95_lo": 2.857450237133225,
        "ci95_hi": 3.818487817654451,
        "min": 2.8531713083415537,
        "max": 3.6439489435323233,
        "n": 3
      }
    },
    "C_full": {
      "pp0_n400": {
        "t": -7.686151382644181,
        "p": 0.01650907067708378,
        "d": -4.437601569801832,
        "significant": "True"
      },
      "pp0_p600": {
        "t": -26.873911877778106,
        "p": 0.0013817750619237305,
        "d": -15.51566025681347,
        "significant": "True"
      },
      "pp1_n400": {
        "t": -7.571788679411756,
        "p": 0.016998795456616565,
        "d": -4.371574232305338,
        "significant": "True"
      },
      "pp1_p600": {
        "t": -89.54972028617514,
        "p": 0.0001246781375877788,
        "d": -51.70155511307891,
        "significant": "True"
      }
    },
    "hypotheses": {
      "H1_within_depth_strong": false,
      "H2_cross_depth_degrades": true,
      "H3_p600_generalizes_better": true
    }
  },
  "raw_data": {},
  "success": true,
  "error_message": null,
  "duration_seconds": 54.68617250001989
}