{
  "experiment_name": "depth_generalization",
  "timestamp": "2026-02-22T03:56:11.399902",
  "parameters": {
    "n": 5000,
    "k": 50,
    "p": 0.05,
    "beta": 0.1,
    "n_train_sentences": 50,
    "training_reps": 2,
    "n_test_items": 4,
    "n_seeds": 3
  },
  "metrics": {
    "A_pp_depth": {
      "svo_n400": {
        "t": -10.812729958308008,
        "p": 0.008445018067832342,
        "d": -6.24273255210386,
        "significant": "True"
      },
      "svo_p600": {
        "t": -26.90924460345068,
        "p": 0.0013781563045831865,
        "d": -15.536059615491736,
        "significant": "True"
      },
      "pp0_within_n400": {
        "t": -3.286544952796304,
        "p": 0.08143219295280234,
        "d": -1.897487613200752,
        "significant": "False"
      },
      "pp0_within_p600": {
        "t": -53.16508388553137,
        "p": 0.000353603531279071,
        "d": -30.69487549280057,
        "significant": "True"
      },
      "pp1_cross_n400": {
        "t": -3.6858601626279275,
        "p": 0.06636402585022948,
        "d": -2.1280323570885518,
        "significant": "False"
      },
      "pp1_cross_p600": {
        "t": 2.2553236439134365,
        "p": 0.15278537371143802,
        "d": 1.3021117129231503,
        "significant": "False"
      }
    },
    "B_rc_depth": {
      "svo_n400": {
        "t": -6.640000000000002,
        "p": 0.021937495563712,
        "d": -3.833605787419117,
        "significant": "True"
      },
      "rc_main_verb_n400": {
        "mean": 0.065,
        "std": 0.02783882181415008,
        "sem": 0.016072751268321576,
        "ci95_lo": 0.033497407514089715,
        "ci95_hi": 0.09650259248591028,
        "min": 0.040000000000000036,
        "max": 0.09499999999999997,
        "n": 3
      },
      "rc_p600_agent": {
        "mean": 0.0647310206133735,
        "std": 0.044193855447018836,
        "sem": 0.025515334338863736,
        "ci95_lo": 0.014720965309200584,
        "ci95_hi": 0.11474107591754643,
        "min": 0.039215686274509776,
        "max": 0.11576168929110098,
        "n": 3
      },
      "rc_p600_rel_agent": {
        "mean": 3.708910898963428,
        "std": 0.126536468977129,
        "sem": 0.07305586442625016,
        "ci95_lo": 3.5657214046879777,
        "ci95_hi": 3.8521003932388784,
        "min": 3.6187806474970783,
        "max": 3.85356960535901,
        "n": 3
      }
    },
    "C_full": {
      "pp0_n400": {
        "t": -6.673086127539666,
        "p": 0.021727517111111625,
        "d": -3.8527080720605835,
        "significant": "True"
      },
      "pp0_p600": {
        "t": -83.66392139106432,
        "p": 0.00014283364250284485,
        "d": -48.30338753659068,
        "significant": "True"
      },
      "pp1_n400": {
        "t": -7.210892646184179,
        "p": 0.01869429506055999,
        "d": -4.163210810371929,
        "significant": "True"
      },
      "pp1_p600": {
        "t": -30.023632612412612,
        "p": 0.0011075199920433081,
        "d": -17.33415237082685,
        "significant": "True"
      }
    },
    "hypotheses": {
      "H1_within_depth_strong": true,
      "H2_cross_depth_degrades": false,
      "H3_p600_generalizes_better": false
    }
  },
  "raw_data": {},
  "success": true,
  "error_message": null,
  "duration_seconds": 58.09384330001194
}