{
  "experiment_name": "forward_prediction",
  "timestamp": "2026-02-21T23:14:04.436486",
  "parameters": {
    "n": 10000,
    "k": 100,
    "p": 0.05,
    "beta": 0.1,
    "w_max": 20.0,
    "lexicon_rounds": 20,
    "train_rounds_per_pair": 5,
    "training_reps": 3,
    "n_train_sentences": 20,
    "lexicon_readout_rounds": 5,
    "n_seeds": 10,
    "n_nouns": 5,
    "n_verbs": 5
  },
  "metrics": {
    "verb_prediction": {
      "correct_overlap": {
        "mean": 0.9917999999999999,
        "std": 0.004848825745591541,
        "sem": 0.0015333333333333414,
        "ci95_lo": 0.9887946666666666,
        "ci95_hi": 0.9948053333333332,
        "min": 0.984,
        "max": 0.998,
        "n": 10
      },
      "incorrect_overlap": {
        "mean": 0.7632,
        "std": 0.037867605622161495,
        "sem": 0.011974788330302782,
        "ci95_lo": 0.7397294148726066,
        "ci95_hi": 0.7866705851273934,
        "min": 0.7,
        "max": 0.8240000000000001,
        "n": 10
      },
      "advantage": {
        "mean": 0.2286,
        "std": 0.03910157712079317,
        "sem": 0.012365004380643526,
        "ci95_lo": 0.2043645914139387,
        "ci95_hi": 0.2528354085860613,
        "min": 0.1639999999999998,
        "max": 0.29400000000000004,
        "n": 10
      },
      "advantage_test": {
        "t": 18.48766025169032,
        "p": 1.8144614566033735e-08,
        "d": 5.846311500270321,
        "significant": "True"
      },
      "top1_accuracy": {
        "mean": 1.0,
        "std": 0.0,
        "sem": 0.0,
        "ci95_lo": 1.0,
        "ci95_hi": 1.0,
        "min": 1.0,
        "max": 1.0,
        "n": 10
      }
    },
    "object_prediction": {
      "correct_overlap": {
        "mean": 0.9851999999999999,
        "std": 0.005750362307426103,
        "sem": 0.001818424226264786,
        "ci95_lo": 0.9816358885165208,
        "ci95_hi": 0.9887641114834789,
        "min": 0.974,
        "max": 0.994,
        "n": 10
      },
      "incorrect_overlap": {
        "mean": 0.7692,
        "std": 0.0371208237456492,
        "sem": 0.011738635165791435,
        "ci95_lo": 0.7461922750750488,
        "ci95_hi": 0.7922077249249512,
        "min": 0.7060000000000001,
        "max": 0.8219999999999998,
        "n": 10
      },
      "advantage": {
        "mean": 0.21600000000000003,
        "std": 0.03693838713918679,
        "sem": 0.011680943645290135,
        "ci95_lo": 0.19310535045523136,
        "ci95_hi": 0.2388946495447687,
        "min": 0.16600000000000026,
        "max": 0.2799999999999999,
        "n": 10
      },
      "advantage_test": {
        "t": 18.49165671534536,
        "p": 1.8110173723684155e-08,
        "d": 5.8475752930439215,
        "significant": "True"
      },
      "top1_accuracy": {
        "mean": 1.0,
        "std": 0.0,
        "sem": 0.0,
        "ci95_lo": 1.0,
        "ci95_hi": 1.0,
        "min": 1.0,
        "max": 1.0,
        "n": 10
      }
    },
    "lexicon_diversity": {
      "within_noun": 0.9707000000000001,
      "within_verb": 0.9835999999999998,
      "cross_category": 0.7575199999999999
    }
  },
  "raw_data": {},
  "success": true,
  "error_message": null,
  "duration_seconds": 22.567034199950285
}