{
  "experiment_name": "forward_prediction",
  "timestamp": "2026-02-21T23:13:11.504916",
  "parameters": {
    "n": 5000,
    "k": 50,
    "p": 0.05,
    "beta": 0.1,
    "w_max": 20.0,
    "lexicon_rounds": 20,
    "train_rounds_per_pair": 5,
    "training_reps": 3,
    "n_train_sentences": 15,
    "lexicon_readout_rounds": 5,
    "n_seeds": 5,
    "n_nouns": 5,
    "n_verbs": 5
  },
  "metrics": {
    "verb_prediction": {
      "correct_overlap": {
        "mean": 0.93104,
        "std": 0.0204931207969894,
        "sem": 0.009164802234636593,
        "ci95_lo": 0.9130769876201122,
        "ci95_hi": 0.9490030123798877,
        "min": 0.8984,
        "max": 0.952,
        "n": 5
      },
      "incorrect_overlap": {
        "mean": 0.61216,
        "std": 0.057487111599035835,
        "sem": 0.025709017873112153,
        "ci95_lo": 0.5617703249687003,
        "ci95_hi": 0.6625496750312998,
        "min": 0.5472,
        "max": 0.68,
        "n": 5
      },
      "advantage": {
        "mean": 0.3188799999999999,
        "std": 0.04354896095201354,
        "sem": 0.019475687407637245,
        "ci95_lo": 0.2807076526810309,
        "ci95_hi": 0.3570523473189689,
        "min": 0.26239999999999986,
        "max": 0.37919999999999987,
        "n": 5
      },
      "advantage_test": {
        "t": 16.37323465537619,
        "p": 8.144975229494953e-05,
        "d": 7.322333140195301,
        "significant": "True"
      },
      "top1_accuracy": {
        "mean": 1.0,
        "std": 0.0,
        "sem": 0.0,
        "ci95_lo": 1.0,
        "ci95_hi": 1.0,
        "min": 1.0,
        "max": 1.0,
        "n": 5
      }
    },
    "object_prediction": {
      "correct_overlap": {
        "mean": 0.8891200000000001,
        "std": 0.010363011145415178,
        "sem": 0.0046344794745472595,
        "ci95_lo": 0.8800364202298875,
        "ci95_hi": 0.8982035797701128,
        "min": 0.8784000000000001,
        "max": 0.9064,
        "n": 5
      },
      "incorrect_overlap": {
        "mean": 0.6336,
        "std": 0.06001866376386591,
        "sem": 0.026841162418941508,
        "ci95_lo": 0.5809913216588747,
        "ci95_hi": 0.6862086783411254,
        "min": 0.5576000000000001,
        "max": 0.696,
        "n": 5
      },
      "advantage": {
        "mean": 0.25552,
        "std": 0.06158597242879252,
        "sem": 0.02754208416224158,
        "ci95_lo": 0.20153751504200654,
        "ci95_hi": 0.30950248495799354,
        "min": 0.19040000000000012,
        "max": 0.3288,
        "n": 5
      },
      "advantage_test": {
        "t": 9.277438791298934,
        "p": 0.0007508054320043787,
        "d": 4.14899675888758,
        "significant": "True"
      },
      "top1_accuracy": {
        "mean": 1.0,
        "std": 0.0,
        "sem": 0.0,
        "ci95_lo": 1.0,
        "ci95_hi": 1.0,
        "min": 1.0,
        "max": 1.0,
        "n": 5
      }
    },
    "lexicon_diversity": {
      "within_noun": 0.8200000000000001,
      "within_verb": 0.8808,
      "cross_category": 0.5793600000000001
    }
  },
  "raw_data": {},
  "success": true,
  "error_message": null,
  "duration_seconds": 5.393798700068146
}