{
  "experiment_name": "freeform_learner",
  "timestamp": "2026-02-22T13:52:35.603393",
  "parameters": {
    "n": 5000,
    "k": 50,
    "p": 0.05,
    "beta": 0.15,
    "n_train_sentences": 100,
    "n_core_areas": 2,
    "core_refractory_period": 1,
    "n_struct_areas": 6,
    "struct_refractory_period": 5,
    "use_p600_feedback": false,
    "n_seeds": 5
  },
  "metrics": {
    "assembly_stability": {
      "mean": 0.67025,
      "std": 0.10025903949270613,
      "sem": 0.044837205532905385,
      "ci95_lo": 0.5823690771555055,
      "ci95_hi": 0.7581309228444946,
      "min": 0.51125,
      "max": 0.77875,
      "n": 5
    },
    "n400_separation_d": {
      "mean": 0.4944389370074437,
      "std": 0.9054369890364058,
      "sem": 0.40492373136562704,
      "ci95_lo": -0.2992115764691853,
      "ci95_hi": 1.2880894504840725,
      "min": -0.1463850109422801,
      "max": 2.0863147796068344,
      "n": 5
    },
    "binding_consistency": {
      "mean": 0.9949999999999999,
      "std": 0.0068465319688145515,
      "sem": 0.0030618621784789615,
      "ci95_lo": 0.9889987501301811,
      "ci95_hi": 1.0010012498698186,
      "min": 0.9875,
      "max": 1.0,
      "n": 5
    },
    "prediction_improved_count": 2,
    "novel_combination_d": {
      "mean": 0.25728547791410117,
      "std": 0.46227335418753956,
      "sem": 0.2067349288300351,
      "ci95_lo": -0.14791498259276764,
      "ci95_hi": 0.66248593842097,
      "min": -0.09873951698254987,
      "max": 0.9241408138493158,
      "n": 5
    },
    "n_words_learned": 16.0,
    "hypotheses": {
      "H1_assembly_stable": false,
      "H2_n400_separation": false,
      "H3_binding_consistent": true,
      "H4_prediction_improves": false,
      "H5_novel_generalization": false
    }
  },
  "raw_data": {},
  "success": true,
  "error_message": null,
  "duration_seconds": 148.55849769999986
}