{
  "experiment_name": "freeform_learner",
  "timestamp": "2026-02-22T14:21:52.188593",
  "parameters": {
    "n": 5000,
    "k": 50,
    "p": 0.05,
    "beta": 0.15,
    "n_train_sentences": 100,
    "n_core_areas": 2,
    "core_refractory_period": 1,
    "n_struct_areas": 6,
    "struct_refractory_period": 5,
    "use_p600_feedback": false,
    "n_seeds": 5
  },
  "metrics": {
    "assembly_stability": {
      "mean": 0.781,
      "std": 0.05726446323855663,
      "sem": 0.025609446499290072,
      "ci95_lo": 0.7308054848613915,
      "ci95_hi": 0.8311945151386085,
      "min": 0.6937499999999999,
      "max": 0.835,
      "n": 5
    },
    "n400_separation_d": {
      "mean": 0.475441287310072,
      "std": 0.8441169553726542,
      "sem": 0.3775005786346822,
      "ci95_lo": -0.26445984681390516,
      "ci95_hi": 1.2153424214340491,
      "min": -0.196418024090311,
      "max": 1.9511377757351924,
      "n": 5
    },
    "binding_consistency": {
      "mean": 0.985,
      "std": 0.020539595906443747,
      "sem": 0.009185586535436925,
      "ci95_lo": 0.9669962503905436,
      "ci95_hi": 1.0030037496094564,
      "min": 0.9624999999999999,
      "max": 1.0,
      "n": 5
    },
    "prediction_improved_count": 2,
    "novel_combination_d": {
      "mean": 0.5693933425083594,
      "std": 0.4303710398502739,
      "sem": 0.19246778013049667,
      "ci95_lo": 0.1921564934525859,
      "ci95_hi": 0.9466301915641329,
      "min": -0.08935414731484059,
      "max": 0.9542965512696125,
      "n": 5
    },
    "n_words_learned": 16.0,
    "hypotheses": {
      "H1_assembly_stable": false,
      "H2_n400_separation": false,
      "H3_binding_consistent": true,
      "H4_prediction_improves": false,
      "H5_novel_generalization": true
    }
  },
  "raw_data": {},
  "success": true,
  "error_message": null,
  "duration_seconds": 29.646796000000904
}