{
  "experiment_name": "freeform_learner",
  "timestamp": "2026-02-22T13:40:15.606972",
  "parameters": {
    "n": 5000,
    "k": 50,
    "p": 0.05,
    "beta": 0.15,
    "n_train_sentences": 100,
    "n_core_areas": 2,
    "core_refractory_period": 1,
    "n_struct_areas": 6,
    "struct_refractory_period": 5,
    "use_p600_feedback": false,
    "n_seeds": 3
  },
  "metrics": {
    "assembly_stability": {
      "mean": 0.7195833333333334,
      "std": 0.0919097156634343,
      "sem": 0.05306409907942576,
      "ci95_lo": 0.6155776991376589,
      "ci95_hi": 0.8235889675290078,
      "min": 0.62625,
      "max": 0.81,
      "n": 3
    },
    "n400_separation_d": {
      "mean": 1.1786704487173898,
      "std": 1.616246885647803,
      "sem": 0.9331405745056534,
      "ci95_lo": -0.6502850773136908,
      "ci95_hi": 3.0076259747484704,
      "min": -0.32659863237109105,
      "max": 2.886751345948128,
      "n": 3
    },
    "binding_consistency": {
      "mean": 0.9875000000000002,
      "std": 0.012500000000000013,
      "sem": 0.00721687836487033,
      "ci95_lo": 0.9733549184048543,
      "ci95_hi": 1.001645081595146,
      "min": 0.975,
      "max": 1.0,
      "n": 3
    },
    "prediction_improved_count": 1,
    "novel_combination_d": {
      "mean": 0.58106652873223,
      "std": 1.0432009465829255,
      "sem": 0.6022923473285244,
      "ci95_lo": -0.5994264720316779,
      "ci95_hi": 1.7615595294961377,
      "min": -0.12633650324477638,
      "max": 1.7791340362870773,
      "n": 3
    },
    "n_words_learned": 16.0,
    "hypotheses": {
      "H1_assembly_stable": false,
      "H2_n400_separation": true,
      "H3_binding_consistent": true,
      "H4_prediction_improves": false,
      "H5_novel_generalization": true
    }
  },
  "raw_data": {},
  "success": true,
  "error_message": null,
  "duration_seconds": 25.768613399999595
}