{
  "experiment_name": "freeform_learner",
  "timestamp": "2026-02-22T13:18:08.806054",
  "parameters": {
    "n": 10000,
    "k": 100,
    "p": 0.05,
    "beta": 0.15,
    "n_train_sentences": 300,
    "n_struct_areas": 6,
    "refractory_period": 5,
    "n_seeds": 5
  },
  "metrics": {
    "assembly_stability": {
      "mean": 0.992625,
      "std": 0.0046012905798265115,
      "sem": 0.0020577597041443003,
      "ci95_lo": 0.9885917909798771,
      "ci95_hi": 0.9966582090201228,
      "min": 0.98625,
      "max": 0.99875,
      "n": 5
    },
    "n400_separation_d": {
      "mean": -0.0768029853570171,
      "std": 0.6118537323759945,
      "sem": 0.2736293075759375,
      "ci95_lo": -0.6131164282058547,
      "ci95_hi": 0.4595104574918204,
      "min": -0.6986863189822368,
      "max": 0.8017126788077834,
      "n": 5
    },
    "binding_consistency": {
      "mean": 1.0,
      "std": 0.0,
      "sem": 0.0,
      "ci95_lo": 1.0,
      "ci95_hi": 1.0,
      "min": 1.0,
      "max": 1.0,
      "n": 5
    },
    "prediction_improved_count": 0,
    "novel_combination_d": {
      "mean": -0.16768043441722785,
      "std": 0.41039581924594676,
      "sem": 0.18353458990313068,
      "ci95_lo": -0.527408230627364,
      "ci95_hi": 0.19204736179290827,
      "min": -0.7012747726508547,
      "max": 0.4389397331159434,
      "n": 5
    },
    "n_words_learned": 16.0,
    "hypotheses": {
      "H1_assembly_stable": true,
      "H2_n400_separation": false,
      "H3_binding_consistent": true,
      "H4_prediction_improves": false,
      "H5_novel_generalization": false
    }
  },
  "raw_data": {},
  "success": true,
  "error_message": null,
  "duration_seconds": 122.08257589999994
}