{
  "experiment_name": "freeform_det",
  "timestamp": "2026-02-22T15:18:04.394303",
  "parameters": {
    "n": 5000,
    "k": 50,
    "p": 0.05,
    "beta": 0.15,
    "n_train_sentences": 100,
    "n_core_areas": 3,
    "core_refractory_period": 2,
    "n_struct_areas": 8,
    "struct_refractory_period": 5,
    "n_seeds": 3
  },
  "metrics": {
    "assembly_stability": {
      "mean": 0.7892592592592593,
      "std": 0.061023506231264735,
      "sem": 0.0352319377495155,
      "ci95_lo": 0.720204661270209,
      "ci95_hi": 0.8583138572483097,
      "min": 0.7377777777777779,
      "max": 0.8566666666666668,
      "n": 3
    },
    "n400_separation_d": {
      "mean": 0.6183826423714706,
      "std": 1.102428896037453,
      "sem": 0.6364876198896455,
      "ci95_lo": -0.6291330926122346,
      "ci95_hi": 1.8658983773551756,
      "min": -0.625783848869983,
      "max": 1.473675616289078,
      "n": 3
    },
    "binding_consistency": {
      "mean": 0.9962962962962963,
      "std": 0.006415002990995819,
      "sem": 0.0037037037037036904,
      "ci95_lo": 0.9890370370370372,
      "ci95_hi": 1.0035555555555555,
      "min": 0.9888888888888889,
      "max": 1.0,
      "n": 3
    },
    "prediction_improved_count": 2,
    "novel_combination_d": {
      "mean": 0.3529413260675554,
      "std": 1.0615440065322432,
      "sem": 0.6128827179280245,
      "ci95_lo": -0.8483088010713726,
      "ci95_hi": 1.5541914532064833,
      "min": -0.8561666892279691,
      "max": 1.1319058646921358,
      "n": 3
    },
    "n_words_learned": 18.0,
    "hypotheses": {
      "H1_assembly_stable": false,
      "H2_n400_separation": false,
      "H3_binding_consistent": true,
      "H4_prediction_improves": true,
      "H5_novel_generalization": false
    }
  },
  "raw_data": {},
  "success": true,
  "error_message": null,
  "duration_seconds": 23.25421600000118
}