{
  "experiment_name": "garden_path_erp",
  "timestamp": "2026-02-22T02:31:28.490741",
  "parameters": {
    "n": 5000,
    "k": 50,
    "p": 0.05,
    "beta": 0.1,
    "pp_prob": 0.4,
    "rel_prob": 0.4,
    "n_train_sentences": 50,
    "training_reps": 2,
    "n_seeds": 5
  },
  "metrics": {
    "baseline": {
      "n400_gram": {
        "mean": 0.09440000000000001,
        "std": 0.03471022903986661,
        "sem": 0.0155228863295458,
        "ci95_lo": 0.06397514279409025,
        "ci95_hi": 0.12482485720590977,
        "min": 0.05600000000000003,
        "max": 0.136,
        "n": 5
      },
      "n400_cv": {
        "mean": 0.4032,
        "std": 0.07748032008194079,
        "sem": 0.034650252524332334,
        "ci95_lo": 0.33528550505230864,
        "ci95_hi": 0.47111449494769136,
        "min": 0.268,
        "max": 0.45599999999999996,
        "n": 5
      },
      "p600_gram": {
        "mean": 0.031013973078345976,
        "std": 0.023691411208762357,
        "sem": 0.010595121189138617,
        "ci95_lo": 0.010247535547634287,
        "ci95_hi": 0.051780410609057664,
        "min": 0.0,
        "max": 0.0615555365832835,
        "n": 5
      },
      "p600_cv": {
        "mean": 4.706007607935532,
        "std": 0.34864358534132406,
        "sem": 0.15591815134848996,
        "ci95_lo": 4.400408031292492,
        "ci95_hi": 5.011607184578572,
        "min": 4.164769766017925,
        "max": 5.0435724754982,
        "n": 5
      },
      "p600_test": {
        "t": 28.80797913465419,
        "p": 8.642101769809413e-06,
        "d": 12.88331992789647,
        "significant": "True"
      }
    },
    "garden_path": {
      "n400_unambiguous": {
        "mean": 0.168,
        "std": 0.02993325909419153,
        "sem": 0.013386560424545207,
        "ci95_lo": 0.14176234156789141,
        "ci95_hi": 0.1942376584321086,
        "min": 0.132,
        "max": 0.196,
        "n": 5
      },
      "n400_garden_path": {
        "mean": 0.17520000000000002,
        "std": 0.029037906260610456,
        "sem": 0.01298614646459834,
        "ci95_lo": 0.14974715292938728,
        "ci95_hi": 0.20065284707061276,
        "min": 0.14400000000000002,
        "max": 0.21200000000000002,
        "n": 5
      },
      "n400_test": {
        "t": 1.9639610121239344,
        "p": 0.12100391941035268,
        "d": 0.878310065653681,
        "significant": "False"
      },
      "p600_unambiguous": {
        "mean": 0.026546003016591234,
        "std": 0.018727177309404215,
        "sem": 0.008375048298103887,
        "ci95_lo": 0.010130908352307618,
        "ci95_hi": 0.042961097680874846,
        "min": 0.0,
        "max": 0.04645550527903466,
        "n": 5
      },
      "p600_garden_path": {
        "mean": 0.024977375565610842,
        "std": 0.018580096254889277,
        "sem": 0.008309271650884336,
        "ci95_lo": 0.008691203129877544,
        "ci95_hi": 0.041263548001344144,
        "min": 0.0,
        "max": 0.046757164404223193,
        "n": 5
      },
      "p600_test": {
        "t": -0.5495342922435095,
        "p": 0.611877711353331,
        "d": -0.24575920668474455,
        "significant": "False"
      }
    },
    "post_object_predictions": {
      "n400_prep": {
        "mean": 0.09040000000000001,
        "std": 0.03424616766880639,
        "sem": 0.015315351775261318,
        "ci95_lo": 0.06038191052048782,
        "ci95_hi": 0.12041808947951219,
        "min": 0.04400000000000004,
        "max": 0.13200000000000006,
        "n": 5
      },
      "n400_verb": {
        "mean": 0.16960000000000003,
        "std": 0.03377573093213528,
        "sem": 0.015104966070799366,
        "ci95_lo": 0.13999426650123328,
        "ci95_hi": 0.19920573349876677,
        "min": 0.128,
        "max": 0.21200000000000002,
        "n": 5
      },
      "n400_noun": {
        "mean": 0.4312,
        "std": 0.0602262401283693,
        "sem": 0.02693399339125188,
        "ci95_lo": 0.37840937295314636,
        "ci95_hi": 0.4839906270468537,
        "min": 0.364,
        "max": 0.528,
        "n": 5
      }
    },
    "hypotheses": {
      "H1_gp_higher_n400": "True",
      "H2_gp_higher_p600": "False",
      "H3_baseline_intact": true
    }
  },
  "raw_data": {},
  "success": true,
  "error_message": null,
  "duration_seconds": 55.831112100044265
}