{
  "experiment_name": "generalization",
  "timestamp": "2026-02-22T03:03:05.462559",
  "parameters": {
    "n": 5000,
    "k": 50,
    "p": 0.05,
    "beta": 0.1,
    "n_train_sentences": 60,
    "training_reps": 2,
    "n_seeds": 5
  },
  "metrics": {
    "orc_generalization": {
      "src_p600_rel_agent": {
        "mean": 0.18559751589718276,
        "std": 0.22587267831810004,
        "sem": 0.1010133325958429,
        "ci95_lo": -0.012388615990669316,
        "ci95_hi": 0.38358364778503484,
        "min": 0.04705882352941173,
        "max": 0.5867269984917038,
        "n": 5
      },
      "orc_p600_rel_patient": {
        "mean": 0.15463046757164395,
        "std": 0.24032196326650745,
        "sem": 0.10747524927002361,
        "ci95_lo": -0.05602102099760231,
        "ci95_hi": 0.3652819561408902,
        "min": 0.0,
        "max": 0.5791855203619907,
        "n": 5
      },
      "dual_binding_test": {
        "t": -0.20355911760586234,
        "p": 0.8486344120723979,
        "d": -0.0910344048813165,
        "significant": "False"
      },
      "src_n400_main": {
        "mean": 0.18159999999999998,
        "std": 0.03493994848307593,
        "sem": 0.01562561998769969,
        "ci95_lo": 0.1509737848241086,
        "ci95_hi": 0.21222621517589138,
        "min": 0.14400000000000002,
        "max": 0.21200000000000002,
        "n": 5
      },
      "orc_n400_main": {
        "mean": 0.18239999999999998,
        "std": 0.03822041339389202,
        "sem": 0.0170926884953772,
        "ci95_lo": 0.14889833054906065,
        "ci95_hi": 0.2159016694509393,
        "min": 0.14,
        "max": 0.22400000000000003,
        "n": 5
      }
    },
    "garden_path_generalization": {
      "n400_prep": {
        "mean": 0.0712,
        "std": 0.013682105101189656,
        "sem": 0.006118823416311341,
        "ci95_lo": 0.05920710610402977,
        "ci95_hi": 0.08319289389597023,
        "min": 0.05600000000000001,
        "max": 0.092,
        "n": 5
      },
      "n400_verb": {
        "mean": 0.0656,
        "std": 0.017572706109191028,
        "sem": 0.007858753081755395,
        "ci95_lo": 0.05019684395975943,
        "ci95_hi": 0.08100315604024058,
        "min": 0.040000000000000015,
        "max": 0.08399999999999999,
        "n": 5
      },
      "test": {
        "t": -0.6047078979069538,
        "p": 0.5779992021469142,
        "d": -0.2704335932501903,
        "significant": "False"
      }
    },
    "depth_generalization": {
      "depth_0": {
        "p600_gram": {
          "mean": 0.09374237551818013,
          "std": 0.046647311297266486,
          "sem": 0.02086131180565635,
          "ci95_lo": 0.05285420437909368,
          "ci95_hi": 0.13463054665726656,
          "min": 0.04645550527903466,
          "max": 0.1591425797863089,
          "n": 5
        },
        "p600_cv": {
          "mean": 4.668992806493101,
          "std": 0.2100825464743696,
          "sem": 0.09395177096058983,
          "ci95_lo": 4.484847335410345,
          "ci95_hi": 4.853138277575857,
          "min": 4.351995438439873,
          "max": 4.92746447283025,
          "n": 5
        },
        "test": {
          "t": 44.425675705726995,
          "p": 1.5351454235954828e-06,
          "d": 19.867766164873302,
          "significant": "True"
        }
      },
      "depth_1": {
        "p600_gram": {
          "mean": 3.5443544114099774,
          "std": 0.3546975464277107,
          "sem": 0.15862556505294975,
          "ci95_lo": 3.233448303906196,
          "ci95_hi": 3.855260518913759,
          "min": 3.220273763410136,
          "max": 4.147459669509219,
          "n": 5
        },
        "p600_cv": {
          "mean": 2.9568025419541994,
          "std": 0.5400282303577812,
          "sem": 0.24150796656978288,
          "ci95_lo": 2.483446927477425,
          "ci95_hi": 3.430158156430974,
          "min": 2.257070840172261,
          "max": 3.563729702938855,
          "n": 5
        },
        "test": {
          "t": -2.227380794626189,
          "p": 0.0898719828562657,
          "d": -0.9961149737123315,
          "significant": "False"
        }
      }
    },
    "hypotheses": {
      "H1_orc_untrained": "False",
      "H2_gp_no_rc": "False",
      "H3_depth_untrained": false
    }
  },
  "raw_data": {},
  "success": true,
  "error_message": null,
  "duration_seconds": 48.72898269991856
}