{
  "experiment_name": "grounded_language",
  "timestamp": "2026-02-22T04:16:52.988574",
  "parameters": {
    "n": 5000,
    "k": 50,
    "p": 0.05,
    "beta": 0.15,
    "grounding_rounds": 10,
    "n_train_sentences": 50,
    "training_reps": 2,
    "pp_prob": 0.4,
    "n_seeds": 3
  },
  "metrics": {
    "semantic_overlap": {
      "within_group": {
        "mean": 0.5740740740740741,
        "std": 0.06095265652495025,
        "sem": 0.03519103265250283,
        "ci95_lo": 0.5050996500751685,
        "ci95_hi": 0.6430484980729796,
        "min": 0.5377777777777778,
        "max": 0.6444444444444445,
        "n": 3
      },
      "between_group": {
        "mean": 0.4506666666666667,
        "std": 0.0621396277212322,
        "sem": 0.03587633079219654,
        "ci95_lo": 0.3803490583139615,
        "ci95_hi": 0.520984275019372,
        "min": 0.4000000000000001,
        "max": 0.52,
        "n": 3
      },
      "t": 12.47458955699083,
      "p": 0.006364813748156619,
      "d": 7.20220763875875,
      "significant": "True"
    },
    "semantic_n400": {
      "same_group": {
        "mean": 0.08333333333333333,
        "std": 0.016072751268321608,
        "sem": 0.00927960727138338,
        "ci95_lo": 0.06514530308142191,
        "ci95_hi": 0.10152136358524474,
        "min": 0.06499999999999997,
        "max": 0.095,
        "n": 3
      },
      "diff_group": {
        "mean": 0.0566666666666667,
        "std": 0.02886751345948128,
        "sem": 0.016666666666666663,
        "ci95_lo": 0.024000000000000042,
        "ci95_hi": 0.08933333333333335,
        "min": 0.040000000000000036,
        "max": 0.09000000000000002,
        "n": 3
      },
      "t": -2.048590078926333,
      "p": 0.17704880020217678,
      "d": -1.182754033527315,
      "significant": "False"
    },
    "cross_modal": {
      "sensory_word": {
        "mean": 0.5755555555555557,
        "std": 0.030061665018819326,
        "sem": 0.017356110390903696,
        "ci95_lo": 0.5415375791893845,
        "ci95_hi": 0.6095735319217269,
        "min": 0.5466666666666667,
        "max": 0.6066666666666668,
        "n": 3
      },
      "sensory_baseline": {
        "mean": 0.54,
        "std": 0.08192137151629669,
        "sem": 0.047297325897317236,
        "ci95_lo": 0.44729724124125825,
        "ci95_hi": 0.6327027587587418,
        "min": 0.48,
        "max": 0.6333333333333333,
        "n": 3
      },
      "t": 1.142857142857147,
      "p": 0.3714606389452897,
      "d": 0.6598288790738605,
      "significant": "False"
    },
    "hypotheses": {
      "H1_grounded_overlap": true,
      "H2_semantic_n400": false,
      "H3_cross_modal": true
    }
  },
  "raw_data": {},
  "success": true,
  "error_message": null,
  "duration_seconds": 5.255354100023396
}