{
  "experiment_name": "incremental_erp",
  "timestamp": "2026-02-22T02:00:21.369450",
  "parameters": {
    "n": 5000,
    "k": 50,
    "p": 0.05,
    "beta": 0.1,
    "w_max": 20.0,
    "lexicon_rounds": 20,
    "train_rounds_per_pair": 5,
    "binding_rounds": 10,
    "n_settling_rounds": 10,
    "measurement_points": [
      0,
      3,
      10,
      20
    ],
    "novel_fraction": 0.3,
    "n_test_triples": 3,
    "n_seeds": 3
  },
  "metrics": {
    "curves": {
      "checkpoint_0": {
        "n400_gram": {
          "mean": 1.0,
          "std": 0.0,
          "sem": 0.0,
          "ci95_lo": 1.0,
          "ci95_hi": 1.0,
          "min": 1.0,
          "max": 1.0,
          "n": 3
        },
        "n400_catviol": {
          "mean": 1.0,
          "std": 0.0,
          "sem": 0.0,
          "ci95_lo": 1.0,
          "ci95_hi": 1.0,
          "min": 1.0,
          "max": 1.0,
          "n": 3
        },
        "n400_novel": {
          "mean": 1.0,
          "std": 0.0,
          "sem": 0.0,
          "ci95_lo": 1.0,
          "ci95_hi": 1.0,
          "min": 1.0,
          "max": 1.0,
          "n": 3
        },
        "p600_gram": {
          "mean": 3.501586978301292,
          "std": 0.1054190033552087,
          "sem": 0.06086368996483181,
          "ci95_lo": 3.3822941459702216,
          "ci95_hi": 3.6208798106323625,
          "min": 3.381961858052172,
          "max": 3.5809069529763042,
          "n": 3
        },
        "p600_catviol": {
          "mean": 3.1811527635593038,
          "std": 0.3197359567090157,
          "sem": 0.18459964067555276,
          "ci95_lo": 2.8193374678352203,
          "ci95_hi": 3.542968059283387,
          "min": 2.8484761842985624,
          "max": 3.4861481922816027,
          "n": 3
        },
        "p600_novel": {
          "mean": 2.5288039867961225,
          "std": 0.2343272192884305,
          "sem": 0.13528888313463183,
          "ci95_lo": 2.263637775852244,
          "ci95_hi": 2.793970197740001,
          "min": 2.3231460136899105,
          "max": 2.783908527108956,
          "n": 3
        }
      },
      "checkpoint_3": {
        "n400_gram": {
          "mean": 0.9666666666666667,
          "std": 0.03055050463303896,
          "sem": 0.017638342073763955,
          "ci95_lo": 0.9320955162020893,
          "ci95_hi": 1.001237817131244,
          "min": 0.9333333333333332,
          "max": 0.9933333333333333,
          "n": 3
        },
        "n400_catviol": {
          "mean": 0.9822222222222222,
          "std": 0.013877773329774202,
          "sem": 0.008012336167697745,
          "ci95_lo": 0.9665180433335346,
          "ci95_hi": 0.9979264011109098,
          "min": 0.9666666666666667,
          "max": 0.9933333333333333,
          "n": 3
        },
        "n400_novel": {
          "mean": 0.9666666666666667,
          "std": 0.05206833117271105,
          "sem": 0.03006166501881931,
          "ci95_lo": 0.9077458032297808,
          "ci95_hi": 1.0255875301035524,
          "min": 0.9066666666666666,
          "max": 1.0,
          "n": 3
        },
        "p600_gram": {
          "mean": 0.5035660023936592,
          "std": 0.33116256731106913,
          "sem": 0.19119679738257334,
          "ci95_lo": 0.12882027952381547,
          "ci95_hi": 0.878311725263503,
          "min": 0.2337295472888693,
          "max": 0.8731326086117056,
          "n": 3
        },
        "p600_catviol": {
          "mean": 1.574615317844808,
          "std": 0.4516088583552655,
          "sem": 0.2607364959398321,
          "ci95_lo": 1.063571785802737,
          "ci95_hi": 2.0856588498868787,
          "min": 1.1260674728318059,
          "max": 2.0292241790722727,
          "n": 3
        },
        "p600_novel": {
          "mean": 0.5191404968185934,
          "std": 0.41920790363932225,
          "sem": 0.24202979601258143,
          "ci95_lo": 0.04476209663393382,
          "ci95_hi": 0.993518897003253,
          "min": 0.1768145854833161,
          "max": 0.9866900147575827,
          "n": 3
        }
      },
      "checkpoint_10": {
        "n400_gram": {
          "mean": 0.8088888888888889,
          "std": 0.056699336987435914,
          "sem": 0.03273537747256943,
          "ci95_lo": 0.7447275490426528,
          "ci95_hi": 0.873050228735125,
          "min": 0.7533333333333333,
          "max": 0.8666666666666667,
          "n": 3
        },
        "n400_catviol": {
          "mean": 0.902222222222222,
          "std": 0.027755546659548446,
          "sem": 0.016024672335395514,
          "ci95_lo": 0.8708138644448469,
          "ci95_hi": 0.9336305799995972,
          "min": 0.8799999999999999,
          "max": 0.9333333333333332,
          "n": 3
        },
        "n400_novel": {
          "mean": 0.8244444444444444,
          "std": 0.030792014356780046,
          "sem": 0.01777777777777778,
          "ci95_lo": 0.7896,
          "ci95_hi": 0.8592888888888889,
          "min": 0.8066666666666666,
          "max": 0.86,
          "n": 3
        },
        "p600_gram": {
          "mean": 0.11752409700198659,
          "std": 0.05335991191800599,
          "sem": 0.03080735950979548,
          "ci95_lo": 0.05714167236278744,
          "ci95_hi": 0.17790652164118573,
          "min": 0.06387963990627694,
          "max": 0.1705948372615039,
          "n": 3
        },
        "p600_catviol": {
          "mean": 1.5659252584712788,
          "std": 0.32760618079858694,
          "sem": 0.18914351667224938,
          "ci95_lo": 1.1952039657936702,
          "ci95_hi": 1.9366465511488875,
          "min": 1.2487485669790983,
          "max": 1.9030493694802206,
          "n": 3
        },
        "p600_novel": {
          "mean": 0.07939052630136609,
          "std": 0.06246364140461638,
          "sem": 0.03606340017951953,
          "ci95_lo": 0.008706261949507813,
          "ci95_hi": 0.15007479065322438,
          "min": 0.026143790849673183,
          "max": 0.14814814814814814,
          "n": 3
        }
      },
      "checkpoint_20": {
        "n400_gram": {
          "mean": 0.6533333333333333,
          "std": 0.05291502622129184,
          "sem": 0.030550504633038954,
          "ci95_lo": 0.5934543442525769,
          "ci95_hi": 0.7132123224140897,
          "min": 0.6133333333333333,
          "max": 0.7133333333333334,
          "n": 3
        },
        "n400_catviol": {
          "mean": 0.8222222222222223,
          "std": 0.030061665018819326,
          "sem": 0.017356110390903696,
          "ci95_lo": 0.7882042458560511,
          "ci95_hi": 0.8562401985883935,
          "min": 0.7933333333333333,
          "max": 0.8533333333333334,
          "n": 3
        },
        "n400_novel": {
          "mean": 0.6288888888888889,
          "std": 0.1120185169878094,
          "sem": 0.06467392093713444,
          "ci95_lo": 0.5021280038521054,
          "ci95_hi": 0.7556497739256725,
          "min": 0.5066666666666667,
          "max": 0.7266666666666667,
          "n": 3
        },
        "p600_gram": {
          "mean": 0.10761072692260254,
          "std": 0.13037124863358487,
          "sem": 0.07526987549318787,
          "ci95_lo": -0.03991822904404568,
          "ci95_hi": 0.25513968288925076,
          "min": 0.026143790849673183,
          "max": 0.25797546885227224,
          "n": 3
        },
        "p600_catviol": {
          "mean": 1.6135803991658764,
          "std": 0.38903297308383317,
          "sem": 0.22460829173359154,
          "ci95_lo": 1.173348147368037,
          "ci95_hi": 2.0538126509637156,
          "min": 1.333997054692227,
          "max": 2.0578741555764273,
          "n": 3
        },
        "p600_novel": {
          "mean": 0.07649479544904378,
          "std": 0.12134842290861679,
          "sem": 0.07006054463202646,
          "ci95_lo": -0.06082387202972808,
          "ci95_hi": 0.21381346292781564,
          "min": 0.0,
          "max": 0.21641249092229475,
          "n": 3
        }
      }
    },