{
  "experiment_name": "incremental_erp",
  "timestamp": "2026-02-22T01:25:35.114237",
  "parameters": {
    "n": 5000,
    "k": 50,
    "p": 0.05,
    "beta": 0.1,
    "w_max": 20.0,
    "lexicon_rounds": 20,
    "train_rounds_per_pair": 5,
    "binding_rounds": 10,
    "n_settling_rounds": 10,
    "measurement_points": [
      0,
      3,
      10,
      20
    ],
    "novel_fraction": 0.3,
    "n_test_triples": 3,
    "n_seeds": 3
  },
  "metrics": {
    "curves": {
      "checkpoint_0": {
        "n400_gram": {
          "mean": 1.0,
          "std": 0.0,
          "sem": 0.0,
          "ci95_lo": 1.0,
          "ci95_hi": 1.0,
          "min": 1.0,
          "max": 1.0,
          "n": 3
        },
        "n400_catviol": {
          "mean": 1.0,
          "std": 0.0,
          "sem": 0.0,
          "ci95_lo": 1.0,
          "ci95_hi": 1.0,
          "min": 1.0,
          "max": 1.0,
          "n": 3
        },
        "n400_novel": {
          "mean": 1.0,
          "std": 0.0,
          "sem": 0.0,
          "ci95_lo": 1.0,
          "ci95_hi": 1.0,
          "min": 1.0,
          "max": 1.0,
          "n": 3
        },
        "p600_gram": {
          "mean": 3.4715779454750724,
          "std": 0.19473865537876828,
          "sem": 0.11243241510455763,
          "ci95_lo": 3.2512104118701393,
          "ci95_hi": 3.6919454790800055,
          "min": 3.3069516776724135,
          "max": 3.686543964232918,
          "n": 3
        },
        "p600_catviol": {
          "mean": 3.171579238338707,
          "std": 0.3853951471496341,
          "sem": 0.22250799195121668,
          "ci95_lo": 2.735463574114322,
          "ci95_hi": 3.6076949025630918,
          "min": 2.820608416160796,
          "max": 3.584011966212025,
          "n": 3
        },
        "p600_novel": {
          "mean": 2.476751944560979,
          "std": 0.26538240581912237,
          "sem": 0.1532186034378608,
          "ci95_lo": 2.176443481822772,
          "ci95_hi": 2.777060407299186,
          "min": 2.204685835866292,
          "max": 2.7349031617390147,
          "n": 3
        }
      },
      "checkpoint_3": {
        "n400_gram": {
          "mean": 0.9844444444444443,
          "std": 0.0214303350244288,
          "sem": 0.012372809695177834,
          "ci95_lo": 0.9601937374418958,
          "ci95_hi": 1.0086951514469928,
          "min": 0.96,
          "max": 1.0,
          "n": 3
        },
        "n400_catviol": {
          "mean": 0.9777777777777779,
          "std": 0.010183501544346317,
          "sem": 0.005879447357921316,
          "ci95_lo": 0.9662540609562521,
          "ci95_hi": 0.9893014945993036,
          "min": 0.9666666666666667,
          "max": 0.9866666666666667,
          "n": 3
        },
        "n400_novel": {
          "mean": 0.9666666666666667,
          "std": 0.041633319989322695,
          "sem": 0.024037008503093288,
          "ci95_lo": 0.9195541300006038,
          "ci95_hi": 1.0137792033327295,
          "min": 0.9199999999999999,
          "max": 1.0,
          "n": 3
        },
        "p600_gram": {
          "mean": 0.7710932942589551,
          "std": 0.2572071775341461,
          "sem": 0.14849863318684314,
          "ci95_lo": 0.48003597321274255,
          "ci95_hi": 1.0621506153051676,
          "min": 0.5095944088456815,
          "max": 1.0237824018445536,
          "n": 3
        },
        "p600_catviol": {
          "mean": 1.5448570942076632,
          "std": 0.5826475607178518,
          "sem": 0.3363917260231306,
          "ci95_lo": 0.8855293112023271,
          "ci95_hi": 2.2041848772129993,
          "min": 1.0447409352320391,
          "max": 2.1846471978595976,
          "n": 3
        },
        "p600_novel": {
          "mean": 0.6708702943961793,
          "std": 0.2679834069105218,
          "sem": 0.15472029211814278,
          "ci95_lo": 0.36761852184461946,
          "ci95_hi": 0.9741220669477391,
          "min": 0.37188799900664304,
          "max": 0.8894432534603186,
          "n": 3
        }
      },
      "checkpoint_10": {
        "n400_gram": {
          "mean": 0.8533333333333332,
          "std": 0.05456901847914962,
          "sem": 0.0315054375083507,
          "ci95_lo": 0.7915826758169658,
          "ci95_hi": 0.9150839908497005,
          "min": 0.8066666666666666,
          "max": 0.9133333333333332,
          "n": 3
        },
        "n400_catviol": {
          "mean": 0.8977777777777778,
          "std": 0.01387777332977412,
          "sem": 0.008012336167697698,
          "ci95_lo": 0.8820735988890903,
          "ci95_hi": 0.9134819566664653,
          "min": 0.8866666666666667,
          "max": 0.9133333333333332,
          "n": 3
        },
        "n400_novel": {
          "mean": 0.7977777777777778,
          "std": 0.03150543750835071,
          "sem": 0.01818967282638322,
          "ci95_lo": 0.7621260190380666,
          "ci95_hi": 0.833429536517489,
          "min": 0.7733333333333334,
          "max": 0.8333333333333334,
          "n": 3
        },
        "p600_gram": {
          "mean": 0.17576124267284787,
          "std": 0.023159622070483537,
          "sem": 0.013371214036723669,
          "ci95_lo": 0.1495536631608695,
          "ci95_hi": 0.20196882218482626,
          "min": 0.15440863446272504,
          "max": 0.20038092106164615,
          "n": 3
        },
        "p600_catviol": {
          "mean": 1.5207621008510521,
          "std": 0.573985297452366,
          "sem": 0.331390565995011,
          "ci95_lo": 0.8712365915008305,
          "ci95_hi": 2.1702876102012736,
          "min": 1.0644182693254434,
          "max": 2.165193373581212,
          "n": 3
        },
        "p600_novel": {
          "mean": 0.1352069505972576,
          "std": 0.0756418281871427,
          "sem": 0.04367182986584226,
          "ci95_lo": 0.04961016406020677,
          "ci95_hi": 0.22080373713430843,
          "min": 0.052287581699346365,
          "max": 0.2004357298474945,
          "n": 3
        }
      },
      "checkpoint_20": {
        "n400_gram": {
          "mean": 0.6733333333333333,
          "std": 0.05291502622129186,
          "sem": 0.03055050463303896,
          "ci95_lo": 0.6134543442525769,
          "ci95_hi": 0.7332123224140897,
          "min": 0.6333333333333333,
          "max": 0.7333333333333334,
          "n": 3
        },
        "n400_catviol": {
          "mean": 0.8044444444444445,
          "std": 0.010183501544346364,
          "sem": 0.005879447357921343,
          "ci95_lo": 0.7929207276229187,
          "ci95_hi": 0.8159681612659704,
          "min": 0.7933333333333333,
          "max": 0.8133333333333335,
          "n": 3
        },
        "n400_novel": {
          "mean": 0.5977777777777777,
          "std": 0.09197423149588832,
          "sem": 0.05310134731266008,
          "ci95_lo": 0.493699137044964,
          "ci95_hi": 0.7018564185105916,
          "min": 0.49333333333333335,
          "max": 0.6666666666666666,
          "n": 3
        },
        "p600_gram": {
          "mean": 0.08145744993691714,
          "std": 0.04107399511363383,
          "sem": 0.023714082135549864,
          "ci95_lo": 0.03497784895123941,
          "ci95_hi": 0.12793705092259489,
          "min": 0.051282051282051246,
          "max": 0.12823358661316478,
          "n": 3
        },
        "p600_catviol": {
          "mean": 1.5479902621074455,
          "std": 0.508241308413692,
          "sem": 0.2934332562259327,
          "ci95_lo": 0.9728610799046175,
          "ci95_hi": 2.1231194443102734,
          "min": 1.1415502334281744,
          "max": 2.11783556866443,
          "n": 3
        },
        "p600_novel": {
          "mean": 0.05999664823194231,
          "std": 0.08232054256394203,
          "sem": 0.047527787409127976,
          "ci95_lo": -0.033157815089948514,
          "ci95_hi": 0.15315111155383315,
          "min": 0.0,
          "max": 0.15384615384615374,
          "n": 3
        }
      }
    },