{
  "experiment_name": "inhibition",
  "timestamp": "2026-02-06T20:02:56.128444",
  "parameters": {
    "n": 1000,
    "k": 100,
    "p": 0.05,
    "beta": 0.1,
    "w_max": 20.0,
    "establish_rounds": 30,
    "kick_rounds": 15,
    "autonomous_rounds": 20,
    "n_seeds": 10
  },
  "metrics": {
    "h1_trigger_clear": {
      "pre_inhibit": {
        "mean": 1.0,
        "std": 0.0,
        "sem": 0.0,
        "ci95_lo": 1.0,
        "ci95_hi": 1.0,
        "min": 1.0,
        "max": 1.0,
        "n": 10
      },
      "post_inhibit": {
        "mean": 0.0,
        "std": 0.0,
        "sem": 0.0,
        "ci95_lo": 0.0,
        "ci95_hi": 0.0,
        "min": 0.0,
        "max": 0.0,
        "n": 10
      }
    },
    "h2_recovery": {
      "stats": {
        "mean": 1.0,
        "std": 0.0,
        "sem": 0.0,
        "ci95_lo": 1.0,
        "ci95_hi": 1.0,
        "min": 1.0,
        "max": 1.0,
        "n": 10
      },
      "test_vs_chance": {
        "t": Infinity,
        "p": 0.0,
        "d": Infinity,
        "sig": true
      }
    },
    "h3_mutual_inhibition": {
      "winner_overlap": {
        "mean": 1.0,
        "std": 0.0,
        "sem": 0.0,
        "ci95_lo": 1.0,
        "ci95_hi": 1.0,
        "min": 1.0,
        "max": 1.0,
        "n": 10
      },
      "loser_active_neurons": {
        "mean": 0.0,
        "std": 0.0,
        "sem": 0.0,
        "ci95_lo": 0.0,
        "ci95_hi": 0.0,
        "min": 0.0,
        "max": 0.0,
        "n": 10
      }
    },
    "h4_trigger_switching": {
      "baseline": {
        "overlap_pattern1": {
          "mean": 0.594,
          "std": 0.17538529014715004,
          "sem": 0.05546169849544819,
          "ci95_lo": 0.48529507094892155,
          "ci95_hi": 0.7027049290510784,
          "min": 0.39,
          "max": 0.85,
          "n": 10
        },
        "overlap_pattern2": {
          "mean": 0.495,
          "std": 0.16338434577536629,
          "sem": 0.05166666666666667,
          "ci95_lo": 0.3937333333333333,
          "ci95_hi": 0.5962666666666667,
          "min": 0.24,
          "max": 0.74,
          "n": 10
        }
      },
      "trigger": {
        "overlap_pattern1": {
          "mean": 0.5440000000000002,
          "std": 0.19033304144752866,
          "sem": 0.0601885924961422,
          "ci95_lo": 0.42603035870756145,
          "ci95_hi": 0.6619696412924388,
          "min": 0.19,
          "max": 0.75,
          "n": 10
        },
        "overlap_pattern2": {
          "mean": 0.541,
          "std": 0.18805731986699042,
          "sem": 0.05946894614465229,
          "ci95_lo": 0.42444086555648153,
          "ci95_hi": 0.6575591344435185,
          "min": 0.32,
          "max": 0.88,
          "n": 10
        }
      },
      "paired_test_pattern2": {
        "t": 0.6522508336761824,
        "p": 0.5305431782640572,
        "d": 0.20625982401603926,
        "sig": "False"
      }
    },
    "h5_scaling": [
      {
        "n": 500,
        "k": 22,
        "k2p": 24.200000000000003,
        "baseline": {
          "mean": 0.31818181818181823,
          "std": 0.1484539238050411,
          "sem": 0.04694525268130202,
          "ci95_lo": 0.22616912292646627,
          "ci95_hi": 0.41019451343717017,
          "min": 0.045454545454545456,
          "max": 0.45454545454545453,
          "n": 10
        },
        "trigger": {
          "mean": 0.3136363636363636,
          "std": 0.21368471406442108,
          "sem": 0.06757303976053866,
          "ci95_lo": 0.18119320570570782,
          "ci95_hi": 0.44607952156701935,
          "min": 0.045454545454545456,
          "max": 0.6363636363636364,
          "n": 10
        },
        "paired_test": {
          "t": -0.08421519210665193,
          "p": 0.9347288473724008,
          "d": -0.02663118206456538,
          "sig": "False"
        }
      },
      {
        "n": 1000,
        "k": 31,
        "k2p": 48.050000000000004,
        "baseline": {
          "mean": 0.4354838709677419,
          "std": 0.10562840163649731,
          "sem": 0.03340263347743885,
          "ci95_lo": 0.37001470935196173,
          "ci95_hi": 0.5009530325835221,
          "min": 0.25806451612903225,
          "max": 0.6451612903225806,
          "n": 10
        },
        "trigger": {
          "mean": 0.4387096774193548,
          "std": 0.0648735618451542,
          "sem": 0.02051482153584829,
          "ci95_lo": 0.39850062720909213,
          "ci95_hi": 0.47891872762961746,
          "min": 0.3548387096774194,
          "max": 0.5161290322580645,
          "n": 10
        },
        "paired_test": {
          "t": 0.07478994824163442,
          "p": 0.9420178337678196,
          "d": 0.02365065825296699,
          "sig": "False"
        }
      },
      {
        "n": 2000,
        "k": 44,
        "k2p": 96.80000000000001,
        "baseline": {
          "mean": 0.4613636363636364,
          "std": 0.10223063106708603,
          "sem": 0.032328164080836164,
          "ci95_lo": 0.39800043476519753,
          "ci95_hi": 0.5247268379620753,
          "min": 0.3409090909090909,
          "max": 0.6363636363636364,
          "n": 10
        },
        "trigger": {
          "mean": 0.48409090909090907,
          "std": 0.052541032983029395,
          "sem": 0.016614933484440382,
          "ci95_lo": 0.45152563946140595,
          "ci95_hi": 0.5166561787204123,
          "min": 0.4090909090909091,
          "max": 0.5681818181818182,
          "n": 10
        },
        "paired_test": {
          "t": 0.8519427513705977,
          "p": 0.41633904731271576,
          "d": 0.2694079530401625,
          "sig": "False"
        }
      },
      {
        "n": 5000,
        "k": 70,
        "k2p": 245.0,
        "baseline": {
          "mean": 0.5142857142857142,
          "std": 0.18257418583505536,
          "sem": 0.05773502691896257,
          "ci95_lo": 0.40112506152454763,
          "ci95_hi": 0.6274463670468808,
          "min": 0.2,
          "max": 0.8571428571428571,
          "n": 10
        },
        "trigger": {
          "mean": 0.6157142857142857,
          "std": 0.20827005841829518,
          "sem": 0.0658607753018138,
          "ci95_lo": 0.4866271661227306,
          "ci95_hi": 0.7448014053058407,
          "min": 0.22857142857142856,
          "max": 0.9428571428571428,
          "n": 10
        },
        "paired_test": {
          "t": 1.8421718507466802,
          "p": 0.09857068547968802,
          "d": 0.5825458889807265,
          "sig": "False"
        }
      }
    ]
  },
  "raw_data": {},
  "success": true,
  "error_message": null,
  "duration_seconds": 132.94487529998878
}