{
  "experiment_name": "inhibition",
  "timestamp": "2026-02-10T19:22:46.581746",
  "parameters": {
    "n": 1000,
    "k": 100,
    "p": 0.05,
    "beta": 0.1,
    "w_max": 20.0,
    "establish_rounds": 30,
    "kick_rounds": 15,
    "autonomous_rounds": 20,
    "n_seeds": 5
  },
  "metrics": {
    "h1_trigger_clear": {
      "pre_inhibit": {
        "mean": 1.0,
        "std": 0.0,
        "sem": 0.0,
        "ci95_lo": 1.0,
        "ci95_hi": 1.0,
        "min": 1.0,
        "max": 1.0,
        "n": 5
      },
      "post_inhibit": {
        "mean": 0.0,
        "std": 0.0,
        "sem": 0.0,
        "ci95_lo": 0.0,
        "ci95_hi": 0.0,
        "min": 0.0,
        "max": 0.0,
        "n": 5
      }
    },
    "h2_recovery": {
      "stats": {
        "mean": 1.0,
        "std": 0.0,
        "sem": 0.0,
        "ci95_lo": 1.0,
        "ci95_hi": 1.0,
        "min": 1.0,
        "max": 1.0,
        "n": 5
      },
      "test_vs_chance": {
        "t": Infinity,
        "p": 0.0,
        "d": Infinity,
        "significant": true
      }
    },
    "h3_mutual_inhibition": {
      "winner_overlap": {
        "mean": 1.0,
        "std": 0.0,
        "sem": 0.0,
        "ci95_lo": 1.0,
        "ci95_hi": 1.0,
        "min": 1.0,
        "max": 1.0,
        "n": 5
      },
      "loser_active_neurons": {
        "mean": 0.0,
        "std": 0.0,
        "sem": 0.0,
        "ci95_lo": 0.0,
        "ci95_hi": 0.0,
        "min": 0.0,
        "max": 0.0,
        "n": 5
      }
    },
    "h4_trigger_switching": {
      "baseline": {
        "overlap_pattern1": {
          "mean": 0.892,
          "std": 0.02280350850198278,
          "sem": 0.010198039027185577,
          "ci95_lo": 0.8720118435067162,
          "ci95_hi": 0.9119881564932838,
          "min": 0.86,
          "max": 0.92,
          "n": 5
        },
        "overlap_pattern2": {
          "mean": 0.9039999999999999,
          "std": 0.030495901363953807,
          "sem": 0.013638181696985852,
          "ci95_lo": 0.8772691638739076,
          "ci95_hi": 0.9307308361260922,
          "min": 0.87,
          "max": 0.94,
          "n": 5
        }
      },
      "trigger": {
        "overlap_pattern1": {
          "mean": 0.8779999999999999,
          "std": 0.021679483388678818,
          "sem": 0.009695359714832666,
          "ci95_lo": 0.8589970949589278,
          "ci95_hi": 0.8970029050410719,
          "min": 0.86,
          "max": 0.91,
          "n": 5
        },
        "overlap_pattern2": {
          "mean": 0.922,
          "std": 0.008366600265340763,
          "sem": 0.0037416573867739447,
          "ci95_lo": 0.9146663515219231,
          "ci95_hi": 0.929333648478077,
          "min": 0.91,
          "max": 0.93,
          "n": 5
        }
      },
      "paired_test_pattern2": {
        "t": 1.107823418813997,
        "p": 0.3300656505693599,
        "d": 0.49543369430686335,
        "significant": "False"
      }
    },
    "h5_scaling": [
      {
        "n": 500,
        "k": 22,
        "k2p": 24.200000000000003,
        "baseline": {
          "mean": 0.9,
          "std": 0.020327890704543525,
          "sem": 0.009090909090909084,
          "ci95_lo": 0.8821818181818182,
          "ci95_hi": 0.9178181818181819,
          "min": 0.8636363636363636,
          "max": 0.9090909090909091,
          "n": 5
        },
        "trigger": {
          "mean": 0.9272727272727274,
          "std": 0.05182615568632446,
          "sem": 0.02317736142542175,
          "ci95_lo": 0.8818450988789007,
          "ci95_hi": 0.972700355666554,
          "min": 0.8636363636363636,
          "max": 1.0,
          "n": 5
        },
        "paired_test": {
          "t": 0.8846517369293835,
          "p": 0.42631720794036826,
          "d": 0.3956282840374725,
          "significant": "False"
        }
      },
      {
        "n": 1000,
        "k": 31,
        "k2p": 48.050000000000004,
        "baseline": {
          "mean": 0.9612903225806452,
          "std": 0.026989033114002466,
          "sem": 0.012069862537980468,
          "ci95_lo": 0.9376333920062034,
          "ci95_hi": 0.9849472531550869,
          "min": 0.9354838709677419,
          "max": 1.0,
          "n": 5
        },
        "trigger": {
          "mean": 0.9419354838709678,
          "std": 0.035336939193881714,
          "sem": 0.015803159630859227,
          "ci95_lo": 0.9109612909944838,
          "ci95_hi": 0.9729096767474519,
          "min": 0.9032258064516129,
          "max": 0.967741935483871,
          "n": 5
        },
        "paired_test": {
          "t": -1.1766968108291018,
          "p": 0.3045587846805358,
          "d": -0.5262348115842165,
          "significant": "False"
        }
      },
      {
        "n": 2000,
        "k": 44,
        "k2p": 96.80000000000001,
        "baseline": {
          "mean": 0.95,
          "std": 0.03734471982989771,
          "sem": 0.01670106642806713,
          "ci95_lo": 0.9172659098009883,
          "ci95_hi": 0.9827340901990116,
          "min": 0.9090909090909091,
          "max": 1.0,
          "n": 5
        },
        "trigger": {
          "mean": 0.9590909090909092,
          "std": 0.029632738205466604,
          "sem": 0.01325216339737569,
          "ci95_lo": 0.9331166688320529,
          "ci95_hi": 0.9850651493497655,
          "min": 0.9090909090909091,
          "max": 0.9772727272727273,
          "n": 5
        },
        "paired_test": {
          "t": 0.5345224838248507,
          "p": 0.6213082950374957,
          "d": 0.23904572186687953,
          "significant": "False"
        }
      },
      {
        "n": 5000,
        "k": 70,
        "k2p": 245.0,
        "baseline": {
          "mean": 0.9714285714285715,
          "std": 0.02258769757263129,
          "sem": 0.01010152544552211,
          "ci95_lo": 0.9516295815553482,
          "ci95_hi": 0.9912275613017949,
          "min": 0.9428571428571428,
          "max": 1.0,
          "n": 5
        },
        "trigger": {
          "mean": 0.9685714285714286,
          "std": 0.027479120088101914,
          "sem": 0.012289036095775177,
          "ci95_lo": 0.9444849178237092,
          "ci95_hi": 0.992657939319148,
          "min": 0.9285714285714286,
          "max": 1.0,
          "n": 5
        },
        "paired_test": {
          "t": -0.14744195615489666,
          "p": 0.8899165133405491,
          "d": -0.06593804733957848,
          "significant": "False"
        }
      }
    ]
  },
  "raw_data": {},
  "success": true,
  "error_message": null,
  "duration_seconds": 235.2178490999504
}