{
  "experiment_name": "integrated_learner",
  "timestamp": "2026-02-22T04:49:13.100644",
  "parameters": {
    "n": 5000,
    "k": 50,
    "p": 0.05,
    "beta": 0.15,
    "n_struct_areas": 6,
    "grounding_rounds": 10,
    "extra_binding_rounds": 5,
    "instability_threshold": 0.3,
    "n_train_sentences": 50,
    "training_reps": 2,
    "n_seeds": 3
  },
  "metrics": {
    "conditions": {
      "A_baseline": {
        "purity": 1.0,
        "p600_d": 0.3654604141852782,
        "sem_d": 0.1933111682567647
      },
      "B_hebbian": {
        "purity": 0.9222222222222222,
        "p600_d": 2.658788444625397,
        "sem_d": 0.14433756729740624
      },
      "C_grounded": {
        "purity": 0.9777777777777779,
        "p600_d": 1.2718138001448351,
        "sem_d": 0.5773502691896257
      },
      "D_p600fb": {
        "purity": 0.9888888888888889,
        "p600_d": 0.7563178784499386,
        "sem_d": -0.37966319830099987
      },
      "E_heb_p600": {
        "purity": 0.9888888888888889,
        "p600_d": 0.36986887940094737,
        "sem_d": 0.4803844614152604
      },
      "F_all_three": {
        "purity": 1.0,
        "p600_d": 15.572791993170261,
        "sem_d": 0.0
      }
    },
    "supervised_p600_d": 22.701822357682403,
    "hypotheses": {
      "H1_hebbian_improves": true,
      "H2_semantic_n400": false,
      "H3_p600_feedback": true,
      "H4_combined": true,
      "H5_comparable": false
    }
  },
  "raw_data": {},
  "success": true,
  "error_message": null,
  "duration_seconds": 88.28254840010777
}