{
  "experiment_name": "merge_composition",
  "timestamp": "2026-02-06T15:01:19.370046",
  "parameters": {
    "n_seeds": 2,
    "base_n": 1000,
    "base_k": 100,
    "base_p": 0.05,
    "base_beta": 0.1,
    "base_wmax": 20.0,
    "establish_rounds": 30,
    "merge_rounds": 30
  },
  "metrics": {
    "h1_composition": {
      "merge_quality": {
        "mean": 0.525,
        "std": 0.007071067811865481,
        "sem": 0.0050000000000000044,
        "ci95_lo": 0.5152,
        "ci95_hi": 0.5348,
        "min": 0.52,
        "max": 0.53,
        "n": 2
      },
      "composition_score": {
        "mean": 0.555,
        "std": 0.007071067811865481,
        "sem": 0.0050000000000000044,
        "ci95_lo": 0.5452,
        "ci95_hi": 0.5648000000000001,
        "min": 0.55,
        "max": 0.56,
        "n": 2
      },
      "overlap_cab_ca": {
        "mean": 0.565,
        "std": 0.04949747468305829,
        "sem": 0.03499999999999997,
        "ci95_lo": 0.4964,
        "ci95_hi": 0.6335999999999999,
        "min": 0.53,
        "max": 0.6,
        "n": 2
      },
      "overlap_cab_cb": {
        "mean": 0.5449999999999999,
        "std": 0.03535533905932733,
        "sem": 0.024999999999999963,
        "ci95_lo": 0.496,
        "ci95_hi": 0.5939999999999999,
        "min": 0.52,
        "max": 0.57,
        "n": 2
      },
      "overlap_ca_cb": {
        "mean": 0.11,
        "std": 0.014142135623730944,
        "sem": 0.009999999999999995,
        "ci95_lo": 0.09040000000000001,
        "ci95_hi": 0.1296,
        "min": 0.1,
        "max": 0.12,
        "n": 2
      },
      "test_quality_vs_chance": {
        "t": 84.99999999999993,
        "p": 0.007489298866494508,
        "d": 60.10407640085649,
        "sig": "True"
      }
    },
    "h2_quality_vs_rounds": [
      {
        "merge_rounds": 1,
        "merge_quality": {
          "mean": 0.485,
          "std": 0.03535533905932737,
          "sem": 0.024999999999999994,
          "ci95_lo": 0.436,
          "ci95_hi": 0.534,
          "min": 0.46,
          "max": 0.51,
          "n": 2
        },
        "test_vs_chance": {
          "t": 15.400000000000004,
          "p": 0.04128099006031963,
          "d": 10.889444430272835,
          "sig": "True"
        }
      },
      {
        "merge_rounds": 5,
        "merge_quality": {
          "mean": 0.52,
          "std": 0.014142135623730963,
          "sem": 0.010000000000000009,
          "ci95_lo": 0.5004,
          "ci95_hi": 0.5396000000000001,
          "min": 0.51,
          "max": 0.53,
          "n": 2
        },
        "test_vs_chance": {
          "t": 41.999999999999964,
          "p": 0.015154750351143552,
          "d": 29.698484809834973,
          "sig": "True"
        }
      },
      {
        "merge_rounds": 10,
        "merge_quality": {
          "mean": 0.53,
          "std": 0.028284271247461926,
          "sem": 0.020000000000000018,
          "ci95_lo": 0.4908,
          "ci95_hi": 0.5692,
          "min": 0.51,
          "max": 0.55,
          "n": 2
        },
        "test_vs_chance": {
          "t": 21.499999999999982,
          "p": 0.029588897400746057,
          "d": 15.20279579551076,
          "sig": "True"
        }
      },
      {
        "merge_rounds": 20,
        "merge_quality": {
          "mean": 0.51,
          "std": 0.04242640687119289,
          "sem": 0.030000000000000023,
          "ci95_lo": 0.45119999999999993,
          "ci95_hi": 0.5688000000000001,
          "min": 0.48,
          "max": 0.54,
          "n": 2
        },
        "test_vs_chance": {
          "t": 13.666666666666655,
          "p": 0.046499068056871325,
          "d": 9.663792676216142,
          "sig": "True"
        }
      },
      {
        "merge_rounds": 30,
        "merge_quality": {
          "mean": 0.515,
          "std": 0.06363961030678934,
          "sem": 0.04500000000000005,
          "ci95_lo": 0.42679999999999996,
          "ci95_hi": 0.6032000000000001,
          "min": 0.47,
          "max": 0.56,
          "n": 2
        },
        "test_vs_chance": {
          "t": 9.222222222222214,
          "p": 0.06876239959157339,
          "d": 6.521095870942599,
          "sig": "False"
        }
      },
      {
        "merge_rounds": 50,
        "merge_quality": {
          "mean": 0.525,
          "std": 0.021213203435596444,
          "sem": 0.015000000000000012,
          "ci95_lo": 0.4956,
          "ci95_hi": 0.5544,
          "min": 0.51,
          "max": 0.54,
          "n": 2
        },
        "test_vs_chance": {
          "t": 28.33333333333331,
          "p": 0.022459610448400193,
          "d": 20.03469213361883,
          "sig": "True"
        }
      }
    ],
    "h3_recovery": {
      "recovery_from_A": {
        "stats": {
          "mean": 1.0,
          "std": 0.0,
          "sem": 0.0,
          "ci95_lo": 1.0,
          "ci95_hi": 1.0,
          "min": 1.0,
          "max": 1.0,
          "n": 2
        },
        "test_vs_chance": {
          "t": Infinity,
          "p": 0.0,
          "d": Infinity,
          "sig": true
        }
      },
      "recovery_from_B": {
        "stats": {
          "mean": 1.0,
          "std": 0.0,
          "sem": 0.0,
          "ci95_lo": 1.0,
          "ci95_hi": 1.0,
          "min": 1.0,
          "max": 1.0,
          "n": 2
        },
        "test_vs_chance": {
          "t": Infinity,
          "p": 0.0,
          "d": Infinity,
          "sig": true
        }
      }
    },
    "h4_quality_vs_size": [
      {
        "n": 200,
        "k": 14,
        "merge_quality": {
          "mean": 0.4285714285714286,
          "std": 0.10101525445522107,
          "sem": 0.07142857142857142,
          "ci95_lo": 0.2885714285714286,
          "ci95_hi": 0.5685714285714286,
          "min": 0.35714285714285715,
          "max": 0.5,
          "n": 2
        },
        "test_vs_chance": {
          "t": 5.0200000000000005,
          "p": 0.12517808523029203,
          "d": 3.549676041556469,
          "sig": "False"
        }
      },
      {
        "n": 500,
        "k": 22,
        "merge_quality": {
          "mean": 0.4772727272727273,
          "std": 0.03214121732666126,
          "sem": 0.02272727272727273,
          "ci95_lo": 0.43272727272727274,
          "ci95_hi": 0.5218181818181818,
          "min": 0.45454545454545453,
          "max": 0.5,
          "n": 2
        },
        "test_vs_chance": {
          "t": 19.063999999999997,
          "p": 0.033363241960356886,
          "d": 13.480283676540338,
          "sig": "True"
        }
      },
      {
        "n": 1000,
        "k": 31,
        "merge_quality": {
          "mean": 0.3870967741935484,
          "std": 0.1368593770038479,
          "sem": 0.09677419354838708,
          "ci95_lo": 0.1974193548387097,
          "ci95_hi": 0.576774193548387,
          "min": 0.2903225806451613,
          "max": 0.4838709677419355,
          "n": 2
        },
        "test_vs_chance": {
          "t": 3.6796666666666664,
          "p": 0.16893024582264662,
          "d": 2.6019172525060994,
          "sig": "False"
        }
      },
      {
        "n": 2000,
        "k": 44,
        "merge_quality": {
          "mean": 0.4772727272727273,
          "std": 0.03214121732666126,
          "sem": 0.02272727272727273,
          "ci95_lo": 0.43272727272727274,
          "ci95_hi": 0.5218181818181818,
          "min": 0.45454545454545453,
          "max": 0.5,
          "n": 2
        },
        "test_vs_chance": {
          "t": 20.031999999999993,
          "p": 0.03175378088932553,
          "d": 14.164763040728916,
          "sig": "True"
        }
      }
    ]
  },
  "raw_data": {},
  "success": true,
  "error_message": null,
  "duration_seconds": 28.78997260000324
}