{
  "experiment_name": "merge_composition",
  "timestamp": "2026-02-06T15:04:12.059509",
  "parameters": {
    "n_seeds": 10,
    "base_n": 1000,
    "base_k": 100,
    "base_p": 0.05,
    "base_beta": 0.1,
    "base_wmax": 20.0,
    "establish_rounds": 30,
    "merge_rounds": 30
  },
  "metrics": {
    "h1_composition": {
      "merge_quality": {
        "mean": 0.523,
        "std": 0.020027758514399755,
        "sem": 0.006333333333333339,
        "ci95_lo": 0.5105866666666666,
        "ci95_hi": 0.5354133333333334,
        "min": 0.49,
        "max": 0.55,
        "n": 10
      },
      "composition_score": {
        "mean": 0.55,
        "std": 0.012018504251546663,
        "sem": 0.0038005847503304697,
        "ci95_lo": 0.5425508538893523,
        "ci95_hi": 0.5574491461106478,
        "min": 0.53,
        "max": 0.5700000000000001,
        "n": 10
      },
      "overlap_cab_ca": {
        "mean": 0.552,
        "std": 0.03259175083088082,
        "sem": 0.010306416555826863,
        "ci95_lo": 0.5317994235505794,
        "ci95_hi": 0.5722005764494207,
        "min": 0.5,
        "max": 0.59,
        "n": 10
      },
      "overlap_cab_cb": {
        "mean": 0.548,
        "std": 0.034576806613039836,
        "sem": 0.010934146311237816,
        "ci95_lo": 0.5265690732299739,
        "ci95_hi": 0.5694309267700262,
        "min": 0.49,
        "max": 0.61,
        "n": 10
      },
      "overlap_ca_cb": {
        "mean": 0.1,
        "std": 0.024037008503093264,
        "sem": 0.00760116950066092,
        "ci95_lo": 0.0851017077787046,
        "ci95_hi": 0.11489829222129541,
        "min": 0.06,
        "max": 0.14,
        "n": 10
      },
      "test_quality_vs_chance": {
        "t": 66.78947368421046,
        "p": 1.909491304386871e-13,
        "d": 21.120686056598263,
        "sig": "True"
      }
    },
    "h2_quality_vs_rounds": [
      {
        "merge_rounds": 1,
        "merge_quality": {
          "mean": 0.49799999999999994,
          "std": 0.02043961295567453,
          "sem": 0.006463573143221773,
          "ci95_lo": 0.48533139663928526,
          "ci95_hi": 0.5106686033607146,
          "min": 0.46,
          "max": 0.52,
          "n": 10
        },
        "test_vs_chance": {
          "t": 61.575848401649935,
          "p": 3.9624601151388073e-13,
          "d": 19.47199298064524,
          "sig": "True"
        }
      },
      {
        "merge_rounds": 5,
        "merge_quality": {
          "mean": 0.52,
          "std": 0.027888667551135865,
          "sem": 0.008819171036881972,
          "ci95_lo": 0.5027144247677113,
          "ci95_hi": 0.5372855752322887,
          "min": 0.46,
          "max": 0.56,
          "n": 10
        },
        "test_vs_chance": {
          "t": 47.62352359916261,
          "p": 3.9759473695049765e-12,
          "d": 15.059880477613355,
          "sig": "True"
        }
      },
      {
        "merge_rounds": 10,
        "merge_quality": {
          "mean": 0.508,
          "std": 0.023944379994757316,
          "sem": 0.007571877794400371,
          "ci95_lo": 0.49315911952297525,
          "ci95_hi": 0.5228408804770247,
          "min": 0.48,
          "max": 0.54,
          "n": 10
        },
        "test_vs_chance": {
          "t": 53.88359546712813,
          "p": 1.3129944593975971e-12,
          "d": 17.039489019524943,
          "sig": "True"
        }
      },
      {
        "merge_rounds": 20,
        "merge_quality": {
          "mean": 0.514,
          "std": 0.02503331114069147,
          "sem": 0.007916228058025285,
          "ci95_lo": 0.49848419300627045,
          "ci95_hi": 0.5295158069937296,
          "min": 0.48,
          "max": 0.55,
          "n": 10
        },
        "test_vs_chance": {
          "t": 52.29763429823078,
          "p": 1.71670463921123e-12,
          "d": 16.537964062095085,
          "sig": "True"
        }
      },
      {
        "merge_rounds": 30,
        "merge_quality": {
          "mean": 0.519,
          "std": 0.025144029554194838,
          "sem": 0.007951240294584383,
          "ci95_lo": 0.5034155690226146,
          "ci95_hi": 0.5345844309773854,
          "min": 0.49,
          "max": 0.56,
          "n": 10
        },
        "test_vs_chance": {
          "t": 52.696181284495,
          "p": 1.603649637939383e-12,
          "d": 16.663995685214157,
          "sig": "True"
        }
      },
      {
        "merge_rounds": 50,
        "merge_quality": {
          "mean": 0.518,
          "std": 0.043665394383500866,
          "sem": 0.01380821011813866,
          "ci95_lo": 0.49093590816844823,
          "ci95_hi": 0.5450640918315518,
          "min": 0.43,
          "max": 0.56,
          "n": 10
        },
        "test_vs_chance": {
          "t": 30.271845258996258,
          "p": 2.2916895580400905e-10,
          "d": 9.572797999459794,
          "sig": "True"
        }
      }
    ],
    "h3_recovery": {
      "recovery_from_A": {
        "stats": {
          "mean": 1.0,
          "std": 0.0,
          "sem": 0.0,
          "ci95_lo": 1.0,
          "ci95_hi": 1.0,
          "min": 1.0,
          "max": 1.0,
          "n": 10
        },
        "test_vs_chance": {
          "t": Infinity,
          "p": 0.0,
          "d": Infinity,
          "sig": true
        }
      },
      "recovery_from_B": {
        "stats": {
          "mean": 1.0,
          "std": 0.0,
          "sem": 0.0,
          "ci95_lo": 1.0,
          "ci95_hi": 1.0,
          "min": 1.0,
          "max": 1.0,
          "n": 10
        },
        "test_vs_chance": {
          "t": Infinity,
          "p": 0.0,
          "d": Infinity,
          "sig": true
        }
      }
    },
    "h4_quality_vs_size": [
      {
        "n": 200,
        "k": 14,
        "merge_quality": {
          "mean": 0.45,
          "std": 0.07566785039081288,
          "sem": 0.023928275288383073,
          "ci95_lo": 0.4031005804347692,
          "ci95_hi": 0.4968994195652308,
          "min": 0.2857142857142857,
          "max": 0.5,
          "n": 10
        },
        "test_vs_chance": {
          "t": 15.880793555751426,
          "p": 6.866079969320579e-08,
          "d": 5.021947868709869,
          "sig": "True"
        }
      },
      {
        "n": 500,
        "k": 22,
        "merge_quality": {
          "mean": 0.43181818181818177,
          "std": 0.07186994682200862,
          "sem": 0.022727272727272724,
          "ci95_lo": 0.3872727272727272,
          "ci95_hi": 0.4763636363636363,
          "min": 0.2727272727272727,
          "max": 0.5,
          "n": 10
        },
        "test_vs_chance": {
          "t": 17.063999999999997,
          "p": 3.664789428653911e-08,
          "d": 5.3961105993113225,
          "sig": "True"
        }
      },
      {
        "n": 1000,
        "k": 31,
        "merge_quality": {
          "mean": 0.4548387096774194,
          "std": 0.05145585425378665,
          "sem": 0.016271769839162956,
          "ci95_lo": 0.42294604079266,
          "ci95_hi": 0.4867313785621788,
          "min": 0.3548387096774194,
          "max": 0.5161290322580645,
          "n": 10
        },
        "test_vs_chance": {
          "t": 26.047486774138285,
          "p": 8.741049882572688e-10,
          "d": 8.236938552938883,
          "sig": "True"
        }
      },
      {
        "n": 2000,
        "k": 44,
        "merge_quality": {
          "mean": 0.4613636363636364,
          "std": 0.03396441177493923,
          "sem": 0.010740490059665018,
          "ci95_lo": 0.44031227584669297,
          "ci95_hi": 0.48241499688057987,
          "min": 0.4090909090909091,
          "max": 0.5,
          "n": 10
        },
        "test_vs_chance": {
          "t": 40.90722433733527,
          "p": 1.5528897187645353e-11,
          "d": 12.936000166145156,
          "sig": "True"
        }
      }
    ]
  },
  "raw_data": {},
  "success": true,
  "error_message": null,
  "duration_seconds": 121.56400209997082
}