{
  "experiment_name": "merge_association",
  "timestamp": "2026-02-06T17:41:43.166416",
  "parameters": {
    "n": 1000,
    "k": 100,
    "p": 0.05,
    "beta": 0.1,
    "w_max": 20.0,
    "establish_rounds": 30,
    "merge_rounds": 30,
    "assoc_rounds": 30,
    "test_rounds": 15,
    "n_seeds": 10
  },
  "metrics": {
    "h1_merge_stability": {
      "stats": {
        "mean": 1.0,
        "std": 0.0,
        "sem": 0.0,
        "ci95_lo": 1.0,
        "ci95_hi": 1.0,
        "min": 1.0,
        "max": 1.0,
        "n": 10
      },
      "test_vs_chance": {
        "t": Infinity,
        "p": 0.0,
        "d": Infinity,
        "sig": true
      }
    },
    "h2_merge_as_source": {
      "recovery_z": {
        "stats": {
          "mean": 0.994,
          "std": 0.009660917830792967,
          "sem": 0.003055050463303896,
          "ci95_lo": 0.9880121010919244,
          "ci95_hi": 0.9999878989080756,
          "min": 0.97,
          "max": 1.0,
          "n": 10
        },
        "test_vs_chance": {
          "t": 292.6301908064656,
          "p": 3.234535627039292e-19,
          "d": 92.53779150780963,
          "sig": "True"
        }
      },
      "recovery_m": {
        "stats": {
          "mean": 1.0,
          "std": 0.0,
          "sem": 0.0,
          "ci95_lo": 1.0,
          "ci95_hi": 1.0,
          "min": 1.0,
          "max": 1.0,
          "n": 10
        }
      }
    },
    "h4_full_pipeline": {
      "stats": {
        "mean": 0.994,
        "std": 0.009660917830792967,
        "sem": 0.003055050463303896,
        "ci95_lo": 0.9880121010919244,
        "ci95_hi": 0.9999878989080756,
        "min": 0.97,
        "max": 1.0,
        "n": 10
      },
      "test_vs_chance": {
        "t": 292.6301908064656,
        "p": 3.234535627039292e-19,
        "d": 92.53779150780963,
        "sig": "True"
      }
    },
    "h3_merge_as_target": {
      "stats": {
        "mean": 0.9949999999999999,
        "std": 0.007071067811865481,
        "sem": 0.0022360679774997916,
        "ci95_lo": 0.9906173067641003,
        "ci95_hi": 0.9993826932358995,
        "min": 0.98,
        "max": 1.0,
        "n": 10
      },
      "test_vs_chance": {
        "t": 400.256167972462,
        "p": 1.930761928008167e-20,
        "d": 126.57211383239188,
        "sig": "True"
      }
    },
    "h5_merge_vs_direct": {
      "merge_sourced": {
        "stats": {
          "mean": 0.994,
          "std": 0.009660917830792967,
          "sem": 0.003055050463303896,
          "ci95_lo": 0.9880121010919244,
          "ci95_hi": 0.9999878989080756,
          "min": 0.97,
          "max": 1.0,
          "n": 10
        },
        "test_vs_chance": {
          "t": 292.6301908064656,
          "p": 3.234535627039292e-19,
          "d": 92.53779150780963,
          "sig": "True"
        }
      },
      "direct": {
        "stats": {
          "mean": 0.992,
          "std": 0.010327955589886454,
          "sem": 0.003265986323710907,
          "ci95_lo": 0.9855986668055267,
          "ci95_hi": 0.9984013331944733,
          "min": 0.97,
          "max": 1.0,
          "n": 10
        },
        "test_vs_chance": {
          "t": 273.1181063203241,
          "p": 6.0186910379174795e-19,
          "d": 86.36752862042533,
          "sig": "True"
        }
      },
      "paired_test": {
        "t": 0.37500000000000006,
        "p": 0.7163448902227336,
        "d": 0.11858541225631422,
        "sig": "False"
      }
    },
    "h6_size_scaling": [
      {
        "n": 500,
        "k": 22,
        "stats": {
          "mean": 0.5772727272727273,
          "std": 0.09830986786368687,
          "sem": 0.031088309891944225,
          "ci95_lo": 0.5163396398845166,
          "ci95_hi": 0.638205814660938,
          "min": 0.45454545454545453,
          "max": 0.7727272727272727,
          "n": 10
        },
        "test_vs_chance": {
          "t": 17.153480814050678,
          "p": 3.5007481833493934e-08,
          "d": 5.424406917239937,
          "sig": "True"
        }
      },
      {
        "n": 1000,
        "k": 31,
        "stats": {
          "mean": 0.7967741935483871,
          "std": 0.06092135687834534,
          "sem": 0.019265024588353667,
          "ci95_lo": 0.7590147453552138,
          "ci95_hi": 0.8345336417415603,
          "min": 0.7096774193548387,
          "max": 0.9032258064516129,
          "n": 10
        },
        "test_vs_chance": {
          "t": 39.74945321436663,
          "p": 2.0081614426213203e-11,
          "d": 12.569880790369979,
          "sig": "True"
        }
      },
      {
        "n": 2000,
        "k": 44,
        "stats": {
          "mean": 0.8795454545454545,
          "std": 0.0339644117749392,
          "sem": 0.01074049005966501,
          "ci95_lo": 0.8584940940285111,
          "ci95_hi": 0.900596815062398,
          "min": 0.8409090909090909,
          "max": 0.9318181818181818,
          "n": 10
        },
        "test_vs_chance": {
          "t": 79.84230233272996,
          "p": 3.839430436608672e-14,
          "d": 25.248352900320164,
          "sig": "True"
        }
      },
      {
        "n": 5000,
        "k": 70,
        "stats": {
          "mean": 0.9714285714285713,
          "std": 0.011664236870396104,
          "sem": 0.003688555567816593,
          "ci95_lo": 0.9641990025156508,
          "ci95_hi": 0.9786581403414918,
          "min": 0.9428571428571428,
          "max": 0.9857142857142858,
          "n": 10
        },
        "test_vs_chance": {
          "t": 259.5673438628206,
          "p": 9.51443586617988e-19,
          "d": 82.08240128066416,
          "sig": "True"
        }
      }
    ]
  },
  "raw_data": {},
  "success": true,
  "error_message": null,
  "duration_seconds": 102.98199350002687
}