{
  "experiment_name": "prediction_n400",
  "timestamp": "2026-02-22T00:37:44.042021",
  "parameters": {
    "n": 5000,
    "k": 50,
    "p": 0.05,
    "beta": 0.1,
    "w_max": 20.0,
    "lexicon_rounds": 20,
    "train_rounds_per_pair": 5,
    "training_reps": 3,
    "n_train_sentences": 15,
    "lexicon_readout_rounds": 5,
    "n_seeds": 5,
    "n_nouns": 5,
    "n_verbs": 5,
    "n_novel": 2
  },
  "metrics": {
    "n400_gram": {
      "mean": 0.1176,
      "std": 0.025706030420895386,
      "sem": 0.011496086290559922,
      "ci95_lo": 0.09506767087050255,
      "ci95_hi": 0.14013232912949744,
      "min": 0.096,
      "max": 0.15599999999999997,
      "n": 5
    },
    "n400_catviol": {
      "mean": 0.3616,
      "std": 0.06672930390765365,
      "sem": 0.02984225192575118,
      "ci95_lo": 0.3031091862255277,
      "ci95_hi": 0.42009081377447227,
      "min": 0.28,
      "max": 0.42400000000000004,
      "n": 5
    },
    "n400_novel": {
      "mean": 0.9944,
      "std": 0.0077974354758472,
      "sem": 0.0034871191548325516,
      "ci95_lo": 0.9875652464565281,
      "ci95_hi": 1.0012347535434718,
      "min": 0.984,
      "max": 1.0,
      "n": 5
    },
    "n400_verb_pos": {
      "mean": 0.0984,
      "std": 0.01589968553148144,
      "sem": 0.007110555533852474,
      "ci95_lo": 0.08446331115364915,
      "ci95_hi": 0.11233668884635085,
      "min": 0.07199999999999998,
      "max": 0.11199999999999999,
      "n": 5
    },
    "h1_catviol_vs_gram": {
      "t": 10.415563595628283,
      "p": 0.00047994547831005916,
      "d": 4.657981644759395,
      "significant": "True"
    },
    "h2_novel_vs_gram": {
      "t": 70.23621043787517,
      "p": 2.462182745952762e-07,
      "d": 31.410588204213838,
      "significant": "True"
    },
    "h2_catviol_vs_novel": {
      "t": -19.753406514111816,
      "p": 3.874354558376773e-05,
      "d": -8.833991950548237,
      "significant": "True"
    },
    "n400_cat_gram": {
      "mean": 0.06960000000000001,
      "std": 0.024754797514825254,
      "sem": 0.011070682002478424,
      "ci95_lo": 0.0479014632751423,
      "ci95_hi": 0.09129853672485772,
      "min": 0.040000000000000036,
      "max": 0.09999999999999998,
      "n": 5
    },
    "n400_cat_catviol": {
      "mean": 0.316,
      "std": 0.0730479294709987,
      "sem": 0.03266802718255266,
      "ci95_lo": 0.2519706667221968,
      "ci95_hi": 0.3800293332778032,
      "min": 0.24,
      "max": 0.404,
      "n": 5
    },
    "n400_cat_novel": {
      "mean": 0.06960000000000001,
      "std": 0.024754797514825254,
      "sem": 0.011070682002478424,
      "ci95_lo": 0.0479014632751423,
      "ci95_hi": 0.09129853672485772,
      "min": 0.040000000000000036,
      "max": 0.09999999999999998,
      "n": 5
    },
    "h1_cat_catviol_vs_gram": {
      "t": 8.99869578447878,
      "p": 0.0008443025883640403,
      "d": 4.02433909658707,
      "significant": "True"
    },
    "h2_cat_novel_vs_gram": {
      "t": 0.0,
      "p": 1.0,
      "d": 0.0,
      "significant": false
    }
  },
  "raw_data": {},
  "success": true,
  "error_message": null,
  "duration_seconds": 2.0439426000230014
}