{
  "experiment_name": "projection",
  "timestamp": "2026-02-06T13:01:28.059272",
  "parameters": {
    "n_seeds": 10,
    "base_n": 1000,
    "base_k": 100,
    "base_p": 0.05,
    "base_beta": 0.1,
    "base_wmax": 20.0,
    "train_rounds": 30,
    "test_rounds": 20
  },
  "metrics": {
    "convergence_vs_size": [
      {
        "n": 100,
        "k": 10,
        "k_over_n": 0.1,
        "convergence_time": {
          "mean": 5.6,
          "std": 2.4129281427805145,
          "sem": 0.7630348761506398,
          "ci95_lo": 4.1044516427447455,
          "ci95_hi": 7.095548357255254,
          "min": 4.0,
          "max": 12.0,
          "n": 10
        },
        "persistence": {
          "mean": 0.89,
          "std": 0.07378647873726217,
          "sem": 0.023333333333333327,
          "ci95_lo": 0.8442666666666667,
          "ci95_hi": 0.9357333333333333,
          "min": 0.8,
          "max": 1.0,
          "n": 10
        },
        "test_vs_null": {
          "t": 33.85714285714286,
          "p": 8.435730484293123e-11,
          "d": 10.70656864942723,
          "significant": "True"
        }
      },
      {
        "n": 200,
        "k": 14,
        "k_over_n": 0.07,
        "convergence_time": {
          "mean": 6.5,
          "std": 3.719318934070233,
          "sem": 1.1761519176251567,
          "ci95_lo": 4.194742241454692,
          "ci95_hi": 8.805257758545308,
          "min": 5.0,
          "max": 17.0,
          "n": 10
        },
        "persistence": {
          "mean": 0.8571428571428571,
          "std": 0.11167656571008165,
          "sem": 0.03531523089093173,
          "ci95_lo": 0.787925004596631,
          "ci95_hi": 0.9263607096890832,
          "min": 0.6428571428571429,
          "max": 1.0,
          "n": 10
        },
        "test_vs_null": {
          "t": 22.289047453034783,
          "p": 3.484540775564122e-09,
          "d": 7.048415682716481,
          "significant": "True"
        }
      },
      {
        "n": 500,
        "k": 22,
        "k_over_n": 0.044,
        "convergence_time": {
          "mean": 5.3,
          "std": 1.3374935098492586,
          "sem": 0.42295258468165065,
          "ci95_lo": 4.471012934023965,
          "ci95_hi": 6.128987065976035,
          "min": 4.0,
          "max": 9.0,
          "n": 10
        },
        "persistence": {
          "mean": 0.9272727272727271,
          "std": 0.03833063830507128,
          "sem": 0.012121212121212126,
          "ci95_lo": 0.9035151515151514,
          "ci95_hi": 0.9510303030303029,
          "min": 0.8636363636363636,
          "max": 1.0,
          "n": 10
        },
        "test_vs_null": {
          "t": 72.86999999999995,
          "p": 8.728169126772177e-14,
          "d": 23.043517309646965,
          "significant": "True"
        }
      },
      {
        "n": 1000,
        "k": 31,
        "k_over_n": 0.031,
        "convergence_time": {
          "mean": 5.6,
          "std": 1.7126976771553504,
          "sem": 0.541602560309064,
          "ci95_lo": 4.538458981794234,
          "ci95_hi": 6.6615410182057655,
          "min": 4.0,
          "max": 10.0,
          "n": 10
        },
        "persistence": {
          "mean": 0.9419354838709678,
          "std": 0.03662233627080949,
          "sem": 0.0115809995852355,
          "ci95_lo": 0.9192367246839063,
          "ci95_hi": 0.9646342430580294,
          "min": 0.9032258064516129,
          "max": 1.0,
          "n": 10
        },
        "test_vs_null": {
          "t": 78.65775982172646,
          "p": 4.39151225348814e-14,
          "d": 24.87376766831355,
          "significant": "True"
        }
      },
      {
        "n": 2000,
        "k": 44,
        "k_over_n": 0.022,
        "convergence_time": {
          "mean": 4.9,
          "std": 0.5676462121975466,
          "sem": 0.1795054935711501,
          "ci95_lo": 4.5481692326005465,
          "ci95_hi": 5.251830767399454,
          "min": 4.0,
          "max": 6.0,
          "n": 10
        },
        "persistence": {
          "mean": 0.9818181818181817,
          "std": 0.009582659576267808,
          "sem": 0.0030303030303030277,
          "ci95_lo": 0.9758787878787878,
          "ci95_hi": 0.9877575757575756,
          "min": 0.9772727272727273,
          "max": 1.0,
          "n": 10
        },
        "test_vs_null": {
          "t": 316.74000000000024,
          "p": 1.5862997081222594e-19,
          "d": 100.16198260817332,
          "significant": "True"
        }
      },
      {
        "n": 5000,
        "k": 70,
        "k_over_n": 0.014,
        "convergence_time": {
          "mean": 4.5,
          "std": 0.5270462766947299,
          "sem": 0.16666666666666666,
          "ci95_lo": 4.173333333333334,
          "ci95_hi": 4.826666666666666,
          "min": 4.0,
          "max": 5.0,
          "n": 10
        },
        "persistence": {
          "mean": 0.9757142857142858,
          "std": 0.01513357007816257,
          "sem": 0.004785655057676612,
          "ci95_lo": 0.9663344018012396,
          "ci95_hi": 0.9850941696273319,
          "min": 0.9571428571428572,
          "max": 1.0,
          "n": 10
        },
        "test_vs_null": {
          "t": 200.95771093480946,
          "p": 9.517718403868147e-18,
          "d": 63.54840799277229,
          "significant": "True"
        }
      }
    ],
    "scaling_fit": {
      "slope": -0.8627609547612027,
      "intercept": 7.844489371823407,
      "r_squared": 0.6281894144581941,
      "p_value": 0.06007042641543398,
      "equation": "T = -0.86 * log10(n) + 7.84"
    },
    "training_mode_comparison": {
      "stim_self": {
        "persistence": {
          "mean": 0.943,
          "std": 0.019465068427541882,
          "sem": 0.0061553951042064535,
          "ci95_lo": 0.9309354255957553,
          "ci95_hi": 0.9550645744042446,
          "min": 0.92,
          "max": 0.98,
          "n": 10
        },
        "test_vs_null": {
          "t": 136.95302831558504,
          "p": 2.998290830982947e-16,
          "d": 43.308350193478205,
          "significant": "True"
        }
      },
      "stim_only": {
        "persistence": {
          "mean": 0.858,
          "std": 0.025298221281347056,
          "sem": 0.008000000000000007,
          "ci95_lo": 0.84232,
          "ci95_hi": 0.87368,
          "min": 0.82,
          "max": 0.89,
          "n": 10
        },
        "test_vs_null": {
          "t": 94.74999999999991,
          "p": 8.239059583679137e-15,
          "d": 29.96258083009537,
          "significant": "True"
        }
      },
      "paired_test": {
        "t": 8.571731229523383,
        "p": 1.2699643040909386e-05,
        "d": 2.7106194176089433,
        "significant": "True"
      }
    },
    "crossarea_fidelity": [
      {
        "n": 500,
        "k": 22,
        "recovery": {
          "mean": 1.0,
          "std": 0.0,
          "sem": 0.0,
          "ci95_lo": 1.0,
          "ci95_hi": 1.0,
          "min": 1.0,
          "max": 1.0,
          "n": 10
        },
        "test_vs_null": {
          "t": Infinity,
          "p": 0.0,
          "d": Infinity,
          "significant": true
        }
      },
      {
        "n": 1000,
        "k": 31,
        "recovery": {
          "mean": 1.0,
          "std": 0.0,
          "sem": 0.0,
          "ci95_lo": 1.0,
          "ci95_hi": 1.0,
          "min": 1.0,
          "max": 1.0,
          "n": 10
        },
        "test_vs_null": {
          "t": Infinity,
          "p": 0.0,
          "d": Infinity,
          "significant": true
        }
      },
      {
        "n": 2000,
        "k": 44,
        "recovery": {
          "mean": 1.0,
          "std": 0.0,
          "sem": 0.0,
          "ci95_lo": 1.0,
          "ci95_hi": 1.0,
          "min": 1.0,
          "max": 1.0,
          "n": 10
        },
        "test_vs_null": {
          "t": Infinity,
          "p": 0.0,
          "d": Infinity,
          "significant": true
        }
      }
    ],