{
  "experiment_name": "projection",
  "timestamp": "2026-02-06T14:41:09.846916",
  "parameters": {
    "n_seeds": 10,
    "base_n": 1000,
    "base_k": 100,
    "base_p": 0.05,
    "base_beta": 0.1,
    "base_wmax": 20.0,
    "train_rounds": 30,
    "test_rounds": 20
  },
  "metrics": {
    "convergence_vs_size": [
      {
        "n": 100,
        "k": 10,
        "k_over_n": 0.1,
        "convergence_time": {
          "mean": 16.3,
          "std": 29.73979750360711,
          "sem": 9.404549726358809,
          "ci95_lo": -2.132917463663265,
          "ci95_hi": 34.73291746366327,
          "min": 4.0,
          "max": 100.0,
          "n": 10
        },
        "persistence": {
          "mean": 0.36000000000000004,
          "std": 0.24585451886114368,
          "sem": 0.077746025264604,
          "ci95_lo": 0.2076177904813762,
          "ci95_hi": 0.5123822095186239,
          "min": 0.1,
          "max": 0.9,
          "n": 10
        },
        "test_vs_null": {
          "t": 3.344222410278922,
          "p": 0.00860220578449652,
          "d": 1.0575359818659489,
          "significant": "True"
        }
      },
      {
        "n": 200,
        "k": 14,
        "k_over_n": 0.07,
        "convergence_time": {
          "mean": 40.0,
          "std": 39.48839491968917,
          "sem": 12.487326909043958,
          "ci95_lo": 15.524839258273843,
          "ci95_hi": 64.47516074172616,
          "min": 7.0,
          "max": 100.0,
          "n": 10
        },
        "persistence": {
          "mean": 0.4142857142857143,
          "std": 0.28131534262365576,
          "sem": 0.08895972234414,
          "ci95_lo": 0.23992465849119993,
          "ci95_hi": 0.5886467700802287,
          "min": 0.0,
          "max": 0.7857142857142857,
          "n": 10
        },
        "test_vs_null": {
          "t": 3.870130270346929,
          "p": 0.003788015316662774,
          "d": 1.2238426495859505,
          "significant": "True"
        }
      },
      {
        "n": 500,
        "k": 22,
        "k_over_n": 0.044,
        "convergence_time": {
          "mean": 45.3,
          "std": 47.10991874801361,
          "sem": 14.897464362919095,
          "ci95_lo": 16.10096984867857,
          "ci95_hi": 74.49903015132142,
          "min": 7.0,
          "max": 100.0,
          "n": 10
        },
        "persistence": {
          "mean": 0.5454545454545455,
          "std": 0.33607686383058843,
          "sem": 0.10627683585909202,
          "ci95_lo": 0.33715194717072516,
          "ci95_hi": 0.7537571437383659,
          "min": 0.09090909090909091,
          "max": 0.9545454545454546,
          "n": 10
        },
        "test_vs_null": {
          "t": 4.7183804579899515,
          "p": 0.0010915715359364887,
          "d": 1.4920829114476668,
          "significant": "True"
        }
      },
      {
        "n": 1000,
        "k": 31,
        "k_over_n": 0.031,
        "convergence_time": {
          "mean": 9.9,
          "std": 1.5951314818673865,
          "sem": 0.5044248650140518,
          "ci95_lo": 8.911327264572458,
          "ci95_hi": 10.888672735427543,
          "min": 7.0,
          "max": 13.0,
          "n": 10
        },
        "persistence": {
          "mean": 0.49677419354838703,
          "std": 0.1680999763084972,
          "sem": 0.053157879975519455,
          "ci95_lo": 0.3925847487963689,
          "ci95_hi": 0.6009636383004051,
          "min": 0.25806451612903225,
          "max": 0.7741935483870968,
          "n": 10
        },
        "test_vs_null": {
          "t": 8.76209122265387,
          "p": 1.0624394894580826e-05,
          "d": 2.770816532975578,
          "significant": "True"
        }
      },
      {
        "n": 2000,
        "k": 44,
        "k_over_n": 0.022,
        "convergence_time": {
          "mean": 13.9,
          "std": 13.076271979768887,
          "sem": 4.135080275990889,
          "ci95_lo": 5.795242659057857,
          "ci95_hi": 22.00475734094214,
          "min": 8.0,
          "max": 51.0,
          "n": 10
        },
        "persistence": {
          "mean": 0.5386363636363637,
          "std": 0.1961082561177347,
          "sem": 0.06201487572956913,
          "ci95_lo": 0.4170872072064082,
          "ci95_hi": 0.6601855200663191,
          "min": 0.29545454545454547,
          "max": 0.9772727272727273,
          "n": 10
        },
        "test_vs_null": {
          "t": 8.330845745612416,
          "p": 1.5990042467087187e-05,
          "d": 2.6344447391658927,
          "significant": "True"
        }
      },
      {
        "n": 5000,
        "k": 70,
        "k_over_n": 0.014,
        "convergence_time": {
          "mean": 8.6,
          "std": 0.6992058987801011,
          "sem": 0.22110831935702666,
          "ci95_lo": 8.166627694060228,
          "ci95_hi": 9.033372305939771,
          "min": 8.0,
          "max": 10.0,
          "n": 10
        },
        "persistence": {
          "mean": 0.36,
          "std": 0.2214976850664492,
          "sem": 0.07004371812646436,
          "ci95_lo": 0.22271431247212986,
          "ci95_hi": 0.4972856875278701,
          "min": 0.04285714285714286,
          "max": 0.6428571428571429,
          "n": 10
        },
        "test_vs_null": {
          "t": 4.939772034592665,
          "p": 0.0008024905979603384,
          "d": 1.5620930751316888,
          "significant": "True"
        }
      }
    ],
    "scaling_fit": {
      "slope": -12.736255123562048,
      "intercept": 58.41938951675914,
      "r_squared": 0.25038983768628115,
      "p_value": 0.3120617173607348,
      "equation": "T = -12.74 * log10(n) + 58.42"
    },
    "training_mode_comparison": {
      "stim_self": {
        "persistence": {
          "mean": 0.7090000000000001,
          "std": 0.10093452222989803,
          "sem": 0.03191829847873752,
          "ci95_lo": 0.6464401349816745,
          "ci95_hi": 0.7715598650183256,
          "min": 0.51,
          "max": 0.83,
          "n": 10
        },
        "test_vs_null": {
          "t": 19.079964441265172,
          "p": 1.3749172079271735e-08,
          "d": 6.03361453094199,
          "significant": "True"
        }
      },
      "stim_only": {
        "persistence": {
          "mean": 0.11300000000000003,
          "std": 0.022632326929023946,
          "sem": 0.0071569701845279644,
          "ci95_lo": 0.09897233843832522,
          "ci95_hi": 0.12702766156167483,
          "min": 0.08,
          "max": 0.14,
          "n": 10
        },
        "test_vs_null": {
          "t": 1.8164110880472302,
          "p": 0.1026860523481988,
          "d": 0.5743996205413895,
          "significant": "False"
        }
      },
      "paired_test": {
        "t": 18.884982665629437,
        "p": 1.504996624174671e-08,
        "d": 5.971955879618706,
        "significant": "True"
      }
    },
    "crossarea_fidelity": [
      {
        "n": 500,
        "k": 22,
        "recovery": {
          "mean": 1.0,
          "std": 0.0,
          "sem": 0.0,
          "ci95_lo": 1.0,
          "ci95_hi": 1.0,
          "min": 1.0,
          "max": 1.0,
          "n": 10
        },
        "test_vs_null": {
          "t": Infinity,
          "p": 0.0,
          "d": Infinity,
          "significant": true
        }
      },
      {
        "n": 1000,
        "k": 31,
        "recovery": {
          "mean": 1.0,
          "std": 0.0,
          "sem": 0.0,
          "ci95_lo": 1.0,
          "ci95_hi": 1.0,
          "min": 1.0,
          "max": 1.0,
          "n": 10
        },
        "test_vs_null": {
          "t": Infinity,
          "p": 0.0,
          "d": Infinity,
          "significant": true
        }
      },
      {
        "n": 2000,
        "k": 44,
        "recovery": {
          "mean": 1.0,
          "std": 0.0,
          "sem": 0.0,
          "ci95_lo": 1.0,
          "ci95_hi": 1.0,
          "min": 1.0,
          "max": 1.0,
          "n": 10
        },