{
  "experiment_name": "projection",
  "timestamp": "2026-02-06T13:55:02.627789",
  "parameters": {
    "n_seeds": 10,
    "base_n": 1000,
    "base_k": 100,
    "base_p": 0.05,
    "base_beta": 0.1,
    "base_wmax": 20.0,
    "train_rounds": 30,
    "test_rounds": 20
  },
  "metrics": {
    "convergence_vs_size": [
      {
        "n": 100,
        "k": 10,
        "k_over_n": 0.1,
        "convergence_time": {
          "mean": 22.6,
          "std": 33.0763426703202,
          "sem": 10.459657950642768,
          "ci95_lo": 2.099070416740176,
          "ci95_hi": 43.10092958325983,
          "min": 5.0,
          "max": 100.0,
          "n": 10
        },
        "persistence": {
          "mean": 0.37,
          "std": 0.1636391694484477,
          "sem": 0.05174724898753341,
          "ci95_lo": 0.26857539198443453,
          "ci95_hi": 0.47142460801556546,
          "min": 0.1,
          "max": 0.6,
          "n": 10
        },
        "test_vs_null": {
          "t": 5.21766867384673,
          "p": 0.0005509079995697269,
          "d": 1.6499717085465888,
          "significant": "True"
        }
      },
      {
        "n": 200,
        "k": 14,
        "k_over_n": 0.07,
        "convergence_time": {
          "mean": 20.8,
          "std": 26.359902208552377,
          "sem": 8.33573298783283,
          "ci95_lo": 4.461963343847653,
          "ci95_hi": 37.13803665615235,
          "min": 6.0,
          "max": 71.0,
          "n": 10
        },
        "persistence": {
          "mean": 0.42857142857142855,
          "std": 0.2102800206268535,
          "sem": 0.06649638116080447,
          "ci95_lo": 0.29823852149625174,
          "ci95_hi": 0.5589043356466054,
          "min": 0.07142857142857142,
          "max": 0.7857142857142857,
          "n": 10
        },
        "test_vs_null": {
          "t": 5.3923450015169285,
          "p": 0.00043736527864192756,
          "d": 1.7052092134217611,
          "significant": "True"
        }
      },
      {
        "n": 500,
        "k": 22,
        "k_over_n": 0.044,
        "convergence_time": {
          "mean": 40.6,
          "std": 43.11534916167714,
          "sem": 13.634270546433106,
          "ci95_lo": 13.876829728991115,
          "ci95_hi": 67.32317027100889,
          "min": 6.0,
          "max": 100.0,
          "n": 10
        },
        "persistence": {
          "mean": 0.5727272727272728,
          "std": 0.33139934823011674,
          "sem": 0.10479767555024594,
          "ci95_lo": 0.3673238286487907,
          "ci95_hi": 0.7781307168057547,
          "min": 0.13636363636363635,
          "max": 0.9545454545454546,
          "n": 10
        },
        "test_vs_null": {
          "t": 5.045219466473479,
          "p": 0.0006948409262524368,
          "d": 1.5954384809475715,
          "significant": "True"
        }
      },
      {
        "n": 1000,
        "k": 31,
        "k_over_n": 0.031,
        "convergence_time": {
          "mean": 9.7,
          "std": 1.5670212364724212,
          "sem": 0.49553562491061687,
          "ci95_lo": 8.72875017517519,
          "ci95_hi": 10.671249824824809,
          "min": 7.0,
          "max": 11.0,
          "n": 10
        },
        "persistence": {
          "mean": 0.4225806451612903,
          "std": 0.22832694669917922,
          "sem": 0.07220332027612707,
          "ci95_lo": 0.28106213742008124,
          "ci95_hi": 0.5640991529024993,
          "min": 0.0967741935483871,
          "max": 0.6774193548387096,
          "n": 10
        },
        "test_vs_null": {
          "t": 5.423305239478863,
          "p": 0.0004200230201074299,
          "d": 1.7149997003078128,
          "significant": "True"
        }
      },
      {
        "n": 2000,
        "k": 44,
        "k_over_n": 0.022,
        "convergence_time": {
          "mean": 9.4,
          "std": 0.9660917830792958,
          "sem": 0.3055050463303893,
          "ci95_lo": 8.801210109192438,
          "ci95_hi": 9.998789890807563,
          "min": 8.0,
          "max": 11.0,
          "n": 10
        },
        "persistence": {
          "mean": 0.3909090909090908,
          "std": 0.1903913132418154,
          "sem": 0.060207019655471296,
          "ci95_lo": 0.2729033323843671,
          "ci95_hi": 0.5089148494338146,
          "min": 0.11363636363636363,
          "max": 0.6590909090909091,
          "n": 10
        },
        "test_vs_null": {
          "t": 6.1273435061249755,
          "p": 0.00017340361578934376,
          "d": 1.93763614855968,
          "significant": "True"
        }
      },
      {
        "n": 5000,
        "k": 70,
        "k_over_n": 0.014,
        "convergence_time": {
          "mean": 8.5,
          "std": 0.5270462766947299,
          "sem": 0.16666666666666666,
          "ci95_lo": 8.173333333333334,
          "ci95_hi": 8.826666666666666,
          "min": 8.0,
          "max": 9.0,
          "n": 10
        },
        "persistence": {
          "mean": 0.45,
          "std": 0.11353922873872728,
          "sem": 0.03590425665932249,
          "ci95_lo": 0.37962765694772793,
          "ci95_hi": 0.5203723430522721,
          "min": 0.32857142857142857,
          "max": 0.6857142857142857,
          "n": 10
        },
        "test_vs_null": {
          "t": 12.143406954138769,
          "p": 6.958380540140361e-07,
          "d": 3.8400824529406377,
          "significant": "True"
        }
      }
    ],
    "scaling_fit": {
      "slope": -11.040609488806947,
      "intercept": 49.88172688495302,
      "r_squared": 0.3150085858430271,
      "p_value": 0.24651588462018845,
      "equation": "T = -11.04 * log10(n) + 49.88"
    },
    "training_mode_comparison": {
      "stim_self": {
        "persistence": {
          "mean": 0.725,
          "std": 0.059860949986893244,
          "sem": 0.018929694486000914,
          "ci95_lo": 0.6878977988074382,
          "ci95_hi": 0.7621022011925618,
          "min": 0.65,
          "max": 0.8,
          "n": 10
        },
        "test_vs_null": {
          "t": 33.01690898721089,
          "p": 1.0559282214612743e-10,
          "d": 10.440863369806959,
          "significant": "True"
        }
      },
      "stim_only": {
        "persistence": {
          "mean": 0.10800000000000001,
          "std": 0.02299758441421379,
          "sem": 0.007272474743090476,
          "ci95_lo": 0.09374594950354267,
          "ci95_hi": 0.12225405049645735,
          "min": 0.08,
          "max": 0.14,
          "n": 10
        },
        "test_vs_null": {
          "t": 1.1000381964338544,
          "p": 0.2998669857981666,
          "d": 0.34786262139146934,
          "significant": "False"
        }
      },
      "paired_test": {
        "t": 24.732819750092638,
        "p": 1.385020767128931e-09,
        "d": 7.821204336868922,
        "significant": "True"
      }
    },
    "crossarea_fidelity": [
      {
        "n": 500,
        "k": 22,
        "recovery": {
          "mean": 1.0,
          "std": 0.0,
          "sem": 0.0,
          "ci95_lo": 1.0,
          "ci95_hi": 1.0,
          "min": 1.0,
          "max": 1.0,
          "n": 10
        },
        "test_vs_null": {
          "t": Infinity,
          "p": 0.0,
          "d": Infinity,
          "significant": true
        }
      },
      {
        "n": 1000,
        "k": 31,
        "recovery": {
          "mean": 1.0,
          "std": 0.0,
          "sem": 0.0,
          "ci95_lo": 1.0,
          "ci95_hi": 1.0,
          "min": 1.0,
          "max": 1.0,
          "n": 10
        },
        "test_vs_null": {
          "t": Infinity,
          "p": 0.0,
          "d": Infinity,
          "significant": true
        }
      },
      {
        "n": 2000,
        "k": 44,
        "recovery": {
          "mean": 1.0,
          "std": 0.0,
          "sem": 0.0,
          "ci95_lo": 1.0,
          "ci95_hi": 1.0,
          "min": 1.0,
          "max": 1.0,
          "n": 10
        },
        "test_vs_null": {
          "t": Infinity,