{
  "experiment_name": "rc_asymmetry",
  "timestamp": "2026-02-22T02:32:33.357287",
  "parameters": {
    "n": 5000,
    "k": 50,
    "p": 0.05,
    "beta": 0.1,
    "rel_prob": 0.6,
    "orc_prob": 0.5,
    "pp_prob": 0.3,
    "n_train_sentences": 60,
    "training_reps": 2,
    "n_seeds": 5
  },
  "metrics": {
    "main_verb_n400": {
      "src": {
        "mean": 0.236,
        "std": 0.047916594202843756,
        "sem": 0.021428952377566195,
        "ci95_lo": 0.19399925333997026,
        "ci95_hi": 0.2780007466600297,
        "min": 0.184,
        "max": 0.312,
        "n": 5
      },
      "orc": {
        "mean": 0.23759999999999998,
        "std": 0.0580758125212209,
        "sem": 0.025972292929196672,
        "ci95_lo": 0.1866943058587745,
        "ci95_hi": 0.28850569414122545,
        "min": 0.18,
        "max": 0.33199999999999996,
        "n": 5
      },
      "test": {
        "t": 0.3310423554409456,
        "p": 0.7572283499374906,
        "d": 0.14804664203952037,
        "significant": "False"
      }
    },
    "embedded_verb_n400": {
      "src": {
        "mean": 0.2888,
        "std": 0.021614809737770087,
        "sem": 0.009666436778875662,
        "ci95_lo": 0.2698537839134037,
        "ci95_hi": 0.3077462160865963,
        "min": 0.26799999999999996,
        "max": 0.324,
        "n": 5
      },
      "orc": {
        "mean": 0.23759999999999998,
        "std": 0.056822530742655246,
        "sem": 0.025411808278829745,
        "ci95_lo": 0.1877928557734937,
        "ci95_hi": 0.28740714422650626,
        "min": 0.176,
        "max": 0.328,
        "n": 5
      },
      "test": {
        "t": -2.4893114930701237,
        "p": 0.06753417676555934,
        "d": -1.1132539431352586,
        "significant": "False"
      }
    },
    "agent_binding_p600": {
      "src": {
        "mean": 0.38807137368735567,
        "std": 0.27000514741516346,
        "sem": 0.12074997277903142,
        "ci95_lo": 0.1514014270404541,
        "ci95_hi": 0.6247413203342572,
        "min": 0.03137254901960782,
        "max": 0.6691140897578186,
        "n": 5
      },
      "orc": {
        "mean": 0.39869293693932956,
        "std": 0.2791144065638794,
        "sem": 0.12482375731526957,
        "ci95_lo": 0.1540383726014012,
        "ci95_hi": 0.6433475012772579,
        "min": 0.03137254901960782,
        "max": 0.6769401519678985,
        "n": 5
      },
      "test": {
        "t": 1.493944652752503,
        "p": 0.20949358000590887,
        "d": 0.6681123596353831,
        "significant": "False"
      }
    },
    "dual_binding_p600": {
      "src_rel_agent": {
        "mean": 0.04332166538603828,
        "std": 0.04165446162194301,
        "sem": 0.018628441550564142,
        "ci95_lo": 0.006809919946932565,
        "ci95_hi": 0.079833410825144,
        "min": 0.0,
        "max": 0.10770938273712963,
        "n": 5
      },
      "orc_rel_patient": {
        "mean": 0.1814179243701995,
        "std": 0.15286256638620452,
        "sem": 0.06836221793092553,
        "ci95_lo": 0.04742797722558545,
        "ci95_hi": 0.31540787151481353,
        "min": 0.03891402714932124,
        "max": 0.352941176470588,
        "n": 5
      },
      "test": {
        "t": 1.8035066617909588,
        "p": 0.14564297626976597,
        "d": 0.8065526987276613,
        "significant": "False"
      }
    },
    "main_patient_p600": {
      "src": {
        "mean": 0.1543356384643842,
        "std": 0.1383438519964513,
        "sem": 0.06186925146664702,
        "ci95_lo": 0.033071905589756034,
        "ci95_hi": 0.27559937133901236,
        "min": 0.039215686274509776,
        "max": 0.3828225049090751,
        "n": 5
      },
      "orc": {
        "mean": 0.15771080565753143,
        "std": 0.14193656208571617,
        "sem": 0.06347596026325614,
        "ci95_lo": 0.033297923541549396,
        "ci95_hi": 0.2821236877735135,
        "min": 0.039215686274509776,
        "max": 0.38252084578388656,
        "n": 5
      },
      "test": {
        "t": 0.4336834648072295,
        "p": 0.6868833115269963,
        "d": 0.1939491416053206,
        "significant": "False"
      }
    },
    "hypotheses": {
      "H1_orc_higher_n400": "True",
      "H2_orc_higher_agent_p600": "True",
      "H3_conflicting_dual_binding": "True"
    }
  },
  "raw_data": {},
  "success": true,
  "error_message": null,
  "duration_seconds": 46.71107870002743
}