{
  "experiment_name": "recursive_structure",
  "timestamp": "2026-02-22T03:15:36.355804",
  "parameters": {
    "n": 5000,
    "k": 50,
    "p": 0.05,
    "beta": 0.1,
    "w_max": 20.0,
    "pp_prob": 0.5,
    "recursive_pp_prob": 0.5,
    "rel_prob": 0.4,
    "max_pp_depth": 2,
    "n_train_sentences": 50,
    "training_reps": 2,
    "n_seeds": 2
  },
  "metrics": {
    "object_position": {
      "n400": {
        "gram": {
          "mean": 0.098,
          "std": 0.03676955262170047,
          "sem": 0.026,
          "ci95_lo": 0.047040000000000005,
          "ci95_hi": 0.14896,
          "min": 0.072,
          "max": 0.124,
          "n": 2
        },
        "cv": {
          "mean": 0.40599999999999997,
          "std": 0.07636753236814713,
          "sem": 0.05399999999999999,
          "ci95_lo": 0.30016,
          "ci95_hi": 0.51184,
          "min": 0.352,
          "max": 0.45999999999999996,
          "n": 2
        },
        "novel": {
          "mean": 1.0,
          "std": 0.0,
          "sem": 0.0,
          "ci95_lo": 1.0,
          "ci95_hi": 1.0,
          "min": 1.0,
          "max": 1.0,
          "n": 2
        }
      },
      "p600": {
        "gram": {
          "mean": 0.26789891573465363,
          "std": 0.22485991617105536,
          "sem": 0.15899997154159184,
          "ci95_lo": -0.043741028486866396,
          "ci95_hi": 0.5795388599561737,
          "min": 0.10889894419306176,
          "max": 0.4268988872762455,
          "n": 2
        },
        "cv": {
          "mean": 4.576207249370688,
          "std": 0.010319082696349414,
          "sem": 0.007296693350213434,
          "ci95_lo": 4.56190573040427,
          "ci95_hi": 4.590508768337106,
          "min": 4.568910556020475,
          "max": 4.583503942720902,
          "n": 2
        },
        "novel": {
          "mean": 0.4378912342346901,
          "std": 0.17183692290411498,
          "sem": 0.12150705344372965,
          "ci95_lo": 0.19973740948498,
          "ci95_hi": 0.6760450589844003,
          "min": 0.3163841807909605,
          "max": 0.5593982876784198,
          "n": 2
        }
      },
      "p600_test": {
        "t": 28.39957306790009,
        "p": 0.02240726850657628,
        "d": 20.081530699114996,
        "significant": "True"
      }
    },
    "recursive_pp": {
      "depth_0": {
        "n400_gram": {
          "mean": 0.07000000000000003,
          "std": 0.014142135623730947,
          "sem": 0.009999999999999997,
          "ci95_lo": 0.05040000000000004,
          "ci95_hi": 0.08960000000000003,
          "min": 0.06000000000000003,
          "max": 0.08000000000000003,
          "n": 2
        },
        "n400_cv": {
          "mean": 0.48000000000000004,
          "std": 0.062225396744416156,
          "sem": 0.04399999999999998,
          "ci95_lo": 0.3937600000000001,
          "ci95_hi": 0.56624,
          "min": 0.43600000000000005,
          "max": 0.524,
          "n": 2
        },
        "p600_gram": {
          "mean": 0.24524886877828037,
          "std": 0.07295038285544465,
          "sem": 0.05158371040723977,
          "ci95_lo": 0.14414479638009042,
          "ci95_hi": 0.3463529411764703,
          "min": 0.1936651583710406,
          "max": 0.29683257918552014,
          "n": 2
        },
        "p600_cv": {
          "mean": 4.812309026933163,
          "std": 0.3270563731614082,
          "sem": 0.23126377929270966,
          "ci95_lo": 4.359032019519452,
          "ci95_hi": 5.2655860343468746,
          "min": 4.5810452476404535,
          "max": 5.043572806225873,
          "n": 2
        },
        "p600_test": {
          "t": 25.417733789193804,
          "p": 0.025033373167349323,
          "d": 17.973051924733376,
          "significant": "True"
        }
      },
      "depth_1": {
        "n400_gram": {
          "mean": 0.07000000000000003,
          "std": 0.014142135623730947,
          "sem": 0.009999999999999997,
          "ci95_lo": 0.05040000000000004,
          "ci95_hi": 0.08960000000000003,
          "min": 0.06000000000000003,
          "max": 0.08000000000000003,
          "n": 2
        },
        "n400_cv": {
          "mean": 0.48000000000000004,
          "std": 0.062225396744416156,
          "sem": 0.04399999999999998,
          "ci95_lo": 0.3937600000000001,
          "ci95_hi": 0.56624,
          "min": 0.43600000000000005,
          "max": 0.524,
          "n": 2
        },
        "p600_gram": {
          "mean": 0.23873701010215984,
          "std": 0.0015543189469977865,
          "sem": 0.0010990694675488686,
          "ci95_lo": 0.23658283394576404,
          "ci95_hi": 0.24089118625855563,
          "min": 0.23763794063461097,
          "max": 0.2398360795697087,
          "n": 2
        },
        "p600_cv": {
          "mean": 5.0793135592960885,
          "std": 0.43990075645044446,
          "sem": 0.31105680793520113,
          "ci95_lo": 4.469642215743094,
          "ci95_hi": 5.688984902849083,
          "min": 4.768256751360887,
          "max": 5.39037036723129,
          "n": 2
        },
        "p600_test": {
          "t": 15.506921059661867,
          "p": 0.040997144408849814,
          "d": 10.96504903661139,
          "significant": "True"
        }
      }
    },
    "center_embedding": {
      "main_verb_n400": {
        "mean": 0.14400000000000002,
        "std": 0.03394112549695429,
        "sem": 0.024000000000000007,
        "ci95_lo": 0.09696,
        "ci95_hi": 0.19104000000000004,
        "min": 0.12,
        "max": 0.168,
        "n": 2
      },
      "main_patient_p600_gram": {
        "mean": 0.23245396852500055,
        "std": 0.22976593607069054,
        "sem": 0.16246905148126004,
        "ci95_lo": -0.08598537237826909,
        "ci95_hi": 0.5508933094282702,
        "min": 0.06998491704374052,
        "max": 0.3949230200062606,
        "n": 2
      },
      "main_patient_p600_cv": {
        "mean": 3.669576480937949,
        "std": 0.2180051828529996,
        "sem": 0.15415294312916927,
        "ci95_lo": 3.3674367124047775,
        "ci95_hi": 3.971716249471121,
        "min": 3.51542353780878,
        "max": 3.8237294240671185,
        "n": 2
      },
      "main_patient_test": {
        "t": 413.309010283492,
        "p": 0.0015402967617012496,
        "d": 292.2536038969577,
        "significant": "True"
      },
      "rel_patient_p600_gram": {
        "mean": 0.24116253781245886,
        "std": 0.11798889487700046,
        "sem": 0.08343074767223371,
        "ci95_lo": 0.07763827237488077,
        "ci95_hi": 0.4046868032500369,
        "min": 0.15773179014022515,
        "max": 0.3245932854846926,
        "n": 2
      },
      "rel_patient_p600_cv": {
        "mean": 4.623646099635524,
        "std": 0.10684229243258639,
        "sem": 0.07554890949659798,
        "ci95_lo": 4.4755702370221915,
        "ci95_hi": 4.771721962248856,
        "min": 4.548097190138925,
        "max": 4.699195009132121,
        "n": 2
      },
      "rel_patient_test": {
        "t": 556.0230322122209,
        "p": 0.001144950926659106,
        "d": 393.1676565731675,
        "significant": "True"
      },
      "dual_binding": {
        "agent_p600": {
          "mean": 0.2618385971327146,
          "std": 0.17106862625003674,
          "sem": 0.120963785669668,
          "ci95_lo": 0.024749577220165325,
          "ci95_hi": 0.4989276170452639,
          "min": 0.14087481146304665,
          "max": 0.38280238280238266,
          "n": 2
        },
        "rel_agent_p600": {
          "mean": 0.19077423788855524,
          "std": 0.11704483428564753,
          "sem": 0.08276319602623708,
          "ci95_lo": 0.028558373677130572,
          "ci95_hi": 0.35299010209997994,
          "min": 0.10801104186231816,
          "max": 0.27353743391479235,
          "n": 2
        }
      }
    }
  },
  "raw_data": {},
  "success": true,
  "error_message": null,
  "duration_seconds": 8.032843500026502
}