{
  "experiment_name": "recursive_structure",
  "timestamp": "2026-02-22T02:08:06.290850",
  "parameters": {
    "n": 5000,
    "k": 50,
    "p": 0.05,
    "beta": 0.1,
    "w_max": 20.0,
    "pp_prob": 0.5,
    "recursive_pp_prob": 0.5,
    "rel_prob": 0.4,
    "max_pp_depth": 2,
    "n_train_sentences": 50,
    "training_reps": 2,
    "n_seeds": 5
  },
  "metrics": {
    "object_position": {
      "n400": {
        "gram": {
          "mean": 0.0936,
          "std": 0.02933939331342759,
          "sem": 0.013120975573485377,
          "ci95_lo": 0.06788288787596866,
          "ci95_hi": 0.11931711212403134,
          "min": 0.06400000000000002,
          "max": 0.136,
          "n": 5
        },
        "cv": {
          "mean": 0.3976,
          "std": 0.061292740190009465,
          "sem": 0.027410946718418906,
          "ci95_lo": 0.34387454443189897,
          "ci95_hi": 0.45132545556810105,
          "min": 0.32399999999999995,
          "max": 0.476,
          "n": 5
        },
        "novel": {
          "mean": 0.9960000000000001,
          "std": 0.005656854249492424,
          "sem": 0.002529822128134723,
          "ci95_lo": 0.9910415486288561,
          "ci95_hi": 1.0009584513711443,
          "min": 0.9879999999999999,
          "max": 1.0,
          "n": 5
        }
      },
      "p600": {
        "gram": {
          "mean": 0.13693826048986976,
          "std": 0.13259651183190127,
          "sem": 0.05929896280709728,
          "ci95_lo": 0.020712293387959088,
          "ci95_hi": 0.2531642275917804,
          "min": 0.0,
          "max": 0.31328061916297206,
          "n": 5
        },
        "cv": {
          "mean": 4.439470967656549,
          "std": 0.28806808366232356,
          "sem": 0.1288279634434104,
          "ci95_lo": 4.186968159307464,
          "ci95_hi": 4.691973776005633,
          "min": 4.091333855004791,
          "max": 4.855003255036325,
          "n": 5
        },
        "novel": {
          "mean": 0.4304883638057799,
          "std": 0.11323888304260017,
          "sem": 0.05064196803588044,
          "ci95_lo": 0.3312301064554542,
          "ci95_hi": 0.5297466211561055,
          "min": 0.2986680982692946,
          "max": 0.6030423998292112,
          "n": 5
        }
      },
      "p600_test": {
        "t": 51.685392350841504,
        "p": 8.38681256088001e-07,
        "d": 23.114410148045852,
        "significant": "True"
      }
    },
    "recursive_pp": {
      "depth_0": {
        "n400_gram": {
          "mean": 0.07200000000000001,
          "std": 0.019390719429665308,
          "sem": 0.008671793355471516,
          "ci95_lo": 0.05500328502327584,
          "ci95_hi": 0.08899671497672418,
          "min": 0.04400000000000002,
          "max": 0.092,
          "n": 5
        },
        "n400_cv": {
          "mean": 0.44799999999999995,
          "std": 0.019798989873223313,
          "sem": 0.008854377448471453,
          "ci95_lo": 0.4306454202009959,
          "ci95_hi": 0.465354579799004,
          "min": 0.42400000000000004,
          "max": 0.472,
          "n": 5
        },
        "p600_gram": {
          "mean": 0.0640087778378566,
          "std": 0.06392263155744583,
          "sem": 0.028587069892624425,
          "ci95_lo": 0.00797812084831273,
          "ci95_hi": 0.12003943482740048,
          "min": 0.0,
          "max": 0.16468943971718664,
          "n": 5
        },
        "p600_cv": {
          "mean": 4.778889675472143,
          "std": 0.2974337810381349,
          "sem": 0.13301643064121152,
          "ci95_lo": 4.518177471415368,
          "ci95_hi": 5.0396018795289175,
          "min": 4.501972391883408,
          "max": 5.25444455005215,
          "n": 5
        },
        "p600_test": {
          "t": 32.16740683539025,
          "p": 5.567934628572654e-06,
          "d": 14.385701668764797,
          "significant": "True"
        }
      },
      "depth_1": {
        "n400_gram": {
          "mean": 0.07200000000000001,
          "std": 0.019390719429665308,
          "sem": 0.008671793355471516,
          "ci95_lo": 0.05500328502327584,
          "ci95_hi": 0.08899671497672418,
          "min": 0.04400000000000002,
          "max": 0.092,
          "n": 5
        },
        "n400_cv": {
          "mean": 0.44719999999999993,
          "std": 0.020079840636817788,
          "sem": 0.008979977728257448,
          "ci95_lo": 0.4295992436526153,
          "ci95_hi": 0.46480075634738455,
          "min": 0.42400000000000004,
          "max": 0.472,
          "n": 5
        },
        "p600_gram": {
          "mean": 0.175026830365343,
          "std": 0.13951899148262023,
          "sem": 0.0623947898214706,
          "ci95_lo": 0.05273304231526063,
          "ci95_hi": 0.29732061841542534,
          "min": 0.03137254901960782,
          "max": 0.4048436210478383,
          "n": 5
        },
        "p600_cv": {
          "mean": 4.872618159822449,
          "std": 0.21617838705480627,
          "sem": 0.09667791374416147,
          "ci95_lo": 4.683129448883892,
          "ci95_hi": 5.0621068707610055,
          "min": 4.636069755294512,
          "max": 5.2086140134419425,
          "n": 5
        },
        "p600_test": {
          "t": 34.988015250353385,
          "p": 3.982103925449804e-06,
          "d": 15.647116099517898,
          "significant": "True"
        }
      }
    },
    "center_embedding": {
      "main_verb_n400": {
        "mean": 0.1808,
        "std": 0.01987963782366268,
        "sem": 0.008890444308357144,
        "ci95_lo": 0.16337472915561999,
        "ci95_hi": 0.19822527084438,
        "min": 0.16,
        "max": 0.20400000000000001,
        "n": 5
      },
      "main_patient_p600_gram": {
        "mean": 0.1451513110558615,
        "std": 0.12097700784086209,
        "sem": 0.054102562649338534,
        "ci95_lo": 0.03911028826315796,
        "ci95_hi": 0.251192333848565,
        "min": 0.04645550527903466,
        "max": 0.33958164990351436,
        "n": 5
      },
      "main_patient_p600_cv": {
        "mean": 3.619398932779916,
        "std": 0.30323262143407925,
        "sem": 0.13560975090441219,
        "ci95_lo": 3.353603821007268,
        "ci95_hi": 3.8851940445525637,
        "min": 3.2213595552641676,
        "max": 4.046904334149365,
        "n": 5
      },
      "main_patient_test": {
        "t": 26.986567492564625,
        "p": 1.1209739642695612e-05,
        "d": 12.068759878552113,
        "significant": "True"
      },
      "rel_patient_p600_gram": {
        "mean": 0.13777854129027023,
        "std": 0.10854525954213244,
        "sem": 0.04854291579431316,
        "ci95_lo": 0.042634426333416436,
        "ci95_hi": 0.23292265624712402,
        "min": 0.023529411764705865,
        "max": 0.28380043365652574,
        "n": 5
      },
      "rel_patient_p600_cv": {
        "mean": 4.587173048790025,
        "std": 0.39210061600905693,
        "sem": 0.1753527262831587,
        "ci95_lo": 4.243481705275034,
        "ci95_hi": 4.930864392305017,
        "min": 3.9077261662813827,
        "max": 4.836185464919568,
        "n": 5
      },
      "rel_patient_test": {
        "t": 23.666410000528256,
        "p": 1.8900359394032436e-05,
        "d": 10.583940308912402,
        "significant": "True"
      },
      "dual_binding": {
        "agent_p600": {
          "mean": 0.2135942883112693,
          "std": 0.15472865850614367,
          "sem": 0.06919675969741766,
          "ci95_lo": 0.0779686393043307,
          "ci95_hi": 0.3492199373182079,
          "min": 0.023529411764705865,
          "max": 0.4011536291225523,
          "n": 5
        },
        "rel_agent_p600": {
          "mean": 0.10052989555764244,
          "std": 0.04776789279802021,
          "sem": 0.021362451087659166,
          "ci95_lo": 0.058659491425830476,
          "ci95_hi": 0.1424002996894544,
          "min": 0.06274509803921564,
          "max": 0.17045448077634526,
          "n": 5
        }
      }
    }
  },
  "raw_data": {},