{
  "experiment_name": "recursive_structure",
  "timestamp": "2026-02-22T02:35:08.331747",
  "parameters": {
    "n": 5000,
    "k": 50,
    "p": 0.05,
    "beta": 0.1,
    "w_max": 20.0,
    "pp_prob": 0.5,
    "recursive_pp_prob": 0.5,
    "rel_prob": 0.4,
    "max_pp_depth": 2,
    "n_train_sentences": 50,
    "training_reps": 2,
    "n_seeds": 5
  },
  "metrics": {
    "object_position": {
      "n400": {
        "gram": {
          "mean": 0.088,
          "std": 0.025455844122715697,
          "sem": 0.011384199576606158,
          "ci95_lo": 0.06568696882985192,
          "ci95_hi": 0.11031303117014807,
          "min": 0.06400000000000002,
          "max": 0.124,
          "n": 5
        },
        "cv": {
          "mean": 0.4024,
          "std": 0.05016771870436205,
          "sem": 0.022435685859808242,
          "ci95_lo": 0.3584260557147758,
          "ci95_hi": 0.44637394428522414,
          "min": 0.34,
          "max": 0.45199999999999996,
          "n": 5
        },
        "novel": {
          "mean": 0.9952,
          "std": 0.005215361924162166,
          "sem": 0.0023323807579381413,
          "ci95_lo": 0.9906285337144413,
          "ci95_hi": 0.9997714662855587,
          "min": 0.9879999999999999,
          "max": 1.0,
          "n": 5
        }
      },
      "p600": {
        "gram": {
          "mean": 0.23348747441977175,
          "std": 0.18365763390394532,
          "sem": 0.08213419079919836,
          "ci95_lo": 0.07250446045334297,
          "ci95_hi": 0.3944704883862005,
          "min": 0.06939867383818546,
          "max": 0.5160699455926978,
          "n": 5
        },
        "cv": {
          "mean": 4.737098440194083,
          "std": 0.19300809246570294,
          "sem": 0.08631584299217535,
          "ci95_lo": 4.56791938792942,
          "ci95_hi": 4.906277492458747,
          "min": 4.436341530159035,
          "max": 4.9111916719605,
          "n": 5
        },
        "novel": {
          "mean": 0.5118193860559298,
          "std": 0.16126961966662676,
          "sem": 0.07212196645602288,
          "ci95_lo": 0.37046033180212495,
          "ci95_hi": 0.6531784403097347,
          "min": 0.29245947048388776,
          "max": 0.6632422526166317,
          "n": 5
        }
      },
      "p600_test": {
        "t": 30.295790515836543,
        "p": 7.070891568178737e-06,
        "d": 13.548689405100786,
        "significant": "True"
      }
    },
    "recursive_pp": {
      "depth_0": {
        "n400_gram": {
          "mean": 0.05920000000000003,
          "std": 0.016099689437998475,
          "sem": 0.007199999999999995,
          "ci95_lo": 0.045088000000000045,
          "ci95_hi": 0.07331200000000002,
          "min": 0.040000000000000036,
          "max": 0.084,
          "n": 5
        },
        "n400_cv": {
          "mean": 0.44559999999999994,
          "std": 0.023426480742954097,
          "sem": 0.010476640682967027,
          "ci95_lo": 0.4250657842613846,
          "ci95_hi": 0.4661342157386153,
          "min": 0.41200000000000003,
          "max": 0.46799999999999997,
          "n": 5
        },
        "p600_gram": {
          "mean": 0.19898766256146933,
          "std": 0.1565451760064438,
          "sem": 0.07000913102001548,
          "ci95_lo": 0.061769765762239,
          "ci95_hi": 0.3362055593606996,
          "min": 0.03137254901960782,
          "max": 0.38624194073694607,
          "n": 5
        },
        "p600_cv": {
          "mean": 4.610284428840702,
          "std": 0.26774727319069824,
          "sem": 0.11974022072892165,
          "ci95_lo": 4.375593596212015,
          "ci95_hi": 4.844975261469388,
          "min": 4.300275677280683,
          "max": 4.956154274720422,
          "n": 5
        },
        "p600_test": {
          "t": 33.0478766428197,
          "p": 4.999547180670151e-06,
          "d": 14.779459737074477,
          "significant": "True"
        }
      },
      "depth_1": {
        "n400_gram": {
          "mean": 0.05920000000000003,
          "std": 0.016099689437998475,
          "sem": 0.007199999999999995,
          "ci95_lo": 0.045088000000000045,
          "ci95_hi": 0.07331200000000002,
          "min": 0.040000000000000036,
          "max": 0.084,
          "n": 5
        },
        "n400_cv": {
          "mean": 0.44559999999999994,
          "std": 0.02342648074295412,
          "sem": 0.010476640682967038,
          "ci95_lo": 0.4250657842613845,
          "ci95_hi": 0.46613421573861535,
          "min": 0.4119999999999999,
          "max": 0.46799999999999997,
          "n": 5
        },
        "p600_gram": {
          "mean": 0.08911010558069377,
          "std": 0.1341073471007418,
          "sem": 0.05997462887988359,
          "ci95_lo": -0.02844016702387807,
          "ci95_hi": 0.20666037818526561,
          "min": 0.007843137254901955,
          "max": 0.32790346907993945,
          "n": 5
        },
        "p600_cv": {
          "mean": 4.9389786953883155,
          "std": 0.08219753916644398,
          "sem": 0.03675985703187403,
          "ci95_lo": 4.866929375605842,
          "ci95_hi": 5.011028015170789,
          "min": 4.81826971609007,
          "max": 5.03460057159512,
          "n": 5
        },
        "p600_test": {
          "t": 103.86306818810723,
          "p": 5.1527410078344036e-08,
          "d": 46.44897616406073,
          "significant": "True"
        }
      }
    },
    "center_embedding": {
      "main_verb_n400": {
        "mean": 0.17359999999999998,
        "std": 0.013740451229854126,
        "sem": 0.006144916598294883,
        "ci95_lo": 0.161555963467342,
        "ci95_hi": 0.18564403653265796,
        "min": 0.16,
        "max": 0.192,
        "n": 5
      },
      "main_patient_p600_gram": {
        "mean": 0.1641868009903525,
        "std": 0.15806356025516993,
        "sem": 0.07068817309923879,
        "ci95_lo": 0.02563798171584447,
        "ci95_hi": 0.3027356202648605,
        "min": 0.04705882352941173,
        "max": 0.43504368365633594,
        "n": 5
      },
      "main_patient_p600_cv": {
        "mean": 4.046285823179957,
        "std": 0.18586474035197334,
        "sem": 0.08312123880947211,
        "ci95_lo": 3.883368195113392,
        "ci95_hi": 4.209203451246522,
        "min": 3.7877001112716173,
        "max": 4.22052706982521,
        "n": 5
      },
      "main_patient_test": {
        "t": 27.72885411566671,
        "p": 1.0061607157095687e-05,
        "d": 12.400720548161116,
        "significant": "True"
      },
      "rel_patient_p600_gram": {
        "mean": 0.11441824915742779,
        "std": 0.06341276024426204,
        "sem": 0.028359048509413218,
        "ci95_lo": 0.058834514078977884,
        "ci95_hi": 0.1700019842358777,
        "min": 0.06214177978883857,
        "max": 0.22273582872916942,
        "n": 5
      },
      "rel_patient_p600_cv": {
        "mean": 4.724085710381248,
        "std": 0.23014616867334406,
        "sem": 0.10292449558294597,
        "ci95_lo": 4.522353699038674,
        "ci95_hi": 4.9258177217238215,
        "min": 4.429464078049394,
        "max": 4.923744597894053,
        "n": 5
      },
      "rel_patient_test": {
        "t": 46.233755971779054,
        "p": 1.3090651802395346e-06,
        "d": 20.676364241606965,
        "significant": "True"
      },
      "dual_binding": {
        "agent_p600": {
          "mean": 0.12937508497996836,
          "std": 0.05198314038987309,
          "sem": 0.023247567119134227,
          "ci95_lo": 0.08380985342646527,
          "ci95_hi": 0.17494031653347145,
          "min": 0.04645550527903466,
          "max": 0.18260495618986178,
          "n": 5
        },
        "rel_agent_p600": {
          "mean": 0.11357181479268044,
          "std": 0.06102155493520108,
          "sem": 0.027289668985569476,
          "ci95_lo": 0.06008406358096427,
          "ci95_hi": 0.16705956600439661,
          "min": 0.03076923076923075,
          "max": 0.17533225191382787,