{
  "baseline": {
    "label": "baseline",
    "config": {
      "n": 5000,
      "k": 50,
      "p": 0.05,
      "beta": 0.1,
      "w_max": 20.0,
      "n_core_areas": 8,
      "rounds_per_word": 10,
      "training_reps": 10,
      "add_modality_features": true
    },
    "purity": {
      "mean": 0.7951219512195122,
      "std": 0.013359086768418698,
      "sem": 0.005974365226300439,
      "ci95_lo": 0.7834121953759634,
      "ci95_hi": 0.8068317070630611,
      "min": 0.7804878048780488,
      "max": 0.8048780487804879,
      "n": 5
    },
    "purity_vs_chance": {
      "t": 67.63449428114812,
      "p": 2.863159854014095e-07,
      "d": 30.247065367293594,
      "significant": "True"
    },
    "completeness": {
      "mean": 0.9560975609756097,
      "std": 0.020406342110587186,
      "sem": 0.009125993626277895,
      "ci95_lo": 0.9382106134681051,
      "ci95_hi": 0.9739845084831144,
      "min": 0.926829268292683,
      "max": 0.975609756097561,
      "n": 5
    },
    "n_active_areas": {
      "mean": 6.4,
      "std": 0.5477225575051662,
      "sem": 0.24494897427831783,
      "ci95_lo": 5.919900010414498,
      "ci95_hi": 6.880099989585503,
      "min": 6.0,
      "max": 7.0,
      "n": 5
    },
    "chance_purity": 0.39104878048780495,
    "summary": {
      "purity": 0.7951219512195122,
      "completeness": 0.9560975609756097,
      "active_areas": 6.4,
      "d": 30.247065367293594,
      "p": 2.863159854014095e-07
    }
  },
  "beta_0.05": {
    "label": "beta_0.05",
    "config": {
      "n": 5000,
      "k": 50,
      "p": 0.05,
      "beta": 0.05,
      "w_max": 20.0,
      "n_core_areas": 8,
      "rounds_per_word": 10,
      "training_reps": 10,
      "add_modality_features": true
    },
    "purity": {
      "mean": 0.751219512195122,
      "std": 0.0698430295769578,
      "sem": 0.031234752377721203,
      "ci95_lo": 0.6899993975347885,
      "ci95_hi": 0.8124396268554555,
      "min": 0.6585365853658537,
      "max": 0.8292682926829268,
      "n": 5
    },
    "purity_vs_chance": {
      "t": 11.531089709045228,
      "p": 0.0003230003351054853,
      "d": 5.156860088814681,
      "significant": "True"
    },
    "completeness": {
      "mean": 0.8439024390243903,
      "std": 0.07026761117506311,
      "sem": 0.031424631040792995,
      "ci95_lo": 0.782310162184436,
      "ci95_hi": 0.9054947158643446,
      "min": 0.7317073170731707,
      "max": 0.9024390243902439,
      "n": 5
    },
    "n_active_areas": {
      "mean": 7.2,
      "std": 0.8366600265340756,
      "sem": 0.3741657386773941,
      "ci95_lo": 6.466635152192308,
      "ci95_hi": 7.933364847807693,
      "min": 6.0,
      "max": 8.0,
      "n": 5
    },
    "chance_purity": 0.39104878048780495,
    "summary": {
      "purity": 0.751219512195122,
      "completeness": 0.8439024390243903,
      "active_areas": 7.2,
      "d": 5.156860088814681,
      "p": 0.0003230003351054853
    }
  },
  "beta_0.15": {
    "label": "beta_0.15",
    "config": {
      "n": 5000,
      "k": 50,
      "p": 0.05,
      "beta": 0.15,
      "w_max": 20.0,
      "n_core_areas": 8,
      "rounds_per_word": 10,
      "training_reps": 10,
      "add_modality_features": true
    },
    "purity": {
      "mean": 0.7951219512195122,
      "std": 0.09223253854238554,
      "sem": 0.04124764518362869,
      "ci95_lo": 0.7142765666596,
      "ci95_hi": 0.8759673357794244,
      "min": 0.6585365853658537,
      "max": 0.9024390243902439,
      "n": 5
    },
    "purity_vs_chance": {
      "t": 9.796272464351132,
      "p": 0.0006085898733561172,
      "d": 4.381026231279703,
      "significant": "True"
    },
    "completeness": {
      "mean": 1.0,
      "std": 0.0,
      "sem": 0.0,
      "ci95_lo": 1.0,
      "ci95_hi": 1.0,
      "min": 1.0,
      "max": 1.0,
      "n": 5
    },
    "n_active_areas": {
      "mean": 5.2,
      "std": 0.8366600265340756,
      "sem": 0.3741657386773941,
      "ci95_lo": 4.466635152192308,
      "ci95_hi": 5.933364847807693,
      "min": 4.0,
      "max": 6.0,
      "n": 5
    },
    "chance_purity": 0.39104878048780495,
    "summary": {
      "purity": 0.7951219512195122,
      "completeness": 1.0,
      "active_areas": 5.2,
      "d": 4.381026231279703,
      "p": 0.0006085898733561172
    }
  },
  "beta_0.2": {
    "label": "beta_0.2",
    "config": {
      "n": 5000,
      "k": 50,
      "p": 0.05,
      "beta": 0.2,
      "w_max": 20.0,
      "n_core_areas": 8,
      "rounds_per_word": 10,
      "training_reps": 10,
      "add_modality_features": true
    },
    "purity": {
      "mean": 0.8048780487804879,
      "std": 0.0975609756097561,
      "sem": 0.04363059468292273,
      "ci95_lo": 0.7193620832019593,
      "ci95_hi": 0.8903940143590164,
      "min": 0.6585365853658537,
      "max": 0.926829268292683,
      "n": 5
    },
    "purity_vs_chance": {
      "t": 9.484841343559733,
      "p": 0.0006894676037809265,
      "d": 4.24175,
      "significant": "True"
    },
    "completeness": {
      "mean": 0.9902439024390244,
      "std": 0.02181529734146138,
      "sem": 0.009756097560975617,
      "ci95_lo": 0.9711219512195122,
      "ci95_hi": 1.0093658536585366,
      "min": 0.9512195121951219,
      "max": 1.0,
      "n": 5
    },
    "n_active_areas": {
      "mean": 5.4,
      "std": 0.5477225575051662,
      "sem": 0.24494897427831783,
      "ci95_lo": 4.919900010414498,
      "ci95_hi": 5.880099989585503,
      "min": 5.0,
      "max": 6.0,
      "n": 5
    },
    "chance_purity": 0.39104878048780495,
    "summary": {
      "purity": 0.8048780487804879,
      "completeness": 0.9902439024390244,
      "active_areas": 5.4,
      "d": 4.24175,
      "p": 0.0006894676037809265
    }
  },
  "beta_0.3": {
    "label": "beta_0.3",
    "config": {
      "n": 5000,
      "k": 50,
      "p": 0.05,
      "beta": 0.3,
      "w_max": 20.0,
      "n_core_areas": 8,
      "rounds_per_word": 10,
      "training_reps": 10,
      "add_modality_features": true
    },
    "purity": {
      "mean": 0.7463414634146341,
      "std": 0.10989151537628104,
      "sem": 0.049144979706365555,
      "ci95_lo": 0.6500173031901577,
      "ci95_hi": 0.8426656236391106,
      "min": 0.6585365853658537,
      "max": 0.8780487804878049,
      "n": 5
    },
    "purity_vs_chance": {
      "t": 7.229480712977272,
      "p": 0.001942057136777184,
      "d": 3.2331220632481648,
      "significant": "True"
    },
    "completeness": {
      "mean": 0.9902439024390244,
      "std": 0.02181529734146138,
      "sem": 0.009756097560975617,
      "ci95_lo": 0.9711219512195122,
      "ci95_hi": 1.0093658536585366,
      "min": 0.9512195121951219,
      "max": 1.0,
      "n": 5
    },
    "n_active_areas": {
      "mean": 5.0,
      "std": 1.0,
      "sem": 0.4472135954999579,
      "ci95_lo": 4.123461352820082,
      "ci95_hi": 5.876538647179918,
      "min": 4.0,
      "max": 6.0,
      "n": 5
    },
    "chance_purity": 0.39104878048780495,
    "summary": {
      "purity": 0.7463414634146341,
      "completeness": 0.9902439024390244,
      "active_areas": 5.0,
      "d": 3.2331220632481648,
      "p": 0.001942057136777184
    }
  },
  "reps_1": {
    "label": "reps_1",
    "config": {
      "n": 5000,
      "k": 50,
      "p": 0.05,
      "beta": 0.1,
      "w_max": 20.0,
      "n_core_areas": 8,
      "rounds_per_word": 10,
      "training_reps": 1,
      "add_modality_features": true
    },
    "purity": {
      "mean": 0.7951219512195122,
      "std": 0.013359086768418698,
      "sem": 0.005974365226300439,
      "ci95_lo": 0.7834121953759634,
      "ci95_hi": 0.8068317070630611,
      "min": 0.7804878048780488,
      "max": 0.8048780487804879,
      "n": 5
    },
    "purity_vs_chance": {
      "t": 67.63449428114812,
      "p": 2.863159854014095e-07,
      "d": 30.247065367293594,
      "significant": "True"
    },
    "completeness": {
      "mean": 0.9560975609756097,
      "std": 0.020406342110587186,
      "sem": 0.009125993626277895,
      "ci95_lo": 0.9382106134681051,