{
  "experiment_name": "semantic_similarity",
  "timestamp": "2026-02-22T03:08:08.713785",
  "parameters": {
    "n": 5000,
    "k": 50,
    "p": 0.05,
    "beta": 0.1,
    "semantic_rounds": 8,
    "train_reps_per_pair": 3,
    "n_seeds": 3
  },
  "metrics": {
    "n400": {
      "related": {
        "mean": 0.07407407407407411,
        "std": 0.018503697773032277,
        "sem": 0.010683114890263664,
        "ci95_lo": 0.05313516888915733,
        "ci95_hi": 0.0950129792589909,
        "min": 0.05333333333333338,
        "max": 0.08888888888888892,
        "n": 3
      },
      "unrelated": {
        "mean": 0.059629629629629644,
        "std": 0.009449889497905994,
        "sem": 0.005455896245428243,
        "ci95_lo": 0.04893607298859029,
        "ci95_hi": 0.070323186270669,
        "min": 0.04999999999999999,
        "max": 0.0688888888888889,
        "n": 3
      },
      "test": {
        "t": -1.909838216810133,
        "p": 0.19634592478388668,
        "d": -1.102645608583965,
        "significant": "False"
      }
    },
    "overlap": {
      "related": {
        "mean": 0.88,
        "std": 0.018027756377319962,
        "sem": 0.010408329997330674,
        "ci95_lo": 0.8595996732052319,
        "ci95_hi": 0.9004003267947681,
        "min": 0.865,
        "max": 0.9,
        "n": 3
      },
      "unrelated": {
        "mean": 0.8855555555555555,
        "std": 0.011706281947614094,
        "sem": 0.006758625033664654,
        "ci95_lo": 0.8723086504895728,
        "ci95_hi": 0.8988024606215382,
        "min": 0.8733333333333334,
        "max": 0.8966666666666666,
        "n": 3
      },
      "test": {
        "t": -0.6884283908215145,
        "p": 0.5623118904675913,
        "d": -0.3974643167585823,
        "significant": "False"
      }
    },
    "correlation": {
      "spearman_rho": {
        "mean": -0.06130102982671872,
        "std": 0.10617649821617198,
        "sem": 0.061301029826718714,
        "ci95_lo": -0.18145104828708739,
        "ci95_hi": 0.05884898863364995,
        "min": -0.18390308948015616,
        "max": 0.0,
        "n": 3
      },
      "spearman_p": {
        "mean": 0.8703478828866329,
        "std": 0.22456405414922223,
        "sem": 0.12965211711336716,
        "ci95_lo": 0.6162297333444333,
        "ci95_hi": 1.1244660324288325,
        "min": 0.6110436486598986,
        "max": 1.0,
        "n": 3
      }
    },
    "hypotheses": {
      "H1_n400_priming": "False",
      "H2_overlap_structure": "False",
      "H3_correlation": "False"
    }
  },
  "raw_data": {},
  "success": true,
  "error_message": null,
  "duration_seconds": 11.915514799999073
}