{
  "experiment_name": "semantic_similarity",
  "timestamp": "2026-02-22T03:09:34.610647",
  "parameters": {
    "n": 5000,
    "k": 50,
    "p": 0.05,
    "beta": 0.1,
    "semantic_rounds": 8,
    "train_reps_per_pair": 3,
    "n_seeds": 5
  },
  "metrics": {
    "n400": {
      "related": {
        "mean": 0.26466666666666666,
        "std": 0.052730388080882686,
        "sem": 0.023581746445759673,
        "ci95_lo": 0.21844644363297772,
        "ci95_hi": 0.3108868897003556,
        "min": 0.22555555555555554,
        "max": 0.35333333333333333,
        "n": 5
      },
      "unrelated": {
        "mean": 0.2657777777777778,
        "std": 0.036093157930315756,
        "sem": 0.01614135093096433,
        "ci95_lo": 0.2341407299530877,
        "ci95_hi": 0.29741482560246785,
        "min": 0.23666666666666666,
        "max": 0.3233333333333333,
        "n": 5
      },
      "test": {
        "t": 0.12235219605809736,
        "p": 0.908520923400222,
        "d": 0.054717565516457504,
        "significant": "False"
      }
    },
    "overlap": {
      "related": {
        "mean": 0.898,
        "std": 0.027064737205448705,
        "sem": 0.012103718436910198,
        "ci95_lo": 0.8742767118636561,
        "ci95_hi": 0.921723288136344,
        "min": 0.855,
        "max": 0.9299999999999999,
        "n": 5
      },
      "unrelated": {
        "mean": 0.89,
        "std": 0.025276251480171843,
        "sem": 0.011303883305208783,
        "ci95_lo": 0.8678443887217908,
        "ci95_hi": 0.9121556112782092,
        "min": 0.85,
        "max": 0.9133333333333332,
        "n": 5
      },
      "test": {
        "t": 1.623624219580156,
        "p": 0.17977851981364254,
        "d": 0.7261068249792548,
        "significant": "False"
      }
    },
    "correlation": {
      "spearman_rho": {
        "mean": 0.14907128335187564,
        "std": 0.27932077821986817,
        "sem": 0.12491604952555357,
        "ci95_lo": -0.09576417371820936,
        "ci95_hi": 0.3939067404219606,
        "min": -0.22286514795316342,
        "max": 0.5270462766947299,
        "n": 5
      },
      "spearman_p": {
        "mean": 0.5482478111829954,
        "std": 0.3037647588484644,
        "sem": 0.13584772999079942,
        "ci95_lo": 0.28198626040102853,
        "ci95_hi": 0.8145093619649622,
        "min": 0.11749458266709459,
        "max": 0.8394362206692241,
        "n": 5
      }
    },
    "hypotheses": {
      "H1_n400_priming": "True",
      "H2_overlap_structure": "True",
      "H3_correlation": "False"
    }
  },
  "raw_data": {},
  "success": true,
  "error_message": null,
  "duration_seconds": 12.099971299991012
}