{
  "experiment_name": "sentence_generation",
  "timestamp": "2026-02-22T03:31:50.352654",
  "parameters": {
    "n": 5000,
    "k": 50,
    "p": 0.05,
    "beta": 0.1,
    "stage_sentences": [
      0,
      15,
      30,
      30,
      25,
      25
    ],
    "training_reps": 2,
    "n_role_tests": 5,
    "n_chain_tests": 3,
    "n_seeds": 3
  },
  "metrics": {
    "stage_metrics": {
      "1_single_words": {
        "role_accuracy": {
          "mean": 1.0,
          "std": 0.0,
          "sem": 0.0,
          "ci95_lo": 1.0,
          "ci95_hi": 1.0,
          "min": 1.0,
          "max": 1.0,
          "n": 3
        },
        "role_mean_confidence": {
          "mean": 0.0,
          "std": 0.0,
          "sem": 0.0,
          "ci95_lo": 0.0,
          "ci95_hi": 0.0,
          "min": 0.0,
          "max": 0.0,
          "n": 3
        },
        "chain_coherence": {
          "mean": 0.0,
          "std": 0.0,
          "sem": 0.0,
          "ci95_lo": 0.0,
          "ci95_hi": 0.0,
          "min": 0.0,
          "max": 0.0,
          "n": 3
        },
        "chain_grammaticality": {
          "mean": 1.0,
          "std": 0.0,
          "sem": 0.0,
          "ci95_lo": 1.0,
          "ci95_hi": 1.0,
          "min": 1.0,
          "max": 1.0,
          "n": 3
        },
        "chain_novelty": {
          "mean": 1.0,
          "std": 0.0,
          "sem": 0.0,
          "ci95_lo": 1.0,
          "ci95_hi": 1.0,
          "min": 1.0,
          "max": 1.0,
          "n": 3
        },
        "chain_svo_rate": {
          "mean": 0.0,
          "std": 0.0,
          "sem": 0.0,
          "ci95_lo": 0.0,
          "ci95_hi": 0.0,
          "min": 0.0,
          "max": 0.0,
          "n": 3
        }
      },
      "2_two_word": {
        "role_accuracy": {
          "mean": 1.0,
          "std": 0.0,
          "sem": 0.0,
          "ci95_lo": 1.0,
          "ci95_hi": 1.0,
          "min": 1.0,
          "max": 1.0,
          "n": 3
        },
        "role_mean_confidence": {
          "mean": 0.27,
          "std": 0.03,
          "sem": 0.017320508075688773,
          "ci95_lo": 0.23605180417165003,
          "ci95_hi": 0.30394819582835003,
          "min": 0.24,
          "max": 0.3,
          "n": 3
        },
        "chain_coherence": {
          "mean": 0.851111111111111,
          "std": 0.02775554665954849,
          "sem": 0.01602467233539554,
          "ci95_lo": 0.8197027533337358,
          "ci95_hi": 0.8825194688884863,
          "min": 0.82,
          "max": 0.8733333333333334,
          "n": 3
        },
        "chain_grammaticality": {
          "mean": 1.0,
          "std": 0.0,
          "sem": 0.0,
          "ci95_lo": 1.0,
          "ci95_hi": 1.0,
          "min": 1.0,
          "max": 1.0,
          "n": 3
        },
        "chain_novelty": {
          "mean": 0.3333333333333333,
          "std": 0.0,
          "sem": 0.0,
          "ci95_lo": 0.3333333333333333,
          "ci95_hi": 0.3333333333333333,
          "min": 0.3333333333333333,
          "max": 0.3333333333333333,
          "n": 3
        },
        "chain_svo_rate": {
          "mean": 0.0,
          "std": 0.0,
          "sem": 0.0,
          "ci95_lo": 0.0,
          "ci95_hi": 0.0,
          "min": 0.0,
          "max": 0.0,
          "n": 3
        }
      },
      "3_svo": {
        "role_accuracy": {
          "mean": 1.0,
          "std": 0.0,
          "sem": 0.0,
          "ci95_lo": 1.0,
          "ci95_hi": 1.0,
          "min": 1.0,
          "max": 1.0,
          "n": 3
        },
        "role_mean_confidence": {
          "mean": 0.47866666666666663,
          "std": 0.09751581068387491,
          "sem": 0.05630077954857977,
          "ci95_lo": 0.3683171387514503,
          "ci95_hi": 0.5890161945818829,
          "min": 0.368,
          "max": 0.5519999999999999,
          "n": 3
        },
        "chain_coherence": {
          "mean": 0.906111111111111,
          "std": 0.031899727155456886,
          "sem": 0.01841731606027865,
          "ci95_lo": 0.8700131716329649,
          "ci95_hi": 0.9422090505892571,
          "min": 0.8766666666666666,
          "max": 0.94,
          "n": 3
        },
        "chain_grammaticality": {
          "mean": 0.8000000000000002,
          "std": 0.0,
          "sem": 0.0,
          "ci95_lo": 0.8000000000000002,
          "ci95_hi": 0.8000000000000002,
          "min": 0.8000000000000002,
          "max": 0.8000000000000002,
          "n": 3
        },
        "chain_novelty": {
          "mean": 1.0,
          "std": 0.0,
          "sem": 0.0,
          "ci95_lo": 1.0,
          "ci95_hi": 1.0,
          "min": 1.0,
          "max": 1.0,
          "n": 3
        },
        "chain_svo_rate": {
          "mean": 1.0,
          "std": 0.0,
          "sem": 0.0,
          "ci95_lo": 1.0,
          "ci95_hi": 1.0,
          "min": 1.0,
          "max": 1.0,
          "n": 3
        }
      },
      "4_svo_pp": {
        "role_accuracy": {
          "mean": 0.9666666666666667,
          "std": 0.05773502691896256,
          "sem": 0.033333333333333326,
          "ci95_lo": 0.9013333333333333,
          "ci95_hi": 1.032,
          "min": 0.9,
          "max": 1.0,
          "n": 3
        },
        "role_mean_confidence": {
          "mean": 0.47600000000000003,
          "std": 0.0851586754241751,
          "sem": 0.04916638417997946,
          "ci95_lo": 0.3796338870072403,
          "ci95_hi": 0.5723661129927597,
          "min": 0.388,
          "max": 0.558,
          "n": 3
        },
        "chain_coherence": {
          "mean": 0.9194444444444444,
          "std": 0.015485955405295874,
          "sem": 0.008940820521906114,
          "ci95_lo": 0.9019204362215084,
          "ci95_hi": 0.9369684526673804,
          "min": 0.9016666666666667,
          "max": 0.9299999999999998,
          "n": 3
        },
        "chain_grammaticality": {
          "mean": 0.777777777777778,
          "std": 0.038490017945975105,
          "sem": 0.022222222222222254,
          "ci95_lo": 0.7342222222222224,
          "ci95_hi": 0.8213333333333336,
          "min": 0.7333333333333334,
          "max": 0.8000000000000002,
          "n": 3
        },
        "chain_novelty": {
          "mean": 1.0,
          "std": 0.0,
          "sem": 0.0,
          "ci95_lo": 1.0,
          "ci95_hi": 1.0,
          "min": 1.0,
          "max": 1.0,
          "n": 3
        },
        "chain_svo_rate": {
          "mean": 0.2222222222222222,
          "std": 0.3849001794597505,
          "sem": 0.22222222222222224,
          "ci95_lo": -0.21333333333333337,
          "ci95_hi": 0.6577777777777778,
          "min": 0.0,
          "max": 0.6666666666666666,
          "n": 3
        }
      },
      "5_src": {
        "role_accuracy": {
          "mean": 1.0,
          "std": 0.0,
          "sem": 0.0,
          "ci95_lo": 1.0,
          "ci95_hi": 1.0,
          "min": 1.0,
          "max": 1.0,
          "n": 3
        },
        "role_mean_confidence": {
          "mean": 0.4466666666666666,
          "std": 0.06963715483370449,
          "sem": 0.04020503008883894,
          "ci95_lo": 0.36786480769254226,
          "ci95_hi": 0.5254685256407909,
          "min": 0.37,
          "max": 0.506,
          "n": 3
        },
        "chain_coherence": {
          "mean": 0.8805555555555555,
          "std": 0.06290056821270766,
          "sem": 0.03631565998978719,
          "ci95_lo": 0.8093768619755727,
          "ci95_hi": 0.9517342491355384,
          "min": 0.8083333333333332,
          "max": 0.9233333333333333,
          "n": 3
        },
        "chain_grammaticality": {
          "mean": 0.6000000000000001,
          "std": 0.3464101615137755,
          "sem": 0.20000000000000004,
          "ci95_lo": 0.20800000000000002,
          "ci95_hi": 0.9920000000000002,
          "min": 0.20000000000000004,
          "max": 0.8000000000000002,
          "n": 3
        },
        "chain_novelty": {
          "mean": 1.0,