{
  "experiment_name": "subgrammar_decomposition",
  "timestamp": "2026-02-22T03:53:27.156623",
  "parameters": {
    "n": 5000,
    "k": 50,
    "p": 0.05,
    "beta": 0.1,
    "n_train_sentences": 30,
    "n_epochs": 3,
    "n_test_sentences": 40,
    "pp_prob": 0.4,
    "rel_prob": 0.3,
    "orc_prob": 0.3,
    "n_seeds": 3
  },
  "metrics": {
    "learning_curves": {
      "ORC": {
        "epoch_means": [
          0.34888888888888886,
          0.3211111111111111,
          0.3155555555555556
        ]
      },
      "SRC": {
        "epoch_means": [
          0.15888888888888889,
          0.15777777777777777,
          0.13444444444444448
        ]
      },
      "SRC_PP": {
        "epoch_means": [
          0.21961904761904763,
          0.21166666666666667,
          0.2117619047619048
        ]
      },
      "SVO": {
        "epoch_means": [
          0.13832579185520363,
          0.08425171778112957,
          0.08544494720965312
        ]
      },
      "SVO_PP": {
        "epoch_means": [
          0.13696428571428573,
          0.09968253968253969,
          0.10384920634920636
        ]
      },
      "SVO_PP_recursive": {
        "epoch_means": [
          0.1575,
          0.0925,
          0.11000000000000001
        ]
      }
    },
    "convergence_order": [
      [
        "SVO",
        0.05288084464555051
      ],
      [
        "SVO_PP_recursive",
        0.04749999999999999
      ],
      [
        "ORC",
        0.03333333333333327
      ],
      [
        "SVO_PP",
        0.033115079365079375
      ],
      [
        "SRC",
        0.024444444444444408
      ],
      [
        "SRC_PP",
        0.00785714285714284
      ]
    ],
    "clustering": {
      "within_category": {
        "mean": 0.8240000000000002,
        "std": 0.046508063816933926,
        "sem": 0.026851443164195098,
        "ci95_lo": 0.7713711713981778,
        "ci95_hi": 0.8766288286018226,
        "min": 0.7780000000000001,
        "max": 0.8710000000000001,
        "n": 3
      },
      "between_category": {
        "mean": 0.6010666666666666,
        "std": 0.08122790981758264,
        "sem": 0.04689695559889199,
        "ci95_lo": 0.5091486336928384,
        "ci95_hi": 0.6929846996404949,
        "min": 0.5104,
        "max": 0.6672,
        "n": 3
      }
    },
    "test_partition_sizes": {
      "ORC": 3,
      "SRC": 3,
      "SRC_PP": 3,
      "SVO": 3,
      "SVO_PP": 3,
      "SVO_PP_recursive": 2
    },
    "hypotheses": {
      "H1_all_learn": true,
      "H2_svo_fastest": true,
      "H3_clustering": true
    }
  },
  "raw_data": {},
  "success": true,
  "error_message": null,
  "duration_seconds": 19.498974499991164
}