{
  "experiment_name": "unified_phenomena",
  "timestamp": "2026-02-22T03:08:24.440069",
  "parameters": {
    "n": 5000,
    "k": 50,
    "p": 0.05,
    "beta": 0.1,
    "pp_prob": 0.4,
    "rel_prob": 0.4,
    "orc_prob": 0.3,
    "n_train_sentences": 80,
    "training_reps": 2,
    "n_seeds": 3
  },
  "metrics": {
    "effect_sizes": {
      "1_obj_dissociation": {
        "t": 20.05971701239331,
        "p": 0.002475911688846461,
        "d": 11.581483016972992,
        "significant": "True"
      },
      "2_pp_dissociation": {
        "t": 27.68031095259455,
        "p": 0.001302593365509594,
        "d": 15.98123497973301,
        "significant": "True"
      },
      "5_garden_path": {
        "t": 0.9999999999999998,
        "p": 0.42264973081037427,
        "d": 0.5773502691896256,
        "significant": "False"
      },
      "6_src_orc_n400": {
        "t": 1.0000000000000002,
        "p": 0.42264973081037416,
        "d": 0.5773502691896258,
        "significant": "False"
      },
      "7_src_orc_dual": {
        "t": -1.672617551242633,
        "p": 0.23637103607707774,
        "d": -0.9656861934612266,
        "significant": "False"
      },
      "8_agreement": {
        "t": 1.0,
        "p": 0.42264973081037427,
        "d": 0.5773502691896258,
        "significant": "False"
      },
      "9_rpp0": {
        "t": 48.936470217002565,
        "p": 0.00041731384864196036,
        "d": 28.25348425297653,
        "significant": "True"
      },
      "9_rpp1": {
        "t": 162.95223560396008,
        "p": 3.7657789320871416e-05,
        "d": 94.08051709099767,
        "significant": "True"
      }
    },
    "raw_means": {
      "obj_p600_gram": {
        "mean": 0.1321437718774011,
        "std": 0.16175786434865191,
        "sem": 0.09339094652523315,
        "ci95_lo": -0.05090248331205588,
        "ci95_hi": 0.31519002706685806,
        "min": 0.0,
        "max": 0.312535928740146,
        "n": 3
      },
      "obj_p600_cv": {
        "mean": 4.566237934193873,
        "std": 0.22112471111285323,
        "sem": 0.12766641148548405,
        "ci95_lo": 4.3160117676823235,
        "ci95_hi": 4.816464100705422,
        "min": 4.321132141063113,
        "max": 4.750746464038628,
        "n": 3
      },
      "pp_p600_gram": {
        "mean": 0.10105580693815984,
        "std": 0.11655758842327299,
        "sem": 0.06729455505227028,
        "ci95_lo": -0.030841520964289895,
        "ci95_hi": 0.2329531348406096,
        "min": 0.015384615384615375,
        "max": 0.23378582202111603,
        "n": 3
      },
      "pp_p600_cv": {
        "mean": 4.984761825002128,
        "std": 0.20240731839034348,
        "sem": 0.11685991975861511,
        "ci95_lo": 4.755716382275242,
        "ci95_hi": 5.213807267729013,
        "min": 4.817068258208517,
        "max": 5.2095975203033715,
        "n": 3
      },
      "ce_n400_main_verb": {
        "mean": 0.20266666666666663,
        "std": 0.061231800017093496,
        "sem": 0.03535219622283426,
        "ci95_lo": 0.1333763620699115,
        "ci95_hi": 0.2719569712634218,
        "min": 0.156,
        "max": 0.27199999999999996,
        "n": 3
      },
      "dual_p600_agent": {
        "mean": 0.13361103756960208,
        "std": 0.06169301466964491,
        "sem": 0.03561847862663903,
        "ci95_lo": 0.06379881946138959,
        "ci95_hi": 0.20342325567781455,
        "min": 0.06274509803921564,
        "max": 0.17533225191382787,
        "n": 3
      },
      "dual_p600_rel_agent": {
        "mean": 0.1460371666808958,
        "std": 0.08748510280415381,
        "sem": 0.05050954765406029,
        "ci95_lo": 0.047038453278937645,
        "ci95_hi": 0.24503588008285399,
        "min": 0.05490196078431368,
        "max": 0.22934631036739797,
        "n": 3
      },
      "gp_n400": {
        "mean": 0.20266666666666663,
        "std": 0.06503332479070505,
        "sem": 0.03754700757420992,
        "ci95_lo": 0.1290745318212152,
        "ci95_hi": 0.27625880151211807,
        "min": 0.152,
        "max": 0.27599999999999997,
        "n": 3
      },
      "unamb_n400": {
        "mean": 0.19866666666666663,
        "std": 0.05828664798505169,
        "sem": 0.03365181190433055,
        "ci95_lo": 0.13270911533417876,
        "ci95_hi": 0.2646242179991545,
        "min": 0.152,
        "max": 0.26399999999999996,
        "n": 3
      },
      "src_n400_main": {
        "mean": 0.20133333333333328,
        "std": 0.05896891836665593,
        "sem": 0.03404572089280987,
        "ci95_lo": 0.13460372038342594,
        "ci95_hi": 0.2680629462832406,
        "min": 0.156,
        "max": 0.26799999999999996,
        "n": 3
      },
      "orc_n400_main": {
        "mean": 0.20266666666666663,
        "std": 0.061231800017093496,
        "sem": 0.03535219622283426,
        "ci95_lo": 0.1333763620699115,
        "ci95_hi": 0.2719569712634218,
        "min": 0.156,
        "max": 0.27199999999999996,
        "n": 3
      },
      "src_dual_p600": {
        "mean": 0.13859054991130454,
        "std": 0.0771879432669846,
        "sem": 0.04456447982338712,
        "ci95_lo": 0.05124416945746578,
        "ci95_hi": 0.22593693036514328,
        "min": 0.05490196078431368,
        "max": 0.2069893850138022,
        "n": 3
      },
      "orc_dual_p600": {
        "mean": 0.0594382310253564,
        "std": 0.024513320740237522,
        "sem": 0.014152772328107771,
        "ci95_lo": 0.03169879726226517,
        "ci95_hi": 0.08717766478844763,
        "min": 0.03137254901960782,
        "max": 0.07665556788753233,
        "n": 3
      },
      "aa_p600_no_pp": {
        "mean": 0.153222663927245,
        "std": 0.07837919173164924,
        "sem": 0.04525224744513298,
        "ci95_lo": 0.06452825893478437,
        "ci95_hi": 0.24191706891970566,
        "min": 0.06274509803921564,
        "max": 0.2003733176146969,
        "n": 3
      },
      "aa_p600_short_pp": {
        "mean": 0.15807602024194053,
        "std": 0.08273334108951248,
        "sem": 0.04776611674898716,
        "ci95_lo": 0.0644544314139257,
        "ci95_hi": 0.25169760906995536,
        "min": 0.06274509803921564,
        "max": 0.21110964507190913,
        "n": 3
      },
      "rpp0_p600_gram": {
        "mean": 0.05943253934374907,
        "std": 0.03956092262128976,
        "sem": 0.022840509324791602,
        "ci95_lo": 0.014665141067157529,
        "ci95_hi": 0.1041999376203406,
        "min": 0.02322775263951733,
        "max": 0.10165912518853688,
        "n": 3
      },
      "rpp0_p600_cv": {
        "mean": 4.304238727745337,
        "std": 0.11074053142620814,
        "sem": 0.06393607562912348,
        "ci95_lo": 4.178924019512254,
        "ci95_hi": 4.429553435978419,
        "min": 4.18312202355248,
        "max": 4.400315008760186,
        "n": 3
      },
      "rpp1_p600_gram": {
        "mean": 0.2097288852745752,
        "std": 0.019472014940953804,
        "sem": 0.011242173067824095,
        "ci95_lo": 0.18769422606163996,
        "ci95_hi": 0.23176354448751044,
        "min": 0.19493578317107724,
        "max": 0.2317894215785447,
        "n": 3
      },
      "rpp1_p600_cv": {
        "mean": 5.068310328154551,
        "std": 0.03378326036732229,
        "sem": 0.01950477446717674,
        "ci95_lo": 5.030080970198885,
        "ci95_hi": 5.106539686110217,
        "min": 5.038654361612243,
        "max": 5.105086008739487,
        "n": 3
      }
    },
    "n_surviving": 5,
    "hypotheses": {
      "H1_most_survive": true,
      "H2_obj_large": true
    }
  },
  "raw_data": {},
  "success": true,
  "error_message": null,
  "duration_seconds": 27.77595219993964
}