{
  "experiment_name": "variable_incremental",
  "timestamp": "2026-02-22T02:00:00.932391",
  "parameters": {
    "n": 5000,
    "k": 50,
    "p": 0.05,
    "beta": 0.1,
    "w_max": 20.0,
    "pp_prob": 0.4,
    "novel_obj_prob": 0.2,
    "measurement_points": [
      0,
      3,
      10,
      20
    ],
    "n_test_triples": 3,
    "n_seeds": 3
  },
  "metrics": {
    "curves": {
      "checkpoint_0": {
        "obj_n400_gram": {
          "mean": 1.0,
          "std": 0.0,
          "sem": 0.0,
          "ci95_lo": 1.0,
          "ci95_hi": 1.0,
          "min": 1.0,
          "max": 1.0,
          "n": 3
        },
        "obj_n400_catviol": {
          "mean": 1.0,
          "std": 0.0,
          "sem": 0.0,
          "ci95_lo": 1.0,
          "ci95_hi": 1.0,
          "min": 1.0,
          "max": 1.0,
          "n": 3
        },
        "obj_n400_novel": {
          "mean": 1.0,
          "std": 0.0,
          "sem": 0.0,
          "ci95_lo": 1.0,
          "ci95_hi": 1.0,
          "min": 1.0,
          "max": 1.0,
          "n": 3
        },
        "obj_p600_gram": {
          "mean": 3.4540222482776826,
          "std": 0.1783196248939791,
          "sem": 0.10295288343433193,
          "ci95_lo": 3.252234596746392,
          "ci95_hi": 3.655809899808973,
          "min": 3.262052687181164,
          "max": 3.6144946581174344,
          "n": 3
        },
        "obj_p600_catviol": {
          "mean": 3.3471003021260763,
          "std": 0.1273628587872107,
          "sem": 0.0735329808055564,
          "ci95_lo": 3.2029756597471857,
          "ci95_hi": 3.491224944504967,
          "min": 3.200762542359435,
          "max": 3.4329278884327032,
          "n": 3
        },
        "obj_p600_novel": {
          "mean": 2.381594056298139,
          "std": 0.22259972322886948,
          "sem": 0.128518010127724,
          "ci95_lo": 2.1296987564478,
          "ci95_hi": 2.633489356148478,
          "min": 2.162132782089456,
          "max": 2.607204797922606,
          "n": 3
        },
        "pp_n400_gram": {
          "mean": 1.0,
          "std": 0.0,
          "sem": 0.0,
          "ci95_lo": 1.0,
          "ci95_hi": 1.0,
          "min": 1.0,
          "max": 1.0,
          "n": 3
        },
        "pp_n400_catviol": {
          "mean": 1.0,
          "std": 0.0,
          "sem": 0.0,
          "ci95_lo": 1.0,
          "ci95_hi": 1.0,
          "min": 1.0,
          "max": 1.0,
          "n": 3
        },
        "pp_n400_novel": {
          "mean": 1.0,
          "std": 0.0,
          "sem": 0.0,
          "ci95_lo": 1.0,
          "ci95_hi": 1.0,
          "min": 1.0,
          "max": 1.0,
          "n": 3
        },
        "pp_p600_gram": {
          "mean": 3.4101129306480957,
          "std": 0.07504464684301726,
          "sem": 0.04332704705605642,
          "ci95_lo": 3.3251919184182253,
          "ci95_hi": 3.495033942877966,
          "min": 3.3559672018635323,
          "max": 3.4957765712819033,
          "n": 3
        },
        "pp_p600_catviol": {
          "mean": 3.403430586826557,
          "std": 0.10480297091728742,
          "sem": 0.06050802347096842,
          "ci95_lo": 3.2848348608234588,
          "ci95_hi": 3.522026312829655,
          "min": 3.300504647648507,
          "max": 3.5100147954829963,
          "n": 3
        },
        "pp_p600_novel": {
          "mean": 2.3876282031583944,
          "std": 0.1693875651361714,
          "sem": 0.09779595632874383,
          "ci95_lo": 2.1959481287540563,
          "ci95_hi": 2.5793082775627325,
          "min": 2.2294143323340667,
          "max": 2.5663264310204905,
          "n": 3
        }
      },
      "checkpoint_3": {
        "obj_n400_gram": {
          "mean": 0.9444444444444443,
          "std": 0.06809579309353134,
          "sem": 0.03931512447323138,
          "ci95_lo": 0.8673868004769109,
          "ci95_hi": 1.0215020884119779,
          "min": 0.8666666666666667,
          "max": 0.9933333333333333,
          "n": 3
        },
        "obj_n400_catviol": {
          "mean": 0.9755555555555556,
          "std": 0.015396007178389992,
          "sem": 0.008888888888888873,
          "ci95_lo": 0.9581333333333334,
          "ci95_hi": 0.9929777777777778,
          "min": 0.9666666666666667,
          "max": 0.9933333333333333,
          "n": 3
        },
        "obj_n400_novel": {
          "mean": 0.9955555555555554,
          "std": 0.0038490017945975296,
          "sem": 0.0022222222222222365,
          "ci95_lo": 0.9911999999999999,
          "ci95_hi": 0.999911111111111,
          "min": 0.9933333333333333,
          "max": 1.0,
          "n": 3
        },
        "obj_p600_gram": {
          "mean": 0.539928953947229,
          "std": 0.33385938844486307,
          "sem": 0.19275380779012555,
          "ci95_lo": 0.1621314906785829,
          "ci95_hi": 0.917726417215875,
          "min": 0.16214230679639483,
          "max": 0.7953055700003532,
          "n": 3
        },
        "obj_p600_catviol": {
          "mean": 1.6300032257933754,
          "std": 0.17161584572510993,
          "sem": 0.09908245472659752,
          "ci95_lo": 1.4358016145292443,
          "ci95_hi": 1.8242048370575066,
          "min": 1.4323768059671913,
          "max": 1.7414595027377828,
          "n": 3
        },
        "obj_p600_novel": {
          "mean": 0.589421673923007,
          "std": 0.35825030009009906,
          "sem": 0.2068359071942829,
          "ci95_lo": 0.18402329582221255,
          "ci95_hi": 0.9948200520238015,
          "min": 0.17663923065328904,
          "max": 0.8192920013938553,
          "n": 3
        },
        "pp_n400_gram": {
          "mean": 0.9733333333333333,
          "std": 0.026666666666666672,
          "sem": 0.015396007178390025,
          "ci95_lo": 0.9431571592636888,
          "ci95_hi": 1.0035095074029776,
          "min": 0.9466666666666667,
          "max": 1.0,
          "n": 3
        },
        "pp_n400_catviol": {
          "mean": 0.9844444444444443,
          "std": 0.0214303350244288,
          "sem": 0.012372809695177834,
          "ci95_lo": 0.9601937374418958,
          "ci95_hi": 1.0086951514469928,
          "min": 0.96,
          "max": 1.0,
          "n": 3
        },
        "pp_n400_novel": {
          "mean": 0.9955555555555556,
          "std": 0.007698003589194996,
          "sem": 0.004444444444444437,
          "ci95_lo": 0.9868444444444445,
          "ci95_hi": 1.0042666666666666,
          "min": 0.9866666666666667,
          "max": 1.0,
          "n": 3
        },
        "pp_p600_gram": {
          "mean": 1.1641531460008947,
          "std": 0.6434850382503082,
          "sem": 0.3715162600533121,
          "ci95_lo": 0.43598127629640293,
          "ci95_hi": 1.8923250157053864,
          "min": 0.5801916928631125,
          "max": 1.8540217467113684,
          "n": 3
        },
        "pp_p600_catviol": {
          "mean": 1.8347696897298993,
          "std": 0.16273528013343164,
          "sem": 0.09395525779168593,
          "ci95_lo": 1.6506173844581948,
          "ci95_hi": 2.0189219950016035,
          "min": 1.6653840825549182,
          "max": 1.9899192776719055,
          "n": 3
        },
        "pp_p600_novel": {
          "mean": 1.088393146355802,
          "std": 0.7138790374296854,
          "sem": 0.41215825442885984,
          "ci95_lo": 0.2805629676752368,
          "ci95_hi": 1.8962233250363674,
          "min": 0.3656315937115047,
          "max": 1.7930450743874087,
          "n": 3
        }
      },
      "checkpoint_10": {
        "obj_n400_gram": {
          "mean": 0.7599999999999999,
          "std": 0.08110350040397628,
          "sem": 0.04682512779045663,
          "ci95_lo": 0.6682227495307049,
          "ci95_hi": 0.8517772504692949,
          "min": 0.6666666666666666,
          "max": 0.8133333333333334,
          "n": 3
        },
        "obj_n400_catviol": {
          "mean": 0.9266666666666666,
          "std": 0.04666666666666669,