{
  "experiment_name": "variable_incremental",
  "timestamp": "2026-02-22T02:08:40.678789",
  "parameters": {
    "n": 5000,
    "k": 50,
    "p": 0.05,
    "beta": 0.1,
    "w_max": 20.0,
    "pp_prob": 0.4,
    "novel_obj_prob": 0.2,
    "measurement_points": [
      0,
      3,
      10,
      20
    ],
    "n_test_triples": 3,
    "n_seeds": 3
  },
  "metrics": {
    "curves": {
      "checkpoint_0": {
        "obj_n400_gram": {
          "mean": 1.0,
          "std": 0.0,
          "sem": 0.0,
          "ci95_lo": 1.0,
          "ci95_hi": 1.0,
          "min": 1.0,
          "max": 1.0,
          "n": 3
        },
        "obj_n400_catviol": {
          "mean": 1.0,
          "std": 0.0,
          "sem": 0.0,
          "ci95_lo": 1.0,
          "ci95_hi": 1.0,
          "min": 1.0,
          "max": 1.0,
          "n": 3
        },
        "obj_n400_novel": {
          "mean": 1.0,
          "std": 0.0,
          "sem": 0.0,
          "ci95_lo": 1.0,
          "ci95_hi": 1.0,
          "min": 1.0,
          "max": 1.0,
          "n": 3
        },
        "obj_p600_gram": {
          "mean": 3.5089739711213936,
          "std": 0.2520845136434223,
          "sem": 0.14554106181056578,
          "ci95_lo": 3.2237134899726847,
          "ci95_hi": 3.7942344522701026,
          "min": 3.2193643135629064,
          "max": 3.679102439162848,
          "n": 3
        },
        "obj_p600_catviol": {
          "mean": 3.386956520593111,
          "std": 0.22836391963518685,
          "sem": 0.1318459704745732,
          "ci95_lo": 3.1285384184629477,
          "ci95_hi": 3.645374622723274,
          "min": 3.172744543560811,
          "max": 3.627235334652166,
          "n": 3
        },
        "obj_p600_novel": {
          "mean": 2.6145916987626854,
          "std": 0.2211609625044336,
          "sem": 0.12768734123617148,
          "ci95_lo": 2.3643245099397894,
          "ci95_hi": 2.8648588875855814,
          "min": 2.4097866142818716,
          "max": 2.8491052903668472,
          "n": 3
        },
        "pp_n400_gram": {
          "mean": 1.0,
          "std": 0.0,
          "sem": 0.0,
          "ci95_lo": 1.0,
          "ci95_hi": 1.0,
          "min": 1.0,
          "max": 1.0,
          "n": 3
        },
        "pp_n400_catviol": {
          "mean": 1.0,
          "std": 0.0,
          "sem": 0.0,
          "ci95_lo": 1.0,
          "ci95_hi": 1.0,
          "min": 1.0,
          "max": 1.0,
          "n": 3
        },
        "pp_n400_novel": {
          "mean": 1.0,
          "std": 0.0,
          "sem": 0.0,
          "ci95_lo": 1.0,
          "ci95_hi": 1.0,
          "min": 1.0,
          "max": 1.0,
          "n": 3
        },
        "pp_p600_gram": {
          "mean": 3.3758657799381777,
          "std": 0.17537561542227365,
          "sem": 0.10125315877334598,
          "ci95_lo": 3.1774095887424196,
          "ci95_hi": 3.574321971133936,
          "min": 3.236857989786713,
          "max": 3.572900973888524,
          "n": 3
        },
        "pp_p600_catviol": {
          "mean": 3.3195539253608253,
          "std": 0.27049710892514184,
          "sem": 0.15617157865294617,
          "ci95_lo": 3.013457631201051,
          "ci95_hi": 3.6256502195205997,
          "min": 3.008572451139024,
          "max": 3.500275158998479,
          "n": 3
        },
        "pp_p600_novel": {
          "mean": 2.2092070440979126,
          "std": 0.43864437807251627,
          "sem": 0.25325144975868324,
          "ci95_lo": 1.7128342025708934,
          "ci95_hi": 2.705579885624932,
          "min": 1.7082006257702849,
          "max": 2.5241564867476036,
          "n": 3
        }
      },
      "checkpoint_3": {
        "obj_n400_gram": {
          "mean": 0.9355555555555556,
          "std": 0.05975257626554998,
          "sem": 0.03449816599168892,
          "ci95_lo": 0.8679391502118453,
          "ci95_hi": 1.003171960899266,
          "min": 0.8666666666666667,
          "max": 0.9733333333333333,
          "n": 3
        },
        "obj_n400_catviol": {
          "mean": 0.9888888888888888,
          "std": 0.007698003589194995,
          "sem": 0.004444444444444436,
          "ci95_lo": 0.9801777777777777,
          "ci95_hi": 0.9975999999999999,
          "min": 0.98,
          "max": 0.9933333333333333,
          "n": 3
        },
        "obj_n400_novel": {
          "mean": 0.9888888888888888,
          "std": 0.007698003589194995,
          "sem": 0.004444444444444436,
          "ci95_lo": 0.9801777777777777,
          "ci95_hi": 0.9975999999999999,
          "min": 0.98,
          "max": 0.9933333333333333,
          "n": 3
        },
        "obj_p600_gram": {
          "mean": 0.6130553501711667,
          "std": 0.1053800892476189,
          "sem": 0.06084122289433956,
          "ci95_lo": 0.4938065532982612,
          "ci95_hi": 0.7323041470440723,
          "min": 0.49138515805182453,
          "max": 0.6753859301217223,
          "n": 3
        },
        "obj_p600_catviol": {
          "mean": 1.6414838567709886,
          "std": 0.30856907840352416,
          "sem": 0.17815244047986942,
          "ci95_lo": 1.2923050734304447,
          "ci95_hi": 1.9906626401115326,
          "min": 1.424944857037193,
          "max": 1.9948003365060654,
          "n": 3
        },
        "obj_p600_novel": {
          "mean": 0.6025082127204713,
          "std": 0.19051748807185012,
          "sem": 0.10999532302361399,
          "ci95_lo": 0.38691737959418787,
          "ci95_hi": 0.8180990458467547,
          "min": 0.39988189007796837,
          "max": 0.7780092658468535,
          "n": 3
        },
        "pp_n400_gram": {
          "mean": 0.9844444444444443,
          "std": 0.013877773329774244,
          "sem": 0.008012336167697769,
          "ci95_lo": 0.9687402655557568,
          "ci95_hi": 1.000148623333132,
          "min": 0.9733333333333333,
          "max": 1.0,
          "n": 3
        },
        "pp_n400_catviol": {
          "mean": 0.9777777777777777,
          "std": 0.032885885748775004,
          "sem": 0.018986674989594526,
          "ci95_lo": 0.9405638947981725,
          "ci95_hi": 1.014991660757383,
          "min": 0.94,
          "max": 1.0,
          "n": 3
        },
        "pp_n400_novel": {
          "mean": 0.991111111111111,
          "std": 0.010183501544346316,
          "sem": 0.005879447357921315,
          "ci95_lo": 0.9795873942895853,
          "ci95_hi": 1.002634827932637,
          "min": 0.98,
          "max": 1.0,
          "n": 3
        },
        "pp_p600_gram": {
          "mean": 1.8382033072125612,
          "std": 0.48289547076291855,
          "sem": 0.2787998300354221,
          "ci95_lo": 1.2917556403431338,
          "ci95_hi": 2.3846509740819886,
          "min": 1.2922394152526275,
          "max": 2.2093209102714515,
          "n": 3
        },
        "pp_p600_catviol": {
          "mean": 1.8009319585984471,
          "std": 0.23330670005887333,
          "sem": 0.1346996860827338,
          "ci95_lo": 1.536920573876289,
          "ci95_hi": 2.0649433433206053,
          "min": 1.553673378126998,
          "max": 2.0171863646494517,
          "n": 3
        },
        "pp_p600_novel": {
          "mean": 1.474241079890131,
          "std": 0.5429834851757493,
          "sem": 0.31349166133174006,
          "ci95_lo": 0.8597974236799206,
          "ci95_hi": 2.0886847361003413,
          "min": 0.9043586885193272,
          "max": 1.9855815029985162,
          "n": 3
        }
      },
      "checkpoint_10": {
        "obj_n400_gram": {
          "mean": 0.8022222222222223,
          "std": 0.06677768533918535,
          "sem": 0.03855411460643879,
          "ci95_lo": 0.7266561575936022,
          "ci95_hi": 0.8777882868508423,
          "min": 0.7333333333333334,
          "max": 0.8666666666666666,
          "n": 3
        },
        "obj_n400_catviol": {
          "mean": 0.9288888888888889,
          "std": 0.02143033502442872,