{
  "experiment_name": "variable_length",
  "timestamp": "2026-02-22T02:08:31.250255",
  "parameters": {
    "n": 5000,
    "k": 50,
    "p": 0.05,
    "beta": 0.1,
    "w_max": 20.0,
    "pp_fraction": 0.4,
    "n_train_sentences": 20,
    "training_reps": 3,
    "n_seeds": 5
  },
  "metrics": {
    "object_position": {
      "n400": {
        "gram": {
          "mean": 0.0848,
          "std": 0.012132600710482477,
          "sem": 0.005425863986500213,
          "ci95_lo": 0.07416530658645959,
          "ci95_hi": 0.09543469341354041,
          "min": 0.06800000000000002,
          "max": 0.1,
          "n": 5
        },
        "catviol": {
          "mean": 0.3992,
          "std": 0.042558195450465235,
          "sem": 0.01903260360539251,
          "ci95_lo": 0.36189609693343067,
          "ci95_hi": 0.43650390306656933,
          "min": 0.32799999999999996,
          "max": 0.43199999999999994,
          "n": 5
        },
        "novel": {
          "mean": 0.9952,
          "std": 0.00657267069006206,
          "sem": 0.0029393876913398433,
          "ci95_lo": 0.9894388001249739,
          "ci95_hi": 1.000961199875026,
          "min": 0.9879999999999999,
          "max": 1.0,
          "n": 5
        }
      },
      "p600": {
        "gram": {
          "mean": 0.06039898688067387,
          "std": 0.06999577990170883,
          "sem": 0.031303064399666895,
          "ci95_lo": -0.0009550193426732453,
          "ci95_hi": 0.12175299310402099,
          "min": 0.0,
          "max": 0.17771137482569216,
          "n": 5
        },
        "catviol": {
          "mean": 4.69053066428531,
          "std": 0.05326783743857363,
          "sem": 0.023822101105411782,
          "ci95_lo": 4.643839346118703,
          "ci95_hi": 4.737221982451917,
          "min": 4.602601806234304,
          "max": 4.741346475854666,
          "n": 5
        },
        "novel": {
          "mean": 0.29591797972622824,
          "std": 0.06224981238650213,
          "sem": 0.027838962416565433,
          "ci95_lo": 0.24135361338976,
          "ci95_hi": 0.35048234606269646,
          "min": 0.21092278719397362,
          "max": 0.3576754310571008,
          "n": 5
        }
      },
      "tests": {
        "obj_n400_cv": {
          "t": 13.608477044916318,
          "p": 0.00016882570364502606,
          "d": 6.085895948535669,
          "significant": "True"
        },
        "obj_n400_novel": {
          "t": 151.39726795210925,
          "p": 1.1417020812635395e-08,
          "d": 67.70691654973332,
          "significant": "True"
        },
        "obj_p600_cv": {
          "t": 144.2687312503523,
          "p": 1.3845967453393549e-08,
          "d": 64.51893802068717,
          "significant": "True"
        },
        "obj_p600_novel": {
          "t": 6.56882254335119,
          "p": 0.0027791576832439497,
          "d": 2.9376667478132643,
          "significant": "True"
        }
      },
      "double_dissociation": {
        "novel_n400": 0.9104,
        "novel_p600": 0.2355189928455544,
        "catviol_n400": 0.3144,
        "catviol_p600": 4.630131677404636
      }
    },
    "pp_object_position": {
      "n400": {
        "gram": {
          "mean": 0.0832,
          "std": 0.039537324138085,
          "sem": 0.01768162888424027,
          "ci95_lo": 0.04854400738688907,
          "ci95_hi": 0.11785599261311092,
          "min": 0.03600000000000003,
          "max": 0.128,
          "n": 5
        },
        "catviol": {
          "mean": 0.4184,
          "std": 0.09258941624181462,
          "sem": 0.04140724574274412,
          "ci95_lo": 0.3372417983442215,
          "ci95_hi": 0.49955820165577847,
          "min": 0.332,
          "max": 0.552,
          "n": 5
        },
        "novel": {
          "mean": 0.9975999999999999,
          "std": 0.00536656314599955,
          "sem": 0.002400000000000024,
          "ci95_lo": 0.9928959999999999,
          "ci95_hi": 1.002304,
          "min": 0.9879999999999999,
          "max": 1.0,
          "n": 5
        }
      },
      "p600": {
        "gram": {
          "mean": 0.03589743589743587,
          "std": 0.03792036386753071,
          "sem": 0.0169585022678651,
          "ci95_lo": 0.002658771452420272,
          "ci95_hi": 0.06913610034245146,
          "min": 0.0,
          "max": 0.09321266968325785,
          "n": 5
        },
        "catviol": {
          "mean": 4.843550062624459,
          "std": 0.2621250940060431,
          "sem": 0.117225905761207,
          "ci95_lo": 4.613787287332493,
          "ci95_hi": 5.073312837916425,
          "min": 4.4483247755775945,
          "max": 5.137279605815628,
          "n": 5
        },
        "novel": {
          "mean": 0.7477787333719653,
          "std": 0.21382481907926634,
          "sem": 0.0956253661475667,
          "ci95_lo": 0.5603530157227345,
          "ci95_hi": 0.9352044510211961,
          "min": 0.548915652630823,
          "max": 1.078370679988142,
          "n": 5
        }
      },
      "tests": {
        "pp_n400_cv": {
          "t": 7.019006448378551,
          "p": 0.0021699630595850097,
          "d": 3.138995110616762,
          "significant": "True"
        },
        "pp_n400_novel": {
          "t": 55.024465221256726,
          "p": 6.530888388929831e-07,
          "d": 24.607688932060608,
          "significant": "True"
        },
        "pp_p600_cv": {
          "t": 43.9412043410709,
          "p": 1.603856114144477e-06,
          "d": 19.651103983968678,
          "significant": "True"
        },
        "pp_p600_novel": {
          "t": 6.811293156972945,
          "p": 0.002428104684864326,
          "d": 3.04610290273413,
          "significant": "True"
        }
      }
    },
    "prep_position": {
      "n400_expected": {
        "mean": 0.10400000000000001,
        "std": 0.029933259094191516,
        "sem": 0.013386560424545202,
        "ci95_lo": 0.07776234156789141,
        "ci95_hi": 0.1302376584321086,
        "min": 0.06400000000000003,
        "max": 0.144,
        "n": 5
      },
      "n400_unexpected": {
        "mean": 0.4008,
        "std": 0.040338567153531873,
        "sem": 0.018039955654047493,
        "ci95_lo": 0.3654416869180669,
        "ci95_hi": 0.4361583130819331,
        "min": 0.33599999999999997,
        "max": 0.44399999999999995,
        "n": 5
      },
      "test": {
        "t": 17.049589143680887,
        "p": 6.940656179721681e-05,
        "d": 7.624808062742578,
        "significant": "True"
      }
    }
  },
  "raw_data": {},
  "success": true,
  "error_message": null,
  "duration_seconds": 8.740335499984212
}