{
  "experiment_name": "variable_length",
  "timestamp": "2026-02-22T01:59:45.720068",
  "parameters": {
    "n": 5000,
    "k": 50,
    "p": 0.05,
    "beta": 0.1,
    "w_max": 20.0,
    "pp_fraction": 0.4,
    "n_train_sentences": 20,
    "training_reps": 3,
    "n_seeds": 5
  },
  "metrics": {
    "object_position": {
      "n400": {
        "gram": {
          "mean": 0.08,
          "std": 0.0174355957741627,
          "sem": 0.007797435475847173,
          "ci95_lo": 0.06471702646733954,
          "ci95_hi": 0.09528297353266046,
          "min": 0.06399999999999999,
          "max": 0.10800000000000001,
          "n": 5
        },
        "catviol": {
          "mean": 0.3976,
          "std": 0.054007406899424466,
          "sem": 0.02415284662312085,
          "ci95_lo": 0.3502604206186831,
          "ci95_hi": 0.4449395793813169,
          "min": 0.33199999999999996,
          "max": 0.472,
          "n": 5
        },
        "novel": {
          "mean": 0.9895999999999999,
          "std": 0.011523888232710408,
          "sem": 0.005153639490690077,
          "ci95_lo": 0.9794988665982474,
          "ci95_hi": 0.9997011334017525,
          "min": 0.9719999999999999,
          "max": 1.0,
          "n": 5
        }
      },
      "p600": {
        "gram": {
          "mean": 0.07324625060474113,
          "std": 0.047186802351324615,
          "sem": 0.02110257953968175,
          "ci95_lo": 0.0318851947069649,
          "ci95_hi": 0.11460730650251735,
          "min": 0.01568627450980391,
          "max": 0.13242835595776764,
          "n": 5
        },
        "catviol": {
          "mean": 4.800174854634808,
          "std": 0.4731178040386289,
          "sem": 0.21158471423915975,
          "ci95_lo": 4.385468814726055,
          "ci95_hi": 5.214880894543562,
          "min": 4.115398924683722,
          "max": 5.287478710386184,
          "n": 5
        },
        "novel": {
          "mean": 0.2903783939796478,
          "std": 0.045464285909366055,
          "sem": 0.020332246768365668,
          "ci95_lo": 0.2505271903136511,
          "ci95_hi": 0.3302295976456445,
          "min": 0.24231010671688633,
          "max": 0.34813021253699217,
          "n": 5
        }
      },
      "tests": {
        "obj_n400_cv": {
          "t": 11.359096030402966,
          "p": 0.0003425025246975758,
          "d": 5.07994217738581,
          "significant": "True"
        },
        "obj_n400_novel": {
          "t": 101.09163064547536,
          "p": 5.741259608971197e-08,
          "d": 45.20955161591677,
          "significant": "True"
        },
        "obj_p600_cv": {
          "t": 21.63462057882325,
          "p": 2.700185044754571e-05,
          "d": 9.675296456332925,
          "significant": "True"
        },
        "obj_p600_novel": {
          "t": 6.276855621834522,
          "p": 0.0032888956440909043,
          "d": 2.807095171074741,
          "significant": "True"
        }
      },
      "double_dissociation": {
        "novel_n400": 0.9096,
        "novel_p600": 0.2171321433749067,
        "catviol_n400": 0.3176,
        "catviol_p600": 4.726928604030067
      }
    },
    "pp_object_position": {
      "n400": {
        "gram": {
          "mean": 0.08800000000000001,
          "std": 0.02683281572999747,
          "sem": 0.011999999999999997,
          "ci95_lo": 0.06448000000000001,
          "ci95_hi": 0.11152000000000001,
          "min": 0.06000000000000001,
          "max": 0.12,
          "n": 5
        },
        "catviol": {
          "mean": 0.4312,
          "std": 0.13417600381588357,
          "sem": 0.060005333096317365,
          "ci95_lo": 0.313589547131218,
          "ci95_hi": 0.548810452868782,
          "min": 0.312,
          "max": 0.628,
          "n": 5
        },
        "novel": {
          "mean": 0.992,
          "std": 0.00748331477354792,
          "sem": 0.0033466401061363186,
          "ci95_lo": 0.9854405853919728,
          "ci95_hi": 0.9985594146080272,
          "min": 0.984,
          "max": 1.0,
          "n": 5
        }
      },
      "p600": {
        "gram": {
          "mean": 0.05471109972774788,
          "std": 0.061682866128387706,
          "sem": 0.027585416342018835,
          "ci95_lo": 0.0006436836973909635,
          "ci95_hi": 0.1087785157581048,
          "min": 0.007843137254901955,
          "max": 0.15014276634698384,
          "n": 5
        },
        "catviol": {
          "mean": 5.225619940062387,
          "std": 0.3084193321855317,
          "sem": 0.13792931846838752,
          "ci95_lo": 4.955278475864348,
          "ci95_hi": 5.495961404260426,
          "min": 4.707703463810303,
          "max": 5.51650982507803,
          "n": 5
        },
        "novel": {
          "mean": 0.5824874823409638,
          "std": 0.09123761247464546,
          "sem": 0.04080270071961801,
          "ci95_lo": 0.5025141889305125,
          "ci95_hi": 0.6624607757514152,
          "min": 0.47462926276485595,
          "max": 0.6902778160484463,
          "n": 5
        }
      },
      "tests": {
        "pp_n400_cv": {
          "t": 5.287238146522729,
          "p": 0.006139956421089168,
          "d": 2.3645247817709634,
          "significant": "True"
        },
        "pp_n400_novel": {
          "t": 76.62117590915179,
          "p": 1.738853490069617e-07,
          "d": 34.26603156976653,
          "significant": "True"
        },
        "pp_p600_cv": {
          "t": 40.68482801869419,
          "p": 2.181092982405103e-06,
          "d": 18.19480822053766,
          "significant": "True"
        },
        "pp_p600_novel": {
          "t": 26.464305738685788,
          "p": 1.211675944458573e-05,
          "d": 11.83519732180784,
          "significant": "True"
        }
      }
    },
    "prep_position": {
      "n400_expected": {
        "mean": 0.10640000000000001,
        "std": 0.03118974190338867,
        "sem": 0.013948476619330148,
        "ci95_lo": 0.07906098582611293,
        "ci95_hi": 0.1337390141738871,
        "min": 0.06400000000000003,
        "max": 0.144,
        "n": 5
      },
      "n400_unexpected": {
        "mean": 0.3999999999999999,
        "std": 0.05176871642217914,
        "sem": 0.02315167380558045,
        "ci95_lo": 0.3546227193410622,
        "ci95_hi": 0.4453772806589376,
        "min": 0.33599999999999997,
        "max": 0.472,
        "n": 5
      },
      "test": {
        "t": 12.413960178873399,
        "p": 0.00024207614142104998,
        "d": 5.5516917659872735,
        "significant": "True"
      }
    }
  },
  "raw_data": {},
  "success": true,
  "error_message": null,
  "duration_seconds": 10.06429140002001
}