{
  "experiment_name": "vocabulary_scaling",
  "timestamp": "2026-02-22T05:18:25.444551",
  "parameters": {
    "n": 5000,
    "k": 50,
    "p": 0.05,
    "beta": 0.1,
    "noun_counts": [
      5,
      10,
      20
    ],
    "sents_per_noun": 10,
    "n_seeds": 3
  },
  "metrics": {
    "scales": {
      "5": {
        "pairwise_overlap": {
          "mean": 0.9279999999999999,
          "std": 0.0642806347199529,
          "sem": 0.037112441759244816,
          "ci95_lo": 0.8552596141518801,
          "ci95_hi": 1.0007403858481199,
          "min": 0.8539999999999999,
          "max": 0.97,
          "n": 3
        },
        "n400_d": {
          "mean": 5.601430574343578,
          "std": 6.032534057818481,
          "sem": 3.4828851621770855,
          "ci95_lo": -1.2250243435235095,
          "ci95_hi": 12.427885492210665,
          "min": 0.049710860855402314,
          "max": 12.020815280171309,
          "n": 3
        },
        "p600_d": {
          "mean": 2.1582688418417857,
          "std": 0.35672999072001604,
          "sem": 0.20595815617021399,
          "ci95_lo": 1.7545908557481664,
          "ci95_hi": 2.561946827935405,
          "min": 1.889418786663668,
          "max": 2.562964145547448,
          "n": 3
        },
        "n_train": 50
      },
      "10": {
        "pairwise_overlap": {
          "mean": 0.8961481481481481,
          "std": 0.017690526631796218,
          "sem": 0.01021363031297379,
          "ci95_lo": 0.8761294327347195,
          "ci95_hi": 0.9161668635615767,
          "min": 0.8764444444444444,
          "max": 0.9106666666666667,
          "n": 3
        },
        "n400_d": {
          "mean": 17.878052768515378,
          "std": 13.138276690552178,
          "sem": 7.585387583978086,
          "ci95_lo": 3.01069310391833,
          "ci95_hi": 32.74541243311243,
          "min": 6.091218365521839,
          "max": 32.04293994002429,
          "n": 3
        },
        "p600_d": {
          "mean": 7.439966836929088,
          "std": 2.1843259708067873,
          "sem": 1.2611211872431893,
          "ci95_lo": 4.968169309932437,
          "ci95_hi": 9.91176436392574,
          "min": 4.982142757427577,
          "max": 9.1593944650233,
          "n": 3
        },
        "n_train": 100
      },
      "20": {
        "pairwise_overlap": {
          "mean": 0.8232631578947367,
          "std": 0.03363170249544885,
          "sem": 0.0194172724890528,
          "ci95_lo": 0.7852053038161932,
          "ci95_hi": 0.8613210119732801,
          "min": 0.799157894736842,
          "max": 0.8616842105263156,
          "n": 3
        },
        "n400_d": {
          "mean": 9.786392215497196,
          "std": 4.934810119477267,
          "sem": 2.8491139508798895,
          "ci95_lo": 4.202128871772613,
          "ci95_hi": 15.37065555922178,
          "min": 6.159075460352454,
          "max": 15.405872552079199,
          "n": 3
        },
        "p600_d": {
          "mean": 5.38449741851706,
          "std": 1.1108146413423359,
          "sem": 0.6413291321987753,
          "ci95_lo": 4.127492319407461,
          "ci95_hi": 6.641502517626659,
          "min": 4.590988922529121,
          "max": 6.653987232141719,
          "n": 3
        },
        "n_train": 200
      }
    },
    "critical_p600_scale": null,
    "hypotheses": {
      "H1_overlap_below_05": false,
      "H2_prediction_robust": true,
      "H3_binding_breakdown": false,
      "H4_sublinear_training": true
    }
  },
  "raw_data": {},
  "success": true,
  "error_message": null,
  "duration_seconds": 20.05489899998065
}