{
  "experiment_name": "freeform_rc",
  "timestamp": "2026-02-23T00:00:19.820864",
  "parameters": {
    "n": 5000,
    "k": 50,
    "p": 0.05,
    "beta": 0.15,
    "n_core_areas": 5,
    "core_refractory_period": 3,
    "n_struct_areas": 15,
    "n_train_sentences": 200,
    "warmup_adj_sentences": 20,
    "warmup_rc_sentences": 30,
    "rc_prob": 0.5,
    "pp_prob": 0.0,
    "n_seeds": 3,
    "quick": true
  },
  "metrics": {
    "stability_mean": 0.782962962962963,
    "stability_se": 0.03314969994298617,
    "n400_d_mean": 1.7711008916939743,
    "n400_d_se": 0.20474810094193027,
    "binding_mean": 0.9962962962962963,
    "binding_se": 0.0018518518518518823,
    "novel_d_mean": 1.5139845970123844,
    "novel_d_se": 0.20669771681113483,
    "prediction_improved_count": 1,
    "category_accuracy_mean": 1.0,
    "category_accuracy_se": 0.0,
    "n_words": 18,
    "H1_stability": false,
    "H2_n400_separation": true,
    "H3_binding": true,
    "H4_prediction_improves": false,
    "H5_novel_generalization": true,
    "H6_category_accuracy": true
  },
  "raw_data": {
    "trials": [
      {
        "seed": 1,
        "n_words": 18,
        "stability": 0.8155555555555556,
        "n400_d": 1.6259352261337228,
        "binding": 1.0,
        "prediction_improved": false,
        "novel_d": 1.3791310529622571,
        "category_accuracy": 1.0,
        "category_correct": 18,
        "category_total": 18,
        "category_misrouted": [],
        "checkpoints": [
          {
            "sentence": 50,
            "n400_sep": 0.13433333333333342,
            "stability": 0.884,
            "binding": 0.9400000000000001
          },
          {
            "sentence": 100,
            "n400_sep": 0.1725151515151515,
            "stability": 0.868,
            "binding": 1.0
          },
          {
            "sentence": 150,
            "n400_sep": 0.14457575757575736,
            "stability": 0.866,
            "binding": 1.0
          },
          {
            "sentence": 200,
            "n400_sep": 0.1160606060606062,
            "stability": 0.8080000000000002,
            "binding": 1.0
          }
        ],
        "word_assignments": {
          "a": "CORE_0",
          "big": "CORE_1",
          "bird": "CORE_2",
          "boy": "CORE_2",
          "cat": "CORE_2",
          "chases": "CORE_3",
          "dog": "CORE_2",
          "eats": "CORE_3",
          "fast": "CORE_1",
          "finds": "CORE_3",
          "girl": "CORE_2",
          "hits": "CORE_3",
          "old": "CORE_1",
          "sees": "CORE_3",
          "small": "CORE_1",
          "that": "CORE_4",
          "the": "CORE_0",
          "young": "CORE_1"
        },
        "words_per_core_area": {
          "CORE_3": 5,
          "CORE_1": 5,
          "CORE_2": 5,
          "CORE_4": 1,
          "CORE_0": 2
        }
      },
      {
        "seed": 2,
        "n_words": 18,
        "stability": 0.7166666666666666,
        "n400_d": 2.175286727588996,
        "binding": 0.9944444444444444,
        "prediction_improved": false,
        "novel_d": 1.919838214378725,
        "category_accuracy": 1.0,
        "category_correct": 18,
        "category_total": 18,
        "category_misrouted": [],
        "checkpoints": [
          {
            "sentence": 50,
            "n400_sep": 0.22599999999999987,
            "stability": 0.77,
            "binding": 1.0
          },
          {
            "sentence": 100,
            "n400_sep": 0.22972727272727267,
            "stability": 0.652,
            "binding": 1.0
          },
          {
            "sentence": 150,
            "n400_sep": 0.18412121212121224,
            "stability": 0.638,
            "binding": 0.9800000000000001
          },
          {
            "sentence": 200,
            "n400_sep": 0.206090909090909,
            "stability": 0.632,
            "binding": 1.0
          }
        ],
        "word_assignments": {
          "a": "CORE_0",
          "big": "CORE_1",
          "bird": "CORE_2",
          "boy": "CORE_2",
          "cat": "CORE_2",
          "chases": "CORE_3",
          "dog": "CORE_2",
          "eats": "CORE_3",
          "fast": "CORE_1",
          "finds": "CORE_3",
          "girl": "CORE_2",
          "hits": "CORE_3",
          "old": "CORE_1",
          "sees": "CORE_3",
          "small": "CORE_1",
          "that": "CORE_4",
          "the": "CORE_0",
          "young": "CORE_1"
        },
        "words_per_core_area": {
          "CORE_3": 5,
          "CORE_2": 5,
          "CORE_4": 1,
          "CORE_1": 5,
          "CORE_0": 2
        }
      },
      {
        "seed": 3,
        "n_words": 18,
        "stability": 0.8166666666666668,
        "n400_d": 1.512080721359205,
        "binding": 0.9944444444444444,
        "prediction_improved": true,
        "novel_d": 1.2429845236961712,
        "category_accuracy": 1.0,
        "category_correct": 18,
        "category_total": 18,
        "category_misrouted": [],
        "checkpoints": [
          {
            "sentence": 50,
            "n400_sep": 0.1518484848484848,
            "stability": 0.9,
            "binding": 1.0
          },
          {
            "sentence": 100,
            "n400_sep": 0.10215151515151522,
            "stability": 0.8460000000000001,
            "binding": 0.96
          },
          {
            "sentence": 150,
            "n400_sep": 0.17160606060606065,
            "stability": 0.82,
            "binding": 1.0
          },
          {
            "sentence": 200,
            "n400_sep": 0.1602424242424242,
            "stability": 0.8139999999999998,
            "binding": 0.9800000000000001
          }
        ],
        "word_assignments": {
          "a": "CORE_0",
          "big": "CORE_1",
          "bird": "CORE_2",
          "boy": "CORE_2",
          "cat": "CORE_2",
          "chases": "CORE_3",
          "dog": "CORE_2",
          "eats": "CORE_3",
          "fast": "CORE_1",
          "finds": "CORE_3",
          "girl": "CORE_2",
          "hits": "CORE_3",
          "old": "CORE_1",
          "sees": "CORE_3",
          "small": "CORE_1",
          "that": "CORE_4",
          "the": "CORE_0",
          "young": "CORE_1"
        },
        "words_per_core_area": {
          "CORE_3": 5,
          "CORE_2": 5,
          "CORE_4": 1,
          "CORE_1": 5,
          "CORE_0": 2
        }
      }
    ]
  },
  "success": true,
  "error_message": null,
  "duration_seconds": 113.69026139999914
}